UNITID,INSTNM,CITY,STABBR,REGION,CONTROL,PREDDEG,HIGHDEG,LOCALE,HBCU,UGDS,ADM_RATE,SAT_AVG,COSTT4_A,TUITIONFEE_IN,TUITIONFEE_OUT,C150_4,RET_FT4,PCTPELL,PCTFLOAN,DEBT_MDN,MD_EARN_WNE_P10,UGDS_WOMEN
100654,Alabama A & M University,Normal,AL,5,1,3,4,12.0,1.0,6124.0,0.5795,938.0,27153.0,10024.0,18634.0,0.2403,0.6989,0.6298,0.7454,16600,40628.0,0.5779
100663,University of Alabama at Birmingham,Birmingham,AL,5,1,3,4,12.0,0.0,11635.0,0.8818,1258.0,28145.0,9098.0,22562.0,0.6423,0.8009,0.3402,0.4027,15832,54501.0,0.632
100690,Amridge University,Montgomery,AL,5,2,3,4,12.0,0.0,241.0,,,,7590.0,7590.0,1.0,,0.7655,0.8097,13385,37621.0,0.6556
100706,University of Alabama in Huntsville,Huntsville,AL,5,1,3,4,12.0,0.0,6591.0,0.6857,1319.0,27392.0,12132.0,26408.0,0.6429,0.8425,0.2464,0.3255,13905,61767.0,0.3905
100724,Alabama State University,Montgomery,AL,5,1,3,4,12.0,1.0,3477.0,0.9755,976.0,23586.0,11248.0,19576.0,0.3034,0.6975,0.7134,0.742,17500,34502.0,0.6347
100751,The University of Alabama,Tuscaloosa,AL,5,1,3,4,12.0,0.0,33227.0,0.7665,1285.0,33382.0,12180.0,34172.0,0.7337,0.8949,0.184,0.3239,17986,59221.0,0.562
100760,Central Alabama Community College,Alexander City,AL,5,1,1,2,32.0,0.0,1203.0,,,21413.0,5110.0,8980.0,,,0.3183,0.1696,5500,33506.0,0.6608
100812,Athens State University,Athens,AL,5,1,3,4,31.0,0.0,2446.0,,,,,,,,0.4251,0.4085,14861,50273.0,0.7261
100830,Auburn University at Montgomery,Montgomery,AL,5,1,3,4,12.0,0.0,2542.0,0.9157,1093.0,21353.0,9700.0,20668.0,0.326,0.6757,0.4235,0.4247,13119,44391.0,0.6554
100858,Auburn University,Auburn,AL,5,1,3,4,13.0,0.0,26816.0,0.4592,1345.0,34919.0,12890.0,34922.0,0.8195,0.9478,0.1253,0.2616,17750,65337.0,0.5057
101028,Chattahoochee Valley Community College,Phenix City,AL,5,1,2,2,21.0,0.0,1110.0,,,12600.0,5100.0,8970.0,,,0.4025,0.2605,5900,36438.0,0.6919
101116,South University-Montgomery,Montgomery,AL,5,3,3,4,12.0,0.0,299.0,,,34793.0,18145.0,18145.0,0.0909,0.6154,0.6556,0.6954,13000,34421.0,0.8127
101143,Enterprise State Community College,Enterprise,AL,5,1,2,2,32.0,0.0,1585.0,,,19956.0,5100.0,8970.0,,,0.3496,0.1882,5500,42572.0,0.5054
101161,Coastal Alabama Community College,Bay Minette,AL,5,1,1,2,32.0,0.0,4798.0,,,20605.0,5040.0,8910.0,,,0.3567,0.6436,5500,34894.0,0.654
101189,Faulkner University,Montgomery,AL,5,2,3,4,12.0,0.0,1549.0,0.7307,1020.0,37626.0,23920.0,23920.0,0.374,0.6447,0.4562,0.5583,15000,43457.0,0.5578
101240,Gadsden State Community College,Gadsden,AL,5,1,1,2,13.0,1.0,3548.0,,,10189.0,4272.0,7368.0,,,0.4634,0.0,PS,32937.0,0.6412
101277,New Beginning College of Cosmetology,Albertville,AL,5,3,1,1,32.0,0.0,81.0,,,,,,,,0.6667,0.7222,6100,,1.0
101286,George C Wallace Community College-Dothan,Dothan,AL,5,1,1,2,13.0,0.0,3017.0,,,9308.0,4980.0,8850.0,,,0.4706,0.0,PS,31399.0,0.7222
101295,George C Wallace State Community College-Hanceville,Hanceville,AL,5,1,1,2,42.0,0.0,4423.0,,,19008.0,5220.0,9090.0,,,0.346,0.1836,8200,39842.0,0.6894
101301,George C Wallace State Community College-Selma,Selma,AL,5,1,1,2,32.0,0.0,855.0,,,19175.0,4740.0,8610.0,,,0.3773,0.0,PS,31598.0,0.6608
101365,Herzing University-Birmingham,Birmingham,AL,5,2,2,3,21.0,0.0,442.0,0.9326,,27750.0,13450.0,13450.0,0.125,0.6667,0.6771,0.8027,11756,36909.0,0.8959
101435,Huntingdon College,Montgomery,AL,5,2,3,4,12.0,0.0,879.0,0.6949,1142.0,40908.0,29070.0,29070.0,0.4798,0.6699,0.4007,0.7067,20000,49601.0,0.4403
101453,Heritage Christian University,Florence,AL,5,2,3,4,13.0,0.0,75.0,0.9,1020.0,20909.0,11982.0,11982.0,0.6667,0.0,0.3571,0.0857,PS,42597.0,0.1333
101462,J. F. Drake State Community and Technical College,Huntsville,AL,5,1,1,2,12.0,1.0,755.0,,,14456.0,5190.0,9060.0,,,0.4431,0.0,PS,28281.0,0.6636
101471,J F Ingram State Technical College,Deatsville,AL,5,1,1,1,41.0,0.0,960.0,,,,6084.0,6084.0,,,0.0,0.0,PS,,0.099
101480,Jacksonville State University,Jacksonville,AL,5,1,3,4,23.0,0.0,7036.0,0.7769,1059.0,24257.0,12894.0,23334.0,0.5472,0.6457,0.426,0.4422,14000,45235.0,0.5938
101505,Jefferson State Community College,Birmingham,AL,5,1,2,2,12.0,0.0,5470.0,,,14814.0,5100.0,8970.0,,,0.3483,0.2902,4500,40719.0,0.6534
101514,John C Calhoun State Community College,Tanner,AL,5,1,1,2,13.0,0.0,7070.0,,,13073.0,5120.0,8990.0,,,0.3041,0.1794,6010,38192.0,0.5686
101569,Lawson State Community College,Birmingham,AL,5,1,2,2,12.0,1.0,2900.0,,,14895.0,5040.0,8910.0,,,0.5991,0.0,PS,31701.0,0.6545
101587,University of West Alabama,Livingston,AL,5,1,3,4,43.0,0.0,2974.0,0.4265,1015.0,22758.0,10990.0,20090.0,0.347,0.6488,0.5817,0.6573,13000,44232.0,0.7142
101602,Lurleen B Wallace Community College,Andalusia,AL,5,1,2,2,41.0,0.0,1097.0,,,12392.0,5190.0,9060.0,,,0.3183,0.0,PS,32307.0,0.649
101648,Marion Military Institute,Marion,AL,5,1,2,2,43.0,0.0,329.0,0.9703,1068.0,18743.0,9538.0,15538.0,,,0.5357,0.3831,5500,59644.0,0.2918
101675,Miles College,Fairfield,AL,5,2,3,3,21.0,1.0,1155.0,,,21154.0,13314.0,13314.0,0.158,0.5625,0.7194,0.7289,15691,32627.0,0.4831
101693,University of Mobile,Mobile,AL,5,2,3,4,41.0,0.0,1307.0,0.7789,1220.0,41115.0,26910.0,26910.0,0.5685,0.7396,0.2565,0.3679,19000,43611.0,0.6083
101709,University of Montevallo,Montevallo,AL,5,1,3,4,31.0,0.0,2151.0,0.5385,,27398.0,13948.0,26968.0,0.541,0.7275,0.3238,0.4145,16000,42957.0,0.5946
101736,Northwest Shoals Community College,Muscle Shoals,AL,5,1,1,2,13.0,0.0,1969.0,,,11340.0,5131.0,9001.0,,,0.2669,0.2425,5500,33828.0,0.6486
101879,University of North Alabama,Florence,AL,5,1,3,4,13.0,0.0,5811.0,0.8731,,23786.0,12120.0,22320.0,0.5491,0.7969,0.2435,0.323,15781,45415.0,0.6159
101897,Northeast Alabama Community College,Rainsville,AL,5,1,1,2,42.0,0.0,1629.0,,,11620.0,5040.0,8910.0,,,0.3418,0.1194,4400,34913.0,0.6415
101912,Oakwood University,Huntsville,AL,5,2,3,4,12.0,1.0,1153.0,0.4522,,40176.0,22512.0,22512.0,0.4462,0.7113,0.4437,0.5691,21500,42488.0,0.5629
101994,Reid State Technical College,Evergreen,AL,5,1,1,2,43.0,0.0,416.0,,,10739.0,5454.0,9324.0,,,0.5,0.0,PS,28982.0,0.5745
102030,Bishop State Community College,Mobile,AL,5,1,1,2,12.0,1.0,2437.0,,,13085.0,5340.0,9210.0,,,0.3941,0.0,PS,29916.0,0.6697
102049,Samford University,Birmingham,AL,5,2,3,4,21.0,0.0,4206.0,0.8236,1201.0,57456.0,40150.0,40150.0,0.7704,0.9287,0.1109,0.2688,15750,58469.0,0.6507
102058,Selma University,Selma,AL,5,2,3,0,32.0,1.0,32.0,,,,4800.0,4800.0,0.06,0.6667,0.0,0.0,,,0.5
102067,Shelton State Community College,Tuscaloosa,AL,5,1,1,2,12.0,1.0,3148.0,,,20350.0,5127.0,8997.0,,,0.4305,0.0,PS,35014.0,0.5896
102076,Snead State Community College,Boaz,AL,5,1,1,2,32.0,0.0,1427.0,,,11220.0,5278.0,9664.0,,,0.3094,0.1005,6450,35735.0,0.6146
102094,University of South Alabama,Mobile,AL,5,1,3,4,12.0,0.0,8879.0,0.7096,1147.0,25476.0,10116.0,19092.0,0.5267,0.7574,0.3796,0.4733,17750,49379.0,0.6177
102234,Spring Hill College,Mobile,AL,5,2,3,4,12.0,0.0,782.0,0.7657,1120.0,39936.0,24054.0,24054.0,0.521,0.7023,0.3161,0.4383,21500,51500.0,0.5716
102270,Stillman College,Tuscaloosa,AL,5,2,3,3,12.0,1.0,706.0,0.6225,,26107.0,12126.0,12126.0,0.25,0.5281,0.763,0.6736,16000,35421.0,0.5751
102298,Talladega College,Talladega,AL,5,2,3,4,32.0,1.0,701.0,0.8542,,25185.0,15650.0,15650.0,0.3091,0.5441,0.6662,0.6355,15000,32229.0,0.4051
102313,H Councill Trenholm State Community College,Montgomery,AL,5,1,1,2,12.0,1.0,1674.0,,,16971.0,5190.0,9060.0,,,0.6371,0.0,PS,32183.0,0.6553
102368,Troy University,Troy,AL,5,1,3,4,33.0,0.0,9805.0,0.9604,1088.0,23165.0,10176.0,20352.0,0.503,0.7121,0.4282,0.6679,15985,42062.0,0.639
102377,Tuskegee University,Tuskegee,AL,5,2,3,4,32.0,1.0,2630.0,0.4868,1120.0,43454.0,25386.0,25386.0,0.5498,0.8068,0.5767,0.5913,21250,49641.0,0.6213
102395,United States Sports University,Daphne,AL,5,2,3,4,13.0,0.0,228.0,0.6137,,32606.0,13800.0,13800.0,,0.4286,0.4462,0.5154,10976,55257.0,0.2719
102429,Bevill State Community College,Jasper,AL,5,1,1,2,32.0,0.0,2177.0,,,13827.0,4734.0,8346.0,,,0.2983,0.0,PS,34107.0,0.6514
102553,University of Alaska Anchorage,Anchorage,AK,8,1,3,4,11.0,0.0,7212.0,,,24096.0,7738.0,21322.0,0.2971,0.7068,0.1846,0.1376,11231,51871.0,0.5901
102580,Alaska Bible College,Palmer,AK,8,2,3,3,23.0,0.0,24.0,,,28903.0,9730.0,9730.0,0.375,1.0,0.3284,0.0597,PS,,0.375
102614,University of Alaska Fairbanks,Fairbanks,AK,8,1,3,4,13.0,0.0,4207.0,,,22407.0,8736.0,22320.0,0.3801,0.7406,0.2243,0.1656,11283,48866.0,0.6002
102632,University of Alaska Southeast,Juneau,AK,8,1,1,4,41.0,0.0,907.0,0.6329,,21043.0,7056.0,20640.0,0.2805,0.7647,0.143,0.1144,10500,48475.0,0.6516
102669,Alaska Pacific University,Anchorage,AK,8,2,2,4,11.0,0.0,457.0,0.9645,,34026.0,20760.0,20760.0,0.4722,0.68,0.3204,0.3982,12696,54271.0,0.7637
102711,Alaska Vocational Technical Center,Seward,AK,8,1,1,1,43.0,0.0,107.0,,,,,,,,0.0327,0.0093,5500,51083.0,0.2056
102845,Charter College,Anchorage,AK,8,3,1,3,11.0,0.0,2157.0,,,41344.0,18375.0,18375.0,0.5606,0.25,0.574,0.6728,11884,35504.0,0.6885
103501,Alaska Career College,Anchorage,AK,8,3,1,2,11.0,0.0,250.0,,,,,,,,0.4044,0.2678,7199,34468.0,0.872
103741,Empire Beauty School-Tucson,Tucson,AZ,6,3,1,1,11.0,0.0,203.0,,,,,,,,0.5043,0.4729,8028,25073.0,0.9803
103893,Carrington College-Phoenix North,Phoenix,AZ,6,3,1,2,11.0,0.0,1080.0,,,,,,,,0.5616,0.6258,9298,36718.0,0.5898
103909,Carrington College-Mesa,Mesa,AZ,6,3,1,2,11.0,0.0,528.0,,,,,,,,0.5166,0.6626,9298,36718.0,0.5284
103927,Carrington College-Tucson,Tucson,AZ,6,3,1,2,11.0,0.0,517.0,,,,,,,,0.6547,0.7251,9298,36718.0,0.6132
103963,Miller-Motte College-Arizona Automotive Institute,Glendale,AZ,6,3,1,2,21.0,0.0,689.0,,,,,,,,0.7333,0.6954,10661,31102.0,0.1466
104090,Brookline College-Phoenix,Phoenix,AZ,6,3,2,4,11.0,0.0,712.0,,,,,,0.5288,0.25,0.3587,0.4004,9500,29576.0,0.8876
104151,Arizona State University Campus Immersion,Tempe,AZ,6,1,3,4,12.0,0.0,64674.0,0.8989,,30111.0,12223.0,33139.0,0.6804,0.8664,0.2899,0.2675,13610,62668.0,0.4859
104160,Arizona Western College,Yuma,AZ,6,1,1,2,12.0,0.0,6374.0,,,15868.0,3060.0,9870.0,,,0.4072,0.005,4500,36857.0,0.6092
104179,University of Arizona,Tucson,AZ,6,1,3,4,11.0,0.0,42537.0,0.8614,1246.0,29423.0,13926.0,42278.0,0.6752,0.8278,0.257,0.2552,13750,59979.0,0.5584
104346,Central Arizona College,Coolidge,AZ,6,1,1,2,41.0,0.0,4912.0,,,10720.0,2250.0,4500.0,,,0.2957,0.0292,6157,40513.0,0.6097
104391,Charles of Italy Beauty College,Lake Havasu City,AZ,6,3,1,1,13.0,0.0,76.0,,,,,,,,0.6207,0.6483,7000,26269.0,0.9737
104425,Cochise County Community College District,Sierra Vista,AZ,6,1,2,2,13.0,0.0,3096.0,,,14342.0,2280.0,6120.0,0.3044,,0.3815,0.06,5500,38033.0,0.5375
104443,Empire Beauty School-Chandler,Chandler,AZ,6,3,1,1,11.0,0.0,104.0,,,,,,,,0.619,0.483,7851,23921.0,0.9327
104568,Avalon Institute-Mesa,Mesa,AZ,6,3,1,1,11.0,0.0,298.0,,,,,,,,0.4504,0.6418,6312,30803.0,0.9732
104577,Eastern Arizona College,Thatcher,AZ,6,1,1,2,33.0,0.0,2643.0,,,16696.0,2352.0,9552.0,0.4194,,0.1594,0.0,PS,38018.0,0.5687
104586,Embry-Riddle Aeronautical University-Prescott,Prescott,AZ,6,2,3,4,13.0,0.0,3218.0,0.7658,1250.0,62798.0,44149.0,44149.0,0.6776,0.8216,0.1825,0.3542,14250,84131.0,0.2766
104665,The School of Architecture,Scottsdale,AZ,6,2,4,4,12.0,0.0,,,,,,,,,,,PS,,
104708,Glendale Community College,Glendale,AZ,6,1,1,2,21.0,0.0,11975.0,,,18037.0,2358.0,8958.0,0.1598,,0.2694,0.072,4500,43108.0,0.5742
104717,Grand Canyon University,Phoenix,AZ,6,2,3,4,11.0,0.0,73371.0,0.7891,1077.0,32702.0,17850.0,17850.0,0.4346,0.7205,0.4594,0.5301,12500,42186.0,0.7053
105145,GateWay Community College,Phoenix,AZ,6,1,1,2,11.0,0.0,4538.0,,,19314.0,2358.0,8958.0,0.2881,,0.2754,0.1191,4500,46147.0,0.6895
105154,Mesa Community College,Mesa,AZ,6,1,1,2,11.0,0.0,14460.0,,,18194.0,2358.0,8958.0,0.1564,,0.2097,0.0709,4500,44034.0,0.5485
105206,Mohave Community College,Kingman,AZ,6,1,1,2,41.0,0.0,3216.0,,,11837.0,2208.0,7968.0,,,0.3607,0.0834,8000,35522.0,0.7009
105215,Universal Technical Institute-Phoenix,Avondale,AZ,6,3,1,2,21.0,0.0,527.0,,,,,,,,0.4732,0.5231,10247,48341.0,0.0854
105297,Dine College,Tsaile,AZ,6,1,2,4,43.0,0.0,1375.0,,,11923.0,1410.0,1410.0,0.1259,0.4762,0.4333,0.0,PS,29188.0,0.7345
105330,Northern Arizona University,Flagstaff,AZ,6,1,3,4,13.0,0.0,22903.0,0.8961,,29933.0,13009.0,29881.0,0.6132,0.7548,0.3126,0.3158,12916,54384.0,0.6306
105349,Northland Pioneer College,Holbrook,AZ,6,1,1,3,43.0,0.0,1010.0,,,14263.0,2232.0,10320.0,0.2188,,0.1278,0.0,PS,34199.0,0.6921
105428,Phoenix College,Phoenix,AZ,6,1,1,2,11.0,0.0,8555.0,,,18594.0,2358.0,8958.0,0.1358,,0.2724,0.076,5250,40870.0,0.6473
105525,Pima Community College,Tucson,AZ,6,1,1,2,11.0,0.0,14242.0,,,9851.0,2442.0,7758.0,,,0.3451,0.0865,4500,39810.0,0.5619
105534,Pima Medical Institute-Tucson,Tucson,AZ,6,3,2,4,11.0,0.0,2567.0,,,,,,0.7229,,0.4981,0.5984,9500,38673.0,0.776
105543,Pima Medical Institute-Albuquerque,Albuquerque,NM,6,3,1,2,11.0,0.0,562.0,,,,,,,,0.5881,0.598,5250,30917.0,0.8043
105589,Prescott College,Prescott,AZ,6,2,3,4,13.0,0.0,219.0,0.9451,,48532.0,35685.0,35685.0,0.5556,0.7391,0.4163,0.5175,12500,42359.0,0.7215
105659,Refrigeration School Inc,Phoenix,AZ,6,3,1,2,11.0,0.0,1346.0,,,,,,,,0.6186,0.6858,7917,52953.0,0.1077
105668,Rio Salado College,Tempe,AZ,6,1,1,2,12.0,0.0,11668.0,,,13425.0,2358.0,8958.0,0.0851,,0.0682,0.0396,4375,41015.0,0.6182
105677,Roberto-Venn School of Luthiery,Phoenix,AZ,6,3,1,1,11.0,0.0,21.0,,,,,,,,0.1739,0.2609,7307,35209.0,0.0476
105747,Scottsdale Community College,Scottsdale,AZ,6,1,1,2,41.0,0.0,5377.0,,,19281.0,2358.0,8958.0,0.1732,,0.1434,0.0681,4500,47905.0,0.5767
105792,South Mountain Community College,Phoenix,AZ,6,1,1,2,11.0,0.0,3645.0,,,18898.0,2358.0,8958.0,0.1632,,0.2964,0.0849,4500,39825.0,0.6206
105899,Arizona Christian University,Glendale,AZ,6,2,3,4,21.0,0.0,1165.0,0.7062,,54792.0,35098.0,35098.0,0.3987,0.5372,0.3388,0.7008,6251,51612.0,0.4052
106041,Universal Technical Institute of Arizona Inc,Avondale,AZ,6,3,2,2,21.0,0.0,1957.0,,,,,,,,0.4889,0.585,11183,52873.0,0.0751
106148,Yavapai College,Prescott,AZ,6,1,1,3,13.0,0.0,3988.0,,,14988.0,2948.0,9486.0,0.3353,,0.2097,0.0435,6762,39890.0,0.578
106245,University of Arkansas at Little Rock,Little Rock,AR,5,1,3,4,12.0,0.0,4949.0,0.5878,1049.0,22519.0,9748.0,22158.0,0.4165,0.7647,0.4118,0.3619,14500,45265.0,0.6314
106263,University of Arkansas for Medical Sciences,Little Rock,AR,5,1,3,4,12.0,0.0,1571.0,,,,,,,,0.2775,0.3268,13000,73827.0,0.8472
106306,Arkansas Baptist College,Little Rock,AR,5,2,3,3,12.0,1.0,342.0,,,23060.0,8760.0,8760.0,0.0739,0.234,0.7936,0.807,8250,28418.0,0.2222
106315,Arkansas Beauty School-Little Rock,Little Rock,AR,5,3,1,1,12.0,0.0,106.0,,,,,,,,0.5141,0.9718,6333,18078.0,0.9811
106324,Arkansas Beauty College,Russellville,AR,5,3,1,1,33.0,0.0,61.0,,,,,,,,0.5641,0.5641,7000,16857.0,0.9836
106342,Lyon College,Batesville,AR,5,2,3,3,33.0,0.0,648.0,0.6276,,44978.0,31000.0,31000.0,0.4676,0.7131,0.4061,0.6433,10699,44232.0,0.4367
106351,Arkansas Technical School,North Little Rock,AR,5,3,1,1,13.0,0.0,123.0,,,,,,,,0.6833,0.6667,9833,16209.0,0.4715
106397,University of Arkansas,Fayetteville,AR,5,1,3,4,12.0,0.0,28677.0,0.743,1169.0,27767.0,10104.0,29966.0,0.7052,0.8637,0.1779,0.3329,15749,58191.0,0.5597
106412,University of Arkansas at Pine Bluff,Pine Bluff,AR,5,1,3,4,32.0,1.0,1807.0,0.4118,922.0,21129.0,9412.0,17992.0,0.4043,0.6416,0.695,0.5753,14328,35550.0,0.5584
106449,Arkansas State University-Beebe,Beebe,AR,5,1,1,2,31.0,0.0,1986.0,,,18771.0,3336.0,5232.0,,,0.3505,0.1714,5500,36603.0,0.6682
106458,Arkansas State University,Jonesboro,AR,5,1,3,4,13.0,0.0,9110.0,0.8226,1090.0,25082.0,8090.0,14522.0,0.554,0.7812,0.3838,0.4244,15000,42617.0,0.6347
106467,Arkansas Tech University,Russellville,AR,5,1,1,4,33.0,0.0,5388.0,0.9589,1049.0,22808.0,8674.0,14668.0,0.4856,0.741,0.3389,0.2637,11350,41766.0,0.5831
106485,University of Arkansas at Monticello,Monticello,AR,5,1,1,4,33.0,0.0,1933.0,,,22519.0,9292.0,14857.0,0.4855,0.7222,0.5038,0.3906,11364,36902.0,0.6001
106494,Arthur's Beauty College,Jacksonville,AR,5,3,1,1,21.0,0.0,29.0,,,,,,,,0.6935,0.6452,7931,21954.0,1.0
106546,Baptist Health College Little Rock,Little Rock,AR,5,2,1,2,12.0,0.0,569.0,0.9545,,31961.0,13987.0,13987.0,,,0.4551,0.6094,9500,62244.0,0.8787
106625,Black River Technical College,Pocahontas,AR,5,1,1,2,32.0,0.0,903.0,,,14374.0,4776.0,7488.0,,,0.3731,0.1082,6000,34818.0,0.7076
106704,University of Central Arkansas,Conway,AR,5,1,3,4,13.0,0.0,7762.0,0.8949,1118.0,25029.0,10523.0,18023.0,0.5353,0.7331,0.3798,0.3993,13000,45938.0,0.6229
106713,Central Baptist College,Conway,AR,5,2,3,3,13.0,0.0,484.0,0.6346,1046.0,30605.0,21330.0,21330.0,0.3411,0.6275,0.3982,0.4673,12876,46789.0,0.4442
106795,Cossatot Community College of the University of Arkansas,De Queen,AR,5,1,1,2,33.0,0.0,772.0,,,11538.0,4200.0,5070.0,,,0.3157,0.0,PS,33775.0,0.6308
106810,Crowley's Ridge College,Paragould,AR,5,2,3,3,41.0,0.0,165.0,,,27340.0,16670.0,16670.0,0.3585,0.5385,0.4178,0.5556,13918,39533.0,0.4242
106883,University of Arkansas-East Arkansas Community College,Forrest City,AR,5,1,1,2,32.0,0.0,554.0,,,13240.0,3300.0,4380.0,,,0.252,0.0207,4750,28471.0,0.6751
106908,Paul Mitchell the School-Little Rock,North Little Rock,AR,5,3,1,1,13.0,0.0,360.0,,,,,,,,0.6135,0.6036,9833,24765.0,0.925
106980,National Park College,Hot Springs,AR,5,1,1,2,23.0,0.0,1789.0,,,19331.0,5600.0,7280.0,,,0.4801,0.2197,6250,32444.0,0.64
106999,University of Arkansas Community College-Batesville,Batesville,AR,5,1,1,2,33.0,0.0,751.0,,,15808.0,3630.0,4662.0,,,0.4696,0.1118,7085,33706.0,0.6818
107044,Harding University,Searcy,AR,5,2,3,4,32.0,0.0,3382.0,0.7052,1182.0,39534.0,26262.0,26262.0,0.6879,0.864,0.2381,0.4376,21601,52876.0,0.5378
107071,Henderson State University,Arkadelphia,AR,5,1,3,4,32.0,0.0,1456.0,,,27385.0,8244.0,10620.0,0.3734,0.6173,0.4622,0.4447,12000,43459.0,0.5192
107080,Hendrix College,Conway,AR,5,2,3,4,13.0,0.0,1100.0,0.5565,1282.0,55013.0,38200.0,38200.0,0.7235,0.7964,0.2319,0.4528,19500,60376.0,0.5082
107099,Hot Springs Beauty College,Hot Springs,AR,5,3,1,1,13.0,0.0,86.0,,,,,,,,0.7361,0.5903,8000,21563.0,0.9884
107123,Jefferson Regional School of Nursing,Pine Bluff,AR,5,2,2,2,32.0,0.0,92.0,,,,,,,,0.5446,0.5804,7500,73975.0,0.9022
107141,John Brown University,Siloam Springs,AR,5,2,3,4,32.0,0.0,1471.0,0.7614,1195.0,44710.0,31756.0,31756.0,0.7179,0.8148,0.237,0.3321,17000,53907.0,0.5534
107220,Career Academy of Hair Design,Springdale,AR,5,3,1,1,13.0,0.0,245.0,,,,,,,,0.6913,0.6042,5531,21567.0,0.9796
107293,Academy of Salon and Spa,Fort Smith,AR,5,3,1,1,13.0,0.0,52.0,,,,,,,,0.6638,0.5345,4398,16941.0,0.9808
107318,Arkansas State University Mid-South,West Memphis,AR,5,1,1,2,21.0,0.0,502.0,,,14365.0,3216.0,4824.0,,,0.3105,0.0,PS,31857.0,0.5478
107327,Arkansas Northeastern College,Blytheville,AR,5,1,1,2,33.0,0.0,756.0,,,12094.0,2570.0,4250.0,,,0.2398,0.0,PS,33169.0,0.6825
107442,New Tyler Barber College Inc,North Little Rock,AR,5,3,1,1,13.0,0.0,39.0,,,,,,,,0.8485,0.5,9500,18715.0,0.2821
107460,North Arkansas College,Harrison,AR,5,1,1,2,33.0,0.0,1202.0,,,16846.0,3504.0,5592.0,,,0.3591,0.0756,5928,34653.0,0.6489
107488,Northwest Technical Institute,Springdale,AR,5,1,1,1,13.0,0.0,206.0,,,19487.0,6277.0,6277.0,,,0.788,0.0,PS,41513.0,0.2184
107512,Ouachita Baptist University,Arkadelphia,AR,5,2,3,4,32.0,0.0,1602.0,0.6752,1211.0,47321.0,34500.0,34500.0,0.614,0.8254,0.2341,0.4591,15000,51673.0,0.5537
107521,Arkansas State University Three Rivers,Malvern,AR,5,1,1,2,31.0,0.0,550.0,,,14579.0,3788.0,4388.0,,,0.1415,0.1963,6500,37374.0,0.66
107549,Ozarka College,Melbourne,AR,5,1,1,2,43.0,0.0,575.0,,,12069.0,3820.0,6820.0,,,0.4186,0.1303,7713,29314.0,0.6887
107558,University of the Ozarks,Clarksville,AR,5,2,3,3,33.0,0.0,767.0,0.5951,1105.0,38666.0,25950.0,25950.0,0.5148,0.6862,0.3984,0.4364,11000,44384.0,0.558
107585,University of Arkansas Community College-Morrilton,Morrilton,AR,5,1,1,2,32.0,0.0,1447.0,1.0,1020.0,15362.0,3648.0,4728.0,,,0.3919,0.0989,6300,34924.0,0.6171
107600,Philander Smith University,Little Rock,AR,5,2,3,4,12.0,1.0,751.0,,,28136.0,13014.0,13014.0,0.3038,0.6568,0.6781,0.5755,14750,38427.0,0.5126
107619,Phillips Community College of the University of Arkansas,Helena,AR,5,1,1,2,33.0,0.0,614.0,,,11567.0,3380.0,4550.0,,,0.3437,0.0,3500,29552.0,0.6743
107637,Southeast Arkansas College,Pine Bluff,AR,5,1,1,2,32.0,0.0,851.0,,,22405.0,5200.0,8650.0,,,0.7864,0.4975,6186,33603.0,0.5981
107655,University of Aesthetics & Cosmetology,El Dorado,AR,5,3,1,1,33.0,0.0,42.0,,,,,,,,0.74,0.76,9833,26754.0,1.0
107664,University of Arkansas-Pulaski Technical College,North Little Rock,AR,5,1,1,2,13.0,0.0,4118.0,,,20811.0,6300.0,9450.0,,,0.5562,0.4105,7000,34722.0,0.6741
107725,University of Arkansas Hope-Texarkana,Hope,AR,5,1,1,2,32.0,0.0,583.0,,,16307.0,3880.0,5560.0,,,0.3416,0.0,3500,34162.0,0.6827
107743,University of Arkansas Community College Rich Mountain,Mena,AR,5,1,1,2,33.0,0.0,503.0,,,13096.0,3696.0,4272.0,,,0.3978,0.121,4875,30037.0,0.5606
107789,Paul Mitchell the School-Arkansas,Fayetteville,AR,5,3,1,1,12.0,0.0,99.0,,,,,,,,0.4936,0.5,9753,20077.0,0.9596
107831,Searcy Beauty College,Searcy,AR,5,3,1,1,32.0,0.0,54.0,,,,,,,,0.7386,0.6705,9500,19896.0,0.9815
107840,Shorter College,N Little Rock,AR,5,2,2,2,13.0,1.0,287.0,,,21735.0,6246.0,6246.0,,,0.7483,0.6,22625,,0.561
107877,Williams Baptist University,Walnut Ridge,AR,5,2,3,4,42.0,0.0,478.0,0.8342,980.0,33597.0,21070.0,21070.0,0.2564,0.7015,0.5438,0.4664,9500,38484.0,0.4979
107974,South Arkansas College,El Dorado,AR,5,1,1,2,33.0,0.0,862.0,,,12932.0,3324.0,5532.0,,,0.4109,0.1706,7000,34521.0,0.7564
107983,Southern Arkansas University Main Campus,Magnolia,AR,5,1,3,4,33.0,0.0,2708.0,0.7533,1047.0,24951.0,9960.0,15690.0,0.4882,0.6616,0.482,0.6278,12500,42386.0,0.5846
107992,Southern Arkansas University Tech,Camden,AR,5,1,1,2,42.0,0.0,672.0,,,17294.0,5040.0,6480.0,,,0.4207,0.1044,4500,36376.0,0.561
108065,Velvatex College of Beauty Culture,Little Rock,AR,5,3,1,1,12.0,0.0,8.0,,,,,,,,1.0,0.4737,PS,17412.0,1.0
108092,University of Arkansas-Fort Smith,Fort Smith,AR,5,1,2,4,13.0,0.0,4091.0,0.8046,1050.0,19048.0,7334.0,12182.0,0.3788,0.698,0.391,0.2565,10750,41102.0,0.6216
108232,Academy of Art University,San Francisco,CA,8,3,3,4,11.0,0.0,3587.0,,,48036.0,30736.0,30736.0,0.3432,0.7543,0.4104,0.4949,11000,39008.0,0.5643
108269,Academy of Chinese Culture and Health Sciences,Oakland,CA,8,2,4,4,11.0,0.0,,,,,,,,,,,PS,,
108667,College of Alameda,Alameda,CA,8,1,2,2,21.0,0.0,4487.0,,,18185.0,1258.0,9898.0,,,0.1047,0.0051,9500,42563.0,0.575
108807,Allan Hancock College,Santa Maria,CA,8,1,1,2,12.0,0.0,8052.0,,,13214.0,1156.0,9892.0,,,0.2418,0.007,7888,42786.0,0.542
108861,Berkeley School of Theology,Berkeley,CA,8,2,1,4,12.0,0.0,17.0,0.8889,,,2856.0,2856.0,,,0.0,0.0,PS,,0.5294
108870,American Film Institute Conservatory,Los Angeles,CA,8,2,4,4,11.0,0.0,,,,,,,,,,,PS,,
108977,American Beauty College,West Covina,CA,8,3,1,1,21.0,0.0,334.0,,,,,,,,0.6853,0.5901,4923,22481.0,0.8653
109040,American Career College-Los Angeles,Los Angeles,CA,8,3,1,2,11.0,0.0,2168.0,,,,,,,,0.6254,0.6278,9500,38430.0,0.7597
109208,American River College,Sacramento,CA,8,1,2,2,21.0,0.0,25621.0,,,16384.0,1288.0,12616.0,,,0.2109,0.0293,9354,40162.0,0.4758
109350,Antelope Valley Community College District,Lancaster,CA,8,1,2,3,21.0,0.0,11534.0,,,12931.0,1124.0,9548.0,0.3438,,0.4186,0.0366,8619,36526.0,0.5588
109651,Art Center College of Design,Pasadena,CA,8,2,3,4,12.0,0.0,2017.0,0.7454,,75649.0,54170.0,54170.0,0.7917,0.8594,0.216,0.3295,26000,71958.0,0.5969
109721,Associated Technical College-Los Angeles,Los Angeles,CA,8,3,1,1,11.0,0.0,315.0,,,,,,,,1.0,0.2523,9500,24368.0,0.7397
109785,Azusa Pacific University,Azusa,CA,8,2,3,4,21.0,0.0,2759.0,0.8843,1195.0,56313.0,44458.0,44458.0,0.6179,0.8402,0.3515,0.4776,19710,66677.0,0.6763
109819,Bakersfield College,Bakersfield,CA,8,1,2,3,11.0,0.0,17280.0,,,22018.0,1430.0,11300.0,0.207,,0.304,0.0084,9500,37291.0,0.5644
109907,Barstow Community College,Barstow,CA,8,1,1,2,32.0,0.0,2657.0,,,22193.0,1104.0,9744.0,,,0.4925,0.1231,3463,35104.0,0.6413
109934,Bellus Academy-Chula Vista,Chula Vista,CA,8,3,1,1,11.0,0.0,341.0,,,,,,,,0.6122,0.5914,6333,23576.0,0.8622
110060,Bethesda University,Anaheim,CA,8,2,3,4,11.0,0.0,205.0,,,13575.0,7220.0,7220.0,0.1111,0.4483,0.3396,0.2217,7648,,0.2634
110097,Biola University,La Mirada,CA,8,2,3,4,21.0,0.0,3474.0,0.7435,1261.0,62757.0,48984.0,48984.0,0.676,0.839,0.2604,0.4356,19000,56778.0,0.582
110194,Brownson Technical School,Anaheim,CA,8,3,1,1,11.0,0.0,307.0,,,,,,,,0.7261,0.7176,9500,68767.0,0.0098
110219,Bryan University,Tempe,AZ,6,3,1,4,12.0,0.0,2506.0,,,26732.0,12219.0,12219.0,0.4056,,0.7459,0.8142,13763,40283.0,0.8871
110246,Butte College,Oroville,CA,8,1,2,2,42.0,0.0,8890.0,,,15509.0,1356.0,9276.0,,,0.3475,0.0311,8250,41810.0,0.567
110316,California Institute of Integral Studies,San Francisco,CA,8,2,3,4,11.0,0.0,38.0,,,,,,,,0.4561,0.6316,18750,48848.0,0.8158
110334,Cabrillo College,Aptos,CA,8,1,2,2,22.0,0.0,8002.0,,,24966.0,1270.0,9862.0,,,0.2441,0.0133,9500,44114.0,0.567
110361,California Baptist University,Riverside,CA,8,2,3,4,11.0,0.0,8179.0,0.8488,,54038.0,41228.0,41228.0,0.6188,0.7436,0.4206,0.6051,20500,61504.0,0.6224
110370,California College of the Arts,San Francisco,CA,8,2,3,4,11.0,0.0,990.0,0.911,,79776.0,60226.0,60226.0,0.6122,0.867,0.2509,0.4803,19500,49414.0,0.6737
110398,University of California College of the Law-San Francisco,San Francisco,CA,8,1,4,4,11.0,0.0,,,,,,,,,,,PS,,
110404,California Institute of Technology,Pasadena,CA,8,2,3,4,12.0,0.0,987.0,0.0257,,86886.0,65898.0,65898.0,0.9437,0.9737,0.1799,0.043,12000,128566.0,0.4519
110413,California Lutheran University,Thousand Oaks,CA,8,2,3,4,12.0,0.0,2296.0,0.7567,1266.0,68426.0,52560.0,52560.0,0.696,0.7878,0.3109,0.4985,18970,68712.0,0.5475
110422,California Polytechnic State University-San Luis Obispo,San Luis Obispo,CA,8,1,3,4,23.0,0.0,21996.0,0.3132,,32265.0,13596.0,34665.0,0.864,0.9555,0.1924,0.2487,15396,90768.0,0.5081
110468,Alliant International University-San Diego,San Diego,CA,8,3,1,4,11.0,0.0,391.0,0.0,,,14304.0,14304.0,,,0.0169,0.1549,12500,66666.0,0.5908
110486,California State University-Bakersfield,Bakersfield,CA,8,1,3,4,11.0,0.0,8577.0,0.9385,,19522.0,8090.0,20690.0,0.498,0.7883,0.6065,0.2326,11270,59009.0,0.6486
110495,California State University-Stanislaus,Turlock,CA,8,1,3,4,23.0,0.0,8385.0,0.9814,,19739.0,8246.0,20846.0,0.5345,0.8246,0.5519,0.2086,11750,63188.0,0.6525
110510,California State University-San Bernardino,San Bernardino,CA,8,1,3,4,12.0,0.0,15023.0,0.9374,,17427.0,8093.0,20693.0,0.549,0.7959,0.5762,0.243,12445,59977.0,0.6089
110529,California State Polytechnic University-Pomona,Pomona,CA,8,1,3,4,21.0,0.0,25042.0,0.7517,,23955.0,7780.0,20380.0,0.6843,0.8738,0.4633,0.2458,13437,71902.0,0.4377
110538,California State University-Chico,Chico,CA,8,1,3,4,12.0,0.0,13631.0,0.9272,,26283.0,8472.0,21072.0,0.6278,0.8163,0.4252,0.3241,14500,64172.0,0.5642
110547,California State University-Dominguez Hills,Carson,CA,8,1,3,4,13.0,0.0,12538.0,0.933,,23191.0,7449.0,20049.0,0.4279,0.7365,0.6333,0.1965,11902,57162.0,0.5978
110556,California State University-Fresno,Fresno,CA,8,1,3,4,11.0,0.0,21605.0,0.9526,,20095.0,7350.0,19950.0,0.5696,0.8157,0.5697,0.1909,12463,61244.0,0.5842
110565,California State University-Fullerton,Fullerton,CA,8,1,3,4,21.0,0.0,38546.0,0.9052,,18269.0,7470.0,20070.0,0.7018,0.8242,0.4807,0.2198,12000,62951.0,0.5587
110574,California State University-East Bay,Hayward,CA,8,1,3,4,21.0,0.0,9809.0,0.9739,,22850.0,7583.0,20183.0,0.4795,0.7569,0.444,0.261,12500,71401.0,0.5855
110583,California State University-Long Beach,Long Beach,CA,8,1,3,4,11.0,0.0,35924.0,0.4627,,22679.0,7350.0,19950.0,0.6888,0.868,0.5018,0.238,12227,64403.0,0.5855
110592,California State University-Los Angeles,Los Angeles,CA,8,1,3,4,11.0,0.0,19562.0,0.9125,,18403.0,7160.0,19760.0,0.5298,0.7185,0.663,0.1794,11966,59211.0,0.5566
110608,California State University-Northridge,Northridge,CA,8,1,3,4,11.0,0.0,32691.0,0.9345,,20485.0,7458.0,20058.0,0.5695,0.7344,0.5607,0.2139,12000,59115.0,0.5288
110617,California State University-Sacramento,Sacramento,CA,8,1,3,4,11.0,0.0,28350.0,0.9399,,22945.0,8018.0,20618.0,0.5629,0.8191,0.4913,0.2282,12500,64876.0,0.5503
110635,University of California-Berkeley,Berkeley,CA,8,1,3,4,12.0,0.0,33068.0,0.1098,,45619.0,16347.0,50547.0,0.9284,0.9679,0.2864,0.1683,12000,92446.0,0.5579
110644,University of California-Davis,Davis,CA,8,1,3,4,23.0,0.0,32253.0,0.4183,,41238.0,16774.0,50974.0,0.8567,0.9281,0.3135,0.197,11000,80838.0,0.5862
110653,University of California-Irvine,Irvine,CA,8,1,3,4,11.0,0.0,30197.0,0.2857,,38632.0,15722.0,49922.0,0.8687,0.9405,0.361,0.2033,13820,80735.0,0.561
110662,University of California-Los Angeles,Los Angeles,CA,8,1,3,4,11.0,0.0,33475.0,0.0897,,38614.0,15203.0,49403.0,0.9262,0.9731,0.2824,0.1877,12983,82511.0,0.6036
110671,University of California-Riverside,Riverside,CA,8,1,3,4,11.0,0.0,22593.0,0.7639,,38942.0,15606.0,49806.0,0.7596,0.876,0.4695,0.3103,14944,67699.0,0.526
110680,University of California-San Diego,La Jolla,CA,8,1,3,4,11.0,0.0,34948.0,0.2671,,38701.0,16758.0,50958.0,0.8605,0.9402,0.342,0.2139,14778,84943.0,0.5484
110699,University of California-San Francisco,San Francisco,CA,8,1,4,4,11.0,0.0,,,,,,,,,,,PS,,
110705,University of California-Santa Barbara,Santa Barbara,CA,8,1,3,4,22.0,0.0,23113.0,0.3297,,41573.0,16414.0,50614.0,0.8303,0.93,0.2785,0.1811,11875,74915.0,0.5755
110714,University of California-Santa Cruz,Santa Cruz,CA,8,1,3,4,13.0,0.0,17940.0,0.6579,,41179.0,16005.0,50205.0,0.7509,0.8795,0.3157,0.2836,14334,68396.0,0.5277
110778,Sofia University,Palo Alto,CA,8,3,3,4,13.0,0.0,5.0,,,,,,,,1.0,1.0,PS,,0.8
110875,California Beauty College,Modesto,CA,8,3,1,1,12.0,0.0,122.0,,,,,,,,0.5507,0.6522,4369,22255.0,0.9754
111045,Haven University,Garden Grove,CA,8,2,3,4,21.0,0.0,28.0,,,,7010.0,7010.0,,,0.0968,0.0,,,0.4643
111054,California Hair Design Academy,La Mesa,CA,8,3,1,1,21.0,0.0,98.0,,,,,,,,0.4773,0.5114,6028,19347.0,0.7551
111081,California Institute of the Arts,Valencia,CA,8,2,3,4,21.0,0.0,860.0,0.3234,,77560.0,58996.0,58996.0,0.6667,0.8239,0.2424,0.3624,16994,41198.0,0.6035
111188,Cal Poly Maritime Academy,Vallejo,CA,8,1,3,4,12.0,0.0,804.0,0.9501,,29853.0,9944.0,22544.0,0.5972,0.7746,0.251,0.3929,16889,94784.0,0.1803
111391,California Western School of Law,San Diego,CA,8,2,4,4,11.0,0.0,,,,,,,,,,,PS,,
111434,Canada College,Redwood City,CA,8,1,2,2,21.0,0.0,5175.0,,,9087.0,1332.0,11384.0,,,0.0951,0.0041,9272,50087.0,0.6044
111461,College of the Canyons,Santa Clarita,CA,8,1,2,2,21.0,0.0,15832.0,,,11360.0,1166.0,10958.0,,,0.1848,0.0107,6375,49022.0,0.443
111513,Career Academy of Beauty,Garden Grove,CA,8,3,1,1,21.0,0.0,219.0,,,,,,,,0.5494,0.5367,6279,24410.0,1.0
111638,Casa Loma College-Los Angeles,Sherman Oaks,CA,8,2,2,3,11.0,0.0,758.0,0.4255,,,,,0.7324,,0.4916,0.6983,20245,49854.0,0.7282
111708,CET-San Diego,San Diego,CA,8,2,1,1,11.0,0.0,223.0,,,,,,,,0.3381,0.3926,6729,32986.0,0.1076
111717,CET-San Jose,San Jose,CA,8,2,1,1,11.0,0.0,266.0,,,,,,,,0.5254,0.4,6729,32986.0,0.1504
111726,CET-El Centro,El Centro,CA,8,2,1,1,13.0,0.0,130.0,,,,,,,,0.3086,0.0664,6729,32986.0,0.2077
111744,CET-Colton,Colton,CA,8,2,1,1,21.0,0.0,162.0,,,,,,,,0.5882,0.4913,6729,32986.0,0.0617
111762,CET-Watsonville,Watsonville,CA,8,2,1,1,13.0,0.0,142.0,,,,,,,,0.3651,0.1037,6729,32986.0,0.2746
111799,CET-Salinas,Salinas,CA,8,2,1,1,12.0,0.0,171.0,,,,,,,,0.4118,0.0882,6729,32986.0,0.8363
111887,Cerritos College,Norwalk,CA,8,1,1,2,21.0,0.0,18870.0,,,10236.0,1364.0,12004.0,,,0.3629,0.0262,8350,41156.0,0.532
111896,Cerro Coso Community College,Ridgecrest,CA,8,1,2,2,41.0,0.0,3171.0,,,25300.0,1384.0,11254.0,,,0.1547,0.0135,5500,34963.0,0.6184
111920,Chabot College,Hayward,CA,8,1,1,2,21.0,0.0,11392.0,,,17456.0,1150.0,8686.0,,,0.2102,0.0079,8973,48143.0,0.4925
111939,Chaffey College,Rancho Cucamonga,CA,8,1,2,2,21.0,0.0,18132.0,,,14451.0,1184.0,11120.0,,,0.2879,0.0048,4325,42975.0,0.602
111948,Chapman University,Orange,CA,8,2,3,4,12.0,0.0,7478.0,0.6543,1357.0,83146.0,64984.0,64984.0,0.8188,0.9181,0.1939,0.6034,17750,70070.0,0.6147
111966,Charles R Drew University of Medicine and Science,Los Angeles,CA,8,2,3,4,21.0,0.0,282.0,0.3874,,39834.0,23000.0,23000.0,0.2963,0.5,0.5359,0.6456,14750,83438.0,0.6312
112075,Concordia University-Irvine,Irvine,CA,8,2,3,4,11.0,0.0,1536.0,0.6599,,58682.0,43480.0,43480.0,0.5831,0.7483,0.2423,0.5235,19000,65083.0,0.6068
112084,San Diego Christian College,Santee,CA,8,2,3,4,21.0,0.0,87.0,0.3081,,31745.0,28012.0,28012.0,0.1967,0.8571,0.45,0.35,13000,49766.0,0.4483
112127,Church Divinity School of the Pacific,Berkeley,CA,8,2,4,4,12.0,0.0,,,,,,,,,,,PS,,
112172,Citrus College,Glendora,CA,8,1,1,2,21.0,0.0,8286.0,,,13699.0,1204.0,10636.0,,,0.2988,0.0121,5500,42065.0,0.5506
112181,Citrus Heights Beauty College,Citrus Heights,CA,8,3,1,1,21.0,0.0,114.0,,,,,,,,0.2798,0.3679,5495,,0.9649
112190,City College of San Francisco,San Francisco,CA,8,1,1,2,11.0,0.0,17348.0,,,16870.0,1696.0,14656.0,,,0.167,0.0062,7497,45805.0,0.5338
112251,Claremont Graduate University,Claremont,CA,8,2,4,4,21.0,0.0,,,,,,,,,,,PS,64372.0,
112260,Claremont McKenna College,Claremont,CA,8,2,3,4,21.0,0.0,1388.0,0.0959,1527.0,86500.0,67980.0,67980.0,0.9136,0.9813,0.181,0.2093,11948,104736.0,0.4993
112288,Milan Institute-Visalia,Visalia,CA,8,3,1,1,12.0,0.0,635.0,,,,,,,,0.7369,0.6887,7000,32493.0,0.8787
112367,Clovis Adult Education,Clovis,CA,8,1,1,1,21.0,0.0,226.0,,,,,,,,0.0883,0.0,PS,50098.0,0.885
112385,Coastline Community College,Fountain Valley,CA,8,1,2,2,13.0,0.0,7393.0,,,24290.0,1364.0,11612.0,,,0.092,0.0128,7683,44483.0,0.4155
112394,University of Silicon Valley,San Jose,CA,8,3,3,4,11.0,0.0,455.0,0.5118,,35722.0,22480.0,22480.0,0.2874,0.6875,0.4974,0.6746,18334,51017.0,0.2835
112455,Coba Academy,Anaheim,CA,8,3,1,1,11.0,0.0,109.0,,,,,,,,0.6632,0.6632,6333,21208.0,0.6881
112525,Western University of Health Sciences,Pomona,CA,8,2,4,4,21.0,0.0,,,,,,,,,,,PS,,
112561,Columbia College,Sonora,CA,8,1,2,2,41.0,0.0,1984.0,,,19870.0,1282.0,9264.0,,,0.2837,0.0,PS,39035.0,0.5499
112570,California College of ASU,Los Angeles,CA,8,2,3,3,11.0,0.0,71.0,,,31890.0,25186.0,25186.0,0.3723,0.25,0.4631,0.6174,13167,42014.0,0.4789
112686,Compton College,Compton,CA,8,1,2,2,21.0,0.0,3142.0,,,20447.0,1142.0,8822.0,,,0.2682,0.0269,6463,34181.0,0.6241
112826,Contra Costa College,San Pablo,CA,8,1,2,2,21.0,0.0,5203.0,,,18422.0,1312.0,10320.0,,,0.2445,0.0145,4750,40850.0,0.6037
113096,Cosumnes River College,Sacramento,CA,8,1,2,2,11.0,0.0,14023.0,,,14202.0,1288.0,12616.0,,,0.2615,0.0276,8563,42446.0,0.5611
113111,Crafton Hills College,Yucaipa,CA,8,1,2,3,21.0,0.0,5687.0,,,20282.0,1188.0,14556.0,0.3128,,0.1396,0.0,PS,42553.0,0.5535
113193,Cuesta College,San Luis Obispo,CA,8,1,1,2,41.0,0.0,7180.0,,,20192.0,1350.0,11010.0,,,0.1761,0.0194,9500,46047.0,0.5311
113218,Cuyamaca College,El Cajon,CA,8,1,2,2,21.0,0.0,7177.0,,,16690.0,1346.0,11314.0,,,0.2739,0.0239,5136,32435.0,0.5479
113236,Cypress College,Cypress,CA,8,1,1,3,13.0,0.0,13354.0,,,14290.0,1150.0,12379.0,0.3728,,0.3124,0.0141,7500,43533.0,0.5868
113333,De Anza College,Cupertino,CA,8,1,2,2,13.0,0.0,15264.0,,,14975.0,1571.0,12596.0,,,0.1752,0.0273,6495,56596.0,0.4809
113449,International School of Beauty Inc,Palm Desert,CA,8,3,1,1,13.0,0.0,132.0,,,,,,,,0.5627,0.4516,6359,19799.0,0.697
113573,College of the Desert,Palm Desert,CA,8,1,1,2,13.0,0.0,10207.0,,,24607.0,1326.0,10174.0,,,0.3789,0.0103,5261,39020.0,0.5608
113582,Design Institute of San Diego,San Diego,CA,8,3,3,4,11.0,0.0,77.0,1.0,,55911.0,29300.0,29300.0,0.8,0.0,0.5109,0.6304,24530,46920.0,0.9481
113634,Diablo Valley College,Pleasant Hill,CA,8,1,2,2,21.0,0.0,15358.0,,,16774.0,1312.0,10320.0,,,0.1827,0.0105,6000,51378.0,0.512
113698,Dominican University of California,San Rafael,CA,8,2,3,4,13.0,0.0,1114.0,0.835,1290.0,71751.0,52161.0,52161.0,0.7805,0.8548,0.319,0.5755,24250,84713.0,0.7181
113704,Dominican School of Philosophy & Theology,Berkeley,CA,8,2,4,4,12.0,0.0,,,,,,,,,,,,,
113856,East Los Angeles College,Monterey Park,CA,8,1,1,2,21.0,0.0,27753.0,,,19193.0,1238.0,10572.0,,,0.2392,0.0055,6999,42006.0,0.4605
113980,El Camino Community College District,Torrance,CA,8,1,2,2,21.0,0.0,19210.0,,,15246.0,1144.0,7630.0,,,0.2725,0.0046,4750,41589.0,0.5309
114266,Evergreen Valley College,San Jose,CA,8,1,2,2,11.0,0.0,7688.0,,,22105.0,1366.0,8718.0,,,0.2244,0.0032,9250,53077.0,0.5206
114433,Feather River Community College District,Quincy,CA,8,1,2,3,43.0,0.0,1828.0,,,20385.0,1465.0,10435.0,0.3457,0.6,0.1644,0.0626,7000,38142.0,0.5821
114460,Federico Beauty Institute,Sacramento,CA,8,3,1,1,21.0,0.0,220.0,,,,,,,,0.4987,0.5722,5735,29856.0,0.9409
114549,Fielding Graduate University,Santa Barbara,CA,8,2,4,4,13.0,0.0,,,,,,,,,,,PS,,
114585,Five Branches University,Santa Cruz,CA,8,3,4,4,22.0,0.0,,,,,,,,,,,PS,,
114637,Redondo Beach Beauty College,Torrance,CA,8,3,1,1,12.0,0.0,43.0,,,,,,,,0.3085,0.2872,PS,,0.907
114716,Foothill College,Los Altos Hills,CA,8,1,1,3,21.0,0.0,11137.0,,,16361.0,1565.0,12590.0,0.5637,,0.0871,0.0223,6795,57072.0,0.4719
114734,Franciscan School of Theology,San Diego,CA,8,2,4,4,11.0,0.0,,,,,,,,,,,,,
114761,Fredrick and Charles Beauty College,Eureka,CA,8,3,1,1,33.0,0.0,69.0,,,,,,,,0.5299,0.0,PS,21826.0,0.913
114789,Fresno City College,Fresno,CA,8,1,1,2,11.0,0.0,21251.0,,,17198.0,1334.0,10154.0,0.2353,,0.307,0.0029,3500,37361.0,0.5286
114813,Fresno Pacific University,Fresno,CA,8,2,3,4,11.0,0.0,1544.0,0.6407,,44249.0,36660.0,36660.0,0.5,0.7157,0.5835,0.6627,19250,58896.0,0.728
114840,Fuller Theological Seminary,Pasadena,CA,8,2,4,4,12.0,0.0,,,,,,,,,,,PS,,
114859,Fullerton College,Fullerton,CA,8,1,2,2,21.0,0.0,17121.0,,,14369.0,1150.0,12379.0,,,0.2655,0.0201,6500,43366.0,0.5237
114938,Gavilan College,Gilroy,CA,8,1,2,2,41.0,0.0,4786.0,,,15161.0,1508.0,12249.0,,,0.2352,0.0024,5841,47169.0,0.5376
114947,Gemological Institute of America-Carlsbad,Carlsbad,CA,8,2,1,1,12.0,0.0,186.0,,,,,,,,0.124,0.372,8233,42588.0,0.4785
115001,Glendale Community College,Glendale,CA,8,1,2,2,12.0,0.0,10509.0,,,17501.0,1191.0,10935.0,,,0.378,0.0298,7000,41540.0,0.5225
115010,Glendale Career College,Glendale,CA,8,3,2,3,12.0,0.0,896.0,,,,,,0.626,0.9,0.5097,0.7242,9321,41472.0,0.7612
115083,Golden Gate University,San Francisco,CA,8,2,3,4,11.0,0.0,259.0,,,,,,,,0.3565,0.2818,18774,87434.0,0.3514
115126,Golden West College,Huntington Beach,CA,8,1,2,2,21.0,0.0,9034.0,,,14618.0,1380.0,11628.0,,,0.2344,0.0158,5500,43145.0,0.5346
115214,Graduate Theological Union,Berkeley,CA,8,2,4,4,12.0,0.0,,,,,,,,,,,,,
115296,Grossmont College,El Cajon,CA,8,1,2,2,21.0,0.0,12163.0,,,14027.0,1332.0,10628.0,,,0.2448,0.0134,4500,40309.0,0.586
115357,Salon Success Academy-Riverside,Riverside,CA,8,3,1,1,11.0,0.0,164.0,,,,,,,,0.6411,0.6098,10534,21777.0,0.9268
115393,Hartnell College,Salinas,CA,8,1,2,2,12.0,0.0,9453.0,,,11892.0,1404.0,10374.0,,,0.3153,0.0034,4500,44316.0,0.4635
115409,Harvey Mudd College,Claremont,CA,8,2,3,3,21.0,0.0,921.0,0.1266,1545.0,90165.0,68613.0,68613.0,0.9188,0.9641,0.1517,0.3298,19500,138687.0,0.5071
115658,Hilltop Beauty School,Daly City,CA,8,3,1,1,21.0,0.0,77.0,,,,,,,,0.5739,0.0,PS,25477.0,0.987
115746,Pacifica Graduate Institute,Santa Barbara CA,CA,8,3,4,4,41.0,0.0,,,,,,,,,,,PS,,
115755,California State Polytechnic University-Humboldt,Arcata,CA,8,1,3,4,33.0,0.0,5612.0,0.982,,25170.0,8250.0,20850.0,0.4855,0.7599,0.4287,0.338,14500,47626.0,0.5437
115773,Humphreys University,Stockton,CA,8,2,3,4,11.0,0.0,149.0,,,20918.0,13500.0,13500.0,0.6154,1.0,0.5246,0.5683,25000,39248.0,0.8926
115861,Imperial Valley College,Imperial,CA,8,1,2,2,41.0,0.0,7652.0,,,11998.0,1148.0,8852.0,,,0.5075,0.0,PS,34487.0,0.5388
115931,Institute for Business and Technology,San Jose,CA,8,3,1,2,11.0,0.0,765.0,,,,,,,,0.4416,0.482,7600,38015.0,0.1673
116226,Interior Designers Institute,Newport Beach,CA,8,3,2,4,13.0,0.0,97.0,,,,20250.0,20250.0,,,0.2804,0.4393,17667,54974.0,0.9485
116439,Irvine Valley College,Irvine,CA,8,1,2,2,11.0,0.0,10286.0,,,13001.0,1156.0,11860.0,,,0.2012,0.0103,4500,49156.0,0.4808
116563,Bellus Academy-El Cajon,El Cajon,CA,8,3,1,1,21.0,0.0,157.0,,,,,,,,0.6006,0.5252,6330,30807.0,0.9745
116846,American Jewish University,Los Angeles,CA,8,2,1,4,11.0,0.0,60.0,,,,,,0.4444,,0.1026,0.1026,18667,61954.0,0.9833
117052,Reedley College,Reedley,CA,8,1,1,2,32.0,0.0,5504.0,,,16881.0,1334.0,10154.0,,,0.268,0.0054,3500,38493.0,0.5527
117104,Life Pacific University,San Dimas,CA,8,2,3,4,21.0,0.0,456.0,0.958,,35062.0,22118.0,22118.0,0.404,0.7302,0.5379,0.6591,14000,43299.0,0.5373
117140,University of La Verne,La Verne,CA,8,2,3,4,21.0,0.0,3050.0,0.7117,1083.0,62278.0,49470.0,49470.0,0.6312,0.6445,0.514,0.6411,21000,65464.0,0.6007
117168,Laguna College of Art and Design,Laguna Beach,CA,8,2,3,4,41.0,0.0,746.0,0.9432,,57989.0,37500.0,37500.0,0.5172,0.8421,0.299,0.4343,18875,47867.0,0.7507
117195,Lake Tahoe Community College,South Lake Tahoe,CA,8,1,2,2,41.0,0.0,3660.0,,,17666.0,1131.0,11103.0,,,0.1339,0.0195,5100,36657.0,0.3757
117238,Lancaster Beauty School,Lancaster,CA,8,3,1,1,21.0,0.0,150.0,,,,,,,,0.9827,0.9711,7250,16220.0,0.7
117247,Laney College,Oakland,CA,8,1,2,2,11.0,0.0,6842.0,,,25335.0,1258.0,9898.0,,,0.1604,0.0075,9301,37282.0,0.526
117274,Lassen Community College,Susanville,CA,8,1,2,2,33.0,0.0,1741.0,,,20228.0,1144.0,9280.0,,,0.1559,0.0219,5500,35994.0,0.3647
117283,Latin American Bible Institute,La Puente,CA,8,2,2,2,21.0,0.0,111.0,0.5455,,16570.0,14050.0,14050.0,0.3333,,0.3077,0.2051,,,0.5766
117520,Life Chiropractic College West,Hayward,CA,8,2,4,4,21.0,0.0,,,,,,,,,,,PS,,
117557,Lincoln University,Oakland,CA,8,2,3,4,11.0,0.0,204.0,,,,13150.0,13150.0,1.0,0.8889,0.0,0.0,12500,53695.0,0.3186
117575,Southern California Seminary,El Cajon,CA,8,2,3,4,21.0,0.0,32.0,,,,19080.0,19080.0,0.5,0.0,0.3438,0.4063,12034,39607.0,0.2813
117627,La Sierra University,Riverside,CA,8,2,3,4,11.0,0.0,1116.0,0.915,,51459.0,37710.0,37710.0,0.5973,0.7729,0.4725,0.5857,18500,61824.0,0.5842
117636,Loma Linda University,Loma Linda,CA,8,2,3,4,21.0,0.0,909.0,,,,,,,,0.3504,0.6425,17014,89816.0,0.7327
117645,Long Beach City College,Long Beach,CA,8,1,1,2,11.0,0.0,22427.0,,,14503.0,1556.0,12544.0,,,0.3737,0.0215,7000,38870.0,0.5487
117672,Southern California University of Health Sciences,Whittier,CA,8,2,1,4,21.0,0.0,158.0,,,57740.0,10476.0,10476.0,0.5,,0.0694,0.1083,10950,70649.0,0.8228
117690,Los Angeles Harbor College,Wilmington,CA,8,1,2,2,11.0,0.0,6694.0,,,21772.0,1238.0,10568.0,,,0.1976,0.0052,5795,41133.0,0.601
117706,Los Angeles Pierce College,Woodland Hills,CA,8,1,2,2,11.0,0.0,13436.0,,,21400.0,1238.0,10572.0,,,0.2823,0.0256,12500,44521.0,0.5328
117715,Los Angeles Southwest College,Los Angeles,CA,8,1,2,2,21.0,0.0,3706.0,,,13624.0,1238.0,10572.0,,,0.2267,0.0127,10000,32172.0,0.6516
117724,Los Angeles Trade Technical College,Los Angeles,CA,8,1,1,2,11.0,0.0,9998.0,,,20457.0,1238.0,10572.0,,,0.3193,0.013,9500,35233.0,0.385
117733,Los Angeles Valley College,Valley Glen,CA,8,1,1,2,11.0,0.0,12601.0,,,20546.0,1238.0,10572.0,0.3212,,0.256,0.0163,9500,42678.0,0.5579
117751,The Master's University and Seminary,Santa Clarita,CA,8,2,3,4,21.0,0.0,1622.0,0.8402,,54845.0,39020.0,39020.0,0.6773,0.8467,0.2124,0.3812,16327,57106.0,0.4624
117788,Los Angeles City College,Los Angeles,CA,8,1,2,2,11.0,0.0,11198.0,,,18924.0,1238.0,10572.0,,,0.2624,0.044,9500,36190.0,0.5635
117803,Los Angeles County College of Nursing and Allied Health,Los Angeles,CA,8,1,2,2,11.0,0.0,204.0,,,,,,,,0.3273,0.3091,9500,115318.0,0.6373
117867,Los Angeles Mission College,Sylmar,CA,8,1,2,2,11.0,0.0,7999.0,,,21717.0,1238.0,10572.0,0.2003,,0.2067,0.0085,10432,39834.0,0.5804
117894,Los Medanos College,Pittsburg,CA,8,1,2,2,21.0,0.0,7320.0,,,16056.0,1312.0,10320.0,,,0.2915,0.0148,9326,42454.0,0.5713
117946,Loyola Marymount University,Los Angeles,CA,8,2,3,4,11.0,0.0,7094.0,0.4508,1359.0,83943.0,62357.0,62357.0,0.7887,0.8858,0.1322,0.2947,15000,78349.0,0.5216
117955,Lu Ross Academy,Ventura,CA,8,3,1,1,12.0,0.0,229.0,,,,,,,,0.4956,0.533,6333,23148.0,0.7991
118134,Lyle's College of Beauty,Bakersfield,CA,8,3,1,1,11.0,0.0,70.0,,,,,,,,0.3609,0.2485,6333,25913.0,0.9857
118143,Lyle's College of  Beauty,Fresno,CA,8,3,1,1,11.0,0.0,90.0,,,,,,,,0.4379,0.3595,6333,25913.0,0.9778
118161,Lytles Redwood Empire Beauty College,Santa Rosa,CA,8,3,1,1,21.0,0.0,86.0,,,,,,,,0.4734,0.4628,7534,20358.0,1.0
118198,MTI College,Sacramento,CA,8,3,1,2,21.0,0.0,2000.0,0.6338,,,,,,,0.4745,0.2961,7060,45328.0,0.7585
118347,College of Marin,Kentfield,CA,8,1,2,2,21.0,0.0,4042.0,,,21015.0,1558.0,9334.0,,,0.165,0.0105,10062,42654.0,0.5606
118684,Mendocino College,Ukiah,CA,8,1,2,2,41.0,0.0,2870.0,,,17544.0,1423.0,10003.0,,,0.2793,0.0308,9500,40243.0,0.6596
118693,Menlo College,Atherton,CA,8,2,3,4,21.0,0.0,752.0,0.6847,,72020.0,53630.0,53630.0,0.535,0.6994,0.3105,0.438,13000,76419.0,0.4255
118718,Merced College,Merced,CA,8,1,1,2,13.0,0.0,10001.0,,,14485.0,1200.0,8520.0,,,0.375,0.0083,4188,37815.0,0.5846
118772,Merritt College,Oakland,CA,8,1,1,2,11.0,0.0,5288.0,,,21424.0,1258.0,9898.0,,,0.1082,0.006,9500,44392.0,0.6466
118888,Northeastern University Oakland,Oakland,CA,8,2,3,4,11.0,0.0,464.0,0.1665,1472.0,85418.0,67778.0,67778.0,,0.0021,0.2674,0.4799,22000,92538.0,0.5172
118912,MiraCosta College,Oceanside,CA,8,1,2,3,21.0,0.0,10278.0,,,15531.0,1158.0,9750.0,0.4111,0.9091,0.2738,0.0234,9488,43845.0,0.5838
118930,Mission College,Santa Clara,CA,8,1,2,2,12.0,0.0,5784.0,,,13744.0,1438.0,12500.0,,,0.1585,0.0036,8816,50936.0,0.5443
118958,Modern Beauty Academy,Oxnard,CA,8,3,1,1,12.0,0.0,90.0,,,,,,,,0.3443,0.3033,8143,22477.0,0.5889
118976,Modesto Junior College,Modesto,CA,8,1,2,3,12.0,0.0,15109.0,,,11487.0,1282.0,9264.0,0.2957,0.7144,0.3179,0.003,3375,42368.0,0.5996
118994,Moler Barber College,Oakland,CA,8,3,1,1,11.0,0.0,411.0,,,,,,,,0.6549,0.6332,8374,15204.0,0.455
119058,Middlebury Institute of International Studies at Monterey,Monterey,CA,8,2,3,4,22.0,0.0,4.0,,,,,,,,0.4167,0.5833,11522,76310.0,0.5
119067,Monterey Peninsula College,Monterey,CA,8,1,2,2,22.0,0.0,5624.0,,,19605.0,1188.0,10572.0,,,0.1887,0.0116,8250,42176.0,0.526
119137,Moorpark College,Moorpark,CA,8,1,2,2,22.0,0.0,12082.0,,,8015.0,1426.0,9615.0,0.4354,,0.1822,0.009,7161,49044.0,0.5236
119164,Mt San Antonio College,Walnut,CA,8,1,2,2,21.0,0.0,26140.0,,,15701.0,1364.0,10464.0,,,0.3524,0.01,5500,46283.0,0.5275
119173,Mount Saint Mary's University,Los Angeles,CA,8,2,3,4,11.0,0.0,1719.0,0.7313,,66726.0,49564.0,49564.0,0.5325,0.7114,0.571,0.6774,22167,72379.0,0.9209
119216,Mt San Jacinto Community College District,San Jacinto,CA,8,1,2,2,22.0,0.0,15259.0,,,14257.0,1448.0,12728.0,,,0.3499,0.0094,7000,38319.0,0.5937
119270,Musicians Institute,Hollywood,CA,8,3,1,4,11.0,0.0,759.0,0.7795,,52369.0,34322.0,34322.0,0.5281,0.8,0.1987,0.2167,6334,32778.0,0.3254
119331,Napa Valley College,Napa,CA,8,1,2,2,13.0,0.0,3813.0,,,22572.0,1156.0,11908.0,,,0.1728,0.0066,9371,49517.0,0.5888
119553,National Holistic Institute,Emeryville,CA,8,3,1,1,21.0,0.0,1258.0,,,,,,,,0.618,0.7527,9500,27978.0,0.6979
119605,National University,San Diego,CA,8,2,3,4,11.0,0.0,10794.0,,,33978.0,13284.0,13284.0,0.4286,0.5263,0.2884,0.2467,18750,67548.0,0.5282
119678,Naval Postgraduate School,Monterey,CA,0,1,4,4,22.0,0.0,,,,,,,,,,,,,
119775,Newschool of Architecture and Design,San Diego,CA,8,3,3,4,11.0,0.0,182.0,1.0,,62004.0,30291.0,30291.0,0.619,0.625,0.5211,0.5399,23618,68891.0,0.4725
119951,North Adrian's College of Beauty Inc,Modesto,CA,8,3,1,1,12.0,0.0,207.0,,,,,,,,0.4738,0.4273,9500,27269.0,0.8986
120069,North-West College-Pomona,Pomona,CA,8,3,1,1,21.0,0.0,381.0,,,,,,,,0.6468,0.7528,9500,39876.0,0.8504
120078,North-West College-West Covina,West Covina,CA,8,3,1,2,21.0,0.0,653.0,,,,,,,,0.6052,0.6776,9500,37542.0,0.8515
120087,North-West College-Van Nuys,Van Nuys,CA,8,3,1,1,11.0,0.0,294.0,,,,,,,,0.522,0.652,8419,32488.0,0.7721
120166,San Francisco Bay University,Fremont,CA,8,2,3,4,12.0,0.0,126.0,0.9578,,,8830.0,8830.0,,0.7222,0.0,0.0,,,0.4127
120184,Notre Dame de Namur University,Belmont,CA,8,2,3,4,21.0,0.0,33.0,,,,,,0.067,,0.2857,0.2143,16500,74576.0,0.7576
120254,Occidental College,Los Angeles,CA,8,2,3,3,11.0,0.0,1877.0,0.4417,1452.0,84800.0,66274.0,66274.0,0.8088,0.8985,0.1656,0.3715,19000,75951.0,0.5866
120290,Ohlone College,Fremont,CA,8,1,2,2,12.0,0.0,7099.0,,,21254.0,1202.0,8714.0,,,0.1296,0.0055,9500,54278.0,0.482
120342,Orange Coast College,Costa Mesa,CA,8,1,1,2,12.0,0.0,16091.0,,,15561.0,1392.0,11640.0,,,0.2438,0.0212,6175,47348.0,0.5017
120403,Otis College of Art and Design,Los Angeles,CA,8,2,3,4,11.0,0.0,1223.0,0.8176,1310.0,75861.0,56488.0,56488.0,0.663,0.7447,0.3363,0.4449,20000,58152.0,0.7089
120421,Oxnard College,Oxnard,CA,8,1,2,2,12.0,0.0,6240.0,,,9437.0,1426.0,9615.0,,,0.3736,0.0065,7500,41393.0,0.5319
120537,Hope International University,Fullerton,CA,8,2,3,4,21.0,0.0,564.0,0.3298,1020.0,51784.0,38050.0,38050.0,0.4944,0.5244,0.4426,0.5683,15738,49697.0,0.5408
120661,Concorde Career College-San Diego,San Diego,CA,8,3,1,2,11.0,0.0,147.0,1.0,,,,,,,0.7021,0.7513,9500,39169.0,0.8776
120698,Palo Alto University,Palo Alto,CA,8,2,3,4,41.0,0.0,14.0,,,,,,,,0.5,0.4091,15000,83187.0,0.8571
120768,Pacific Oaks College,Pasadena,CA,8,2,3,4,12.0,0.0,312.0,0.3438,,,32520.0,32520.0,,,0.5665,0.7428,23500,52485.0,0.8942
120795,Pacific School of Religion,Berkeley,CA,8,2,4,4,12.0,0.0,,,,,,,,,,,PS,,
120838,Pacific States University,Los Angeles,CA,8,2,3,4,11.0,0.0,44.0,,,,10159.0,10159.0,1.0,1.0,,,PS,,0.2727
120865,Pacific Union College,Angwin,CA,8,2,2,4,41.0,0.0,805.0,0.473,,49404.0,37173.0,37173.0,0.5828,0.8864,0.34,0.5817,19500,70484.0,0.6261
120883,University of the Pacific,Stockton,CA,8,2,3,4,11.0,0.0,3204.0,0.7132,1346.0,71515.0,57080.0,57080.0,0.6905,0.8846,0.3612,0.4025,17653,78445.0,0.5506
120953,Palo Verde College,Blythe,CA,8,1,1,2,42.0,0.0,3381.0,,,25212.0,1288.0,12880.0,,,0.1162,0.0,PS,36389.0,0.1529
120971,Palomar College,San Marcos,CA,8,1,1,2,21.0,0.0,17712.0,,,14360.0,1354.0,10650.0,,,0.1826,0.0082,3500,42300.0,0.4521
121044,Pasadena City College,Pasadena,CA,8,1,2,2,12.0,0.0,21466.0,,,13677.0,1180.0,9820.0,,,0.3112,0.0091,6036,43937.0,0.5403
121150,Pepperdine University,Malibu,CA,8,2,3,4,21.0,0.0,3553.0,0.6286,1384.0,93512.0,69918.0,69918.0,0.8335,0.8757,0.2025,0.3731,19500,82939.0,0.5958
121257,Pitzer College,Claremont,CA,8,2,3,3,21.0,0.0,1227.0,0.2516,,86466.0,65192.0,65192.0,0.8339,0.938,0.1055,0.2002,13000,69512.0,0.5884
121309,Point Loma Nazarene University,San Diego,CA,8,2,3,4,11.0,0.0,3188.0,0.8368,1287.0,60488.0,46250.0,46250.0,0.7717,0.8554,0.2144,0.4987,19500,63998.0,0.6515
121345,Pomona College,Claremont,CA,8,2,3,3,21.0,0.0,1666.0,0.0709,1534.0,85300.0,65420.0,65420.0,0.932,0.9755,0.1953,0.0938,10000,77779.0,0.5522
121363,Porterville College,Porterville,CA,8,1,2,2,23.0,0.0,2834.0,,,20730.0,1438.0,11308.0,,,0.3517,0.0006,PS,36328.0,0.6351
121433,Professional Institute of Beauty,El Monte,CA,8,3,1,1,21.0,0.0,93.0,,,,,,,,0.5507,0.3261,2976,16886.0,0.957
121619,Santa Ana College,Santa Ana,CA,8,1,1,3,11.0,0.0,22485.0,,,12375.0,1180.0,10756.0,0.3085,,0.1598,0.0068,5500,43552.0,0.397
121628,RAND School of Public Policy,Santa Monica,CA,8,2,4,4,13.0,0.0,,,,,,,,,,,,,
121637,Shasta School of Cosmetology,Redding,CA,8,3,1,1,13.0,0.0,112.0,,,,,,,,0.3949,0.2718,PS,,0.9018
121691,University of Redlands,Redlands,CA,8,2,3,4,13.0,0.0,2049.0,0.8271,1241.0,76630.0,60878.0,60878.0,0.6727,0.8402,0.3645,0.5541,21250,72690.0,0.5637
121707,College of the Redwoods,Eureka,CA,8,1,2,2,41.0,0.0,3829.0,,,15504.0,1198.0,8854.0,,,0.3775,0.0606,6666,36243.0,0.5437
121859,Salon Success Academy-Upland,Upland,CA,8,3,1,1,21.0,0.0,254.0,,,,,,,,0.5491,0.5818,7116,26956.0,0.9449
121868,Salon Success Academy-Corona,Corona,CA,8,3,1,1,12.0,0.0,196.0,,,,,,,,0.5562,0.5908,7176,22412.0,0.9898
121886,Rio Hondo College,Whittier,CA,8,1,1,3,41.0,0.0,15684.0,,,21391.0,1388.0,9884.0,0.2453,1.0,0.2617,0.0057,4750,44950.0,0.3937
121901,Riverside City College,Riverside,CA,8,1,2,2,11.0,0.0,18346.0,,,16911.0,1428.0,12498.0,,,0.3426,0.0098,5500,41091.0,0.5845
122117,Dongguk University Los Angeles,Los Angeles,CA,8,2,4,4,11.0,0.0,,,,,,,,,,,PS,,
122180,Sacramento City College,Sacramento,CA,8,1,2,2,11.0,0.0,17657.0,,,15767.0,1288.0,12616.0,,,0.2596,0.0468,9256,42214.0,0.5882
122205,Saddleback College,Mission Viejo,CA,8,1,2,2,21.0,0.0,17684.0,,,13939.0,1156.0,11860.0,,,0.1523,0.0128,6988,50874.0,0.5456
122296,Samuel Merritt University,Oakland,CA,8,2,3,4,11.0,0.0,718.0,,,,,,,,0.1835,0.9136,20825,143238.0,0.8287
122339,San Diego City College,San Diego,CA,8,1,2,2,11.0,0.0,10441.0,,,21202.0,1146.0,10002.0,,,0.2314,0.0157,4500,38503.0,0.5342
122375,San Diego Mesa College,San Diego,CA,8,1,2,3,11.0,0.0,16098.0,,,19371.0,1146.0,10002.0,0.3476,,0.1567,0.0178,4500,45120.0,0.55
122384,San Diego Miramar College,San Diego,CA,8,1,2,2,11.0,0.0,11271.0,,,17126.0,1146.0,10002.0,,,0.1197,0.0063,4239,48224.0,0.4383
122409,San Diego State University,San Diego,CA,8,1,3,4,11.0,0.0,35377.0,0.3619,,27780.0,8728.0,21328.0,0.7643,0.9063,0.3174,0.2325,12847,64909.0,0.5656
122436,University of San Diego,San Diego,CA,8,2,3,4,11.0,0.0,5671.0,0.5238,,78720.0,59486.0,59486.0,0.8367,0.914,0.2092,0.324,19019,86522.0,0.5645
122506,San Francisco Conservatory of Music,San Francisco,CA,8,2,3,4,11.0,0.0,226.0,0.5491,,78781.0,56150.0,56150.0,0.7368,0.9273,0.1667,0.3935,22000,,0.4159
122597,San Francisco State University,San Francisco,CA,8,1,3,4,11.0,0.0,18639.0,0.9644,,26488.0,7950.0,20550.0,0.5037,0.827,0.4222,0.2315,12923,68077.0,0.5366
122612,University of San Francisco,San Francisco,CA,8,2,3,4,11.0,0.0,5287.0,0.6171,1295.0,80141.0,60492.0,60492.0,0.7006,0.8369,0.2796,0.4694,19000,89812.0,0.6501
122649,San Joaquin College of Law,Clovis,CA,8,2,4,4,21.0,0.0,,,,,,,,,,,PS,,
122658,San Joaquin Delta College,Stockton,CA,8,1,2,2,11.0,0.0,15781.0,,,9965.0,1180.0,9772.0,,,0.2522,0.0103,7000,43212.0,0.5959
122685,San Joaquin Valley College-Visalia,Visalia,CA,8,3,1,3,12.0,0.0,2207.0,,,,,,0.3647,,0.5331,0.5833,9773,38317.0,0.729
122694,San Joaquin Valley College-Bakersfield,Bakersfield,CA,8,3,1,2,11.0,0.0,798.0,,,,,,,,0.6216,0.712,9773,38317.0,0.6817
122728,William Jessup University,Rocklin,CA,8,2,3,4,21.0,0.0,1294.0,0.9333,1150.0,53703.0,37150.0,37150.0,0.5598,0.7688,0.3172,0.411,14419,56257.0,0.5518
122746,San Jose City College,San Jose,CA,8,1,2,2,11.0,0.0,7105.0,,,26081.0,1366.0,11922.0,,,0.2061,0.0062,5500,46215.0,0.5379
122755,San Jose State University,San Jose,CA,8,1,3,4,11.0,0.0,27601.0,0.8461,,26593.0,8410.0,21010.0,0.6922,0.8684,0.3524,0.1952,12000,78988.0,0.4767
122791,College of San Mateo,San Mateo,CA,8,1,2,2,12.0,0.0,7977.0,,,10837.0,1332.0,11384.0,,,0.1089,0.0061,6875,54172.0,0.5236
122889,Santa Barbara City College,Santa Barbara,CA,8,1,2,2,13.0,0.0,9889.0,,,20394.0,1240.0,10432.0,,,0.1788,0.036,8250,47647.0,0.5594
122931,Santa Clara University,Santa Clara,CA,8,2,3,4,12.0,0.0,6552.0,0.48,1426.0,82026.0,61293.0,61293.0,0.8792,0.9392,0.1127,0.3741,16845,109183.0,0.4945
122977,Santa Monica College,Santa Monica,CA,8,1,2,3,13.0,0.0,21440.0,,,11162.0,1156.0,10708.0,0.3627,,0.2563,0.0328,6500,42193.0,0.5537
123013,Santa Rosa Junior College,Santa Rosa,CA,8,1,1,2,12.0,0.0,15080.0,,,15974.0,1318.0,11308.0,,,0.1686,0.0076,7250,47224.0,0.552
123095,Saybrook University,Pasadena,CA,8,2,4,4,12.0,0.0,,,,,,,,,,,PS,,
123165,Scripps College,Claremont,CA,8,2,3,4,21.0,0.0,1113.0,0.3829,1492.0,87564.0,65950.0,65950.0,0.8254,0.9382,0.11,0.1719,11853,77539.0,0.9991
123217,College of the Sequoias,Visalia,CA,8,1,1,2,12.0,0.0,11562.0,,,9145.0,1394.0,9038.0,,,0.3539,0.0083,4500,39092.0,0.5639
123280,Shasta Bible College and Graduate School,Redding,CA,8,2,3,4,13.0,0.0,21.0,1.0,,34535.0,14535.0,14535.0,1.0,,0.6154,0.3077,PS,28891.0,0.2381
123299,Shasta College,Redding,CA,8,1,2,3,22.0,0.0,6128.0,,,13915.0,1197.0,8853.0,0.2326,1.0,0.3553,0.0349,9500,39269.0,0.5932
123341,Sierra College,Rocklin,CA,8,1,2,2,21.0,0.0,14122.0,,,17002.0,1446.0,1446.0,,,0.216,0.0179,9500,45294.0,0.5346
123350,Sierra College of Beauty,Merced,CA,8,3,1,1,13.0,0.0,220.0,,,,,,,,0.767,0.0,PS,18519.0,0.6636
123448,Trinity Law School,Santa Ana,CA,8,2,4,4,11.0,0.0,,,,,,,,,,,19500,46989.0,
123457,Simpson University,Redding,CA,8,2,3,4,13.0,0.0,809.0,0.8603,,54688.0,39708.0,39708.0,0.4884,0.6042,0.4411,0.6265,13000,54340.0,0.4796
123484,College of the Siskiyous,Weed,CA,8,1,2,2,42.0,0.0,1190.0,,,17725.0,1444.0,9394.0,,,0.3182,0.072,8000,39098.0,0.4563
123493,Charles A Jones Career and Education Center,Sacramento,CA,8,1,1,1,11.0,0.0,91.0,,,,,,,,0.4789,0.1408,5308,41047.0,0.7912
123509,Skyline College,San Bruno,CA,8,1,2,3,21.0,0.0,7620.0,,,11880.0,1272.0,9956.0,0.443,,0.0991,0.0038,7500,55702.0,0.5516
123527,San Bernardino Valley College,San Bernardino,CA,8,1,2,2,12.0,0.0,12234.0,,,22678.0,1196.0,14382.0,,,0.2486,0.0062,3938,39676.0,0.583
123554,Saint Mary's College of California,Moraga,CA,8,2,3,4,21.0,0.0,1947.0,0.8653,,77659.0,57803.0,57803.0,0.703,0.8537,0.2671,0.4168,19500,78812.0,0.5429
123563,Solano Community College,Fairfield,CA,8,1,2,3,22.0,0.0,8061.0,,,13143.0,1172.0,9812.0,0.3619,,0.2286,0.0166,9500,44170.0,0.5368
123572,Sonoma State University,Rohnert Park,CA,8,1,3,4,21.0,0.0,5166.0,0.9343,,24648.0,8624.0,21224.0,0.5759,0.792,0.3592,0.2683,13000,65986.0,0.5958
123633,South Baylo University,Anaheim,CA,8,2,4,4,11.0,0.0,,,,,,,,,,,14000,,
123642,South Coast College,Orange,CA,8,3,1,2,12.0,0.0,306.0,,,18982.0,13494.0,13494.0,,,0.5602,0.9253,17346,44897.0,0.9248
123651,Vanguard University of Southern California,Costa Mesa,CA,8,2,3,4,12.0,0.0,1933.0,0.6244,,52665.0,41700.0,41700.0,0.5677,0.7006,0.4378,0.5682,15000,59541.0,0.6684
123679,Concorde Career College-Garden Grove,Garden Grove,CA,8,3,1,2,21.0,0.0,214.0,0.9742,,,,,,,0.6597,0.786,9500,45711.0,0.7383
123800,Southwestern College,Chula Vista,CA,8,1,2,2,11.0,0.0,18614.0,,,22104.0,1344.0,10640.0,,,0.3582,0.0522,4044,40060.0,0.5253
123916,Starr King School for the Ministry,Oakland,CA,8,2,4,4,11.0,0.0,,,,,,,,,,,PS,,
123943,Marshall B Ketchum University,Fullerton,CA,8,2,4,4,21.0,0.0,,,,,,,,,,,PS,,
123952,Southern California Institute of Architecture,Los Angeles,CA,8,2,3,4,11.0,0.0,236.0,0.766,,71612.0,56162.0,56162.0,0.7143,0.9143,0.2134,0.2385,33250,71909.0,0.4449
123961,University of Southern California,Los Angeles,CA,8,2,3,4,11.0,0.0,20443.0,0.0981,1495.0,90300.0,72097.0,72097.0,0.9183,0.9593,0.2224,0.2357,16112,92498.0,0.5218
123970,Southwestern Law School,Los Angeles,CA,8,2,4,4,11.0,0.0,,,,,,,,,,,PS,,
124113,Taft College,Taft,CA,8,1,2,2,32.0,0.0,3556.0,,,14074.0,1108.0,10852.0,0.2799,,0.2418,0.0034,PS,38861.0,0.4775
124283,Claremont School of Theology,Los Angeles,CA,8,2,4,4,11.0,0.0,,,,,,,,,,,PS,,
124292,Thomas Aquinas College,Santa Paula,CA,8,2,3,3,42.0,0.0,566.0,0.8309,1329.0,43426.0,30200.0,30200.0,0.843,0.9161,0.2672,0.6698,18000,55619.0,0.5053
124487,Epic Bible College & Graduate School,Sacramento,CA,8,2,3,4,21.0,0.0,66.0,,,,15072.0,15072.0,0.0,,0.4844,0.5313,16446,37822.0,0.6212
124681,UEI College-Huntington Park,Huntington Park,CA,8,3,1,1,21.0,0.0,1079.0,,,,,,,,0.7734,0.7816,9500,31141.0,0.4958
124706,Concorde Career College-San Bernardino,San Bernardino,CA,8,3,1,2,12.0,0.0,222.0,0.9834,,,,,,,0.781,0.8206,9500,39993.0,0.8604
124937,Concorde Career College-North Hollywood,North Hollywood,CA,8,3,1,2,11.0,0.0,158.0,1.0,,,,,,,0.6836,0.7793,9500,50552.0,0.7089
125028,Ventura College,Ventura,CA,8,1,2,2,12.0,0.0,10150.0,,,9306.0,1426.0,9615.0,,,0.2622,0.0079,6500,43430.0,0.5678
125037,The Colleges of Law at Ventura,Ventura,CA,8,2,4,4,12.0,0.0,,,,,,,,,,,PS,,
125082,Bridges Beauty College,Victorville,CA,8,3,1,1,21.0,0.0,98.0,,,,,,,,0.566,0.478,PS,17287.0,0.7551
125091,Victor Valley College,Victorville,CA,8,1,2,2,21.0,0.0,4210.0,,,8974.0,1425.0,10125.0,,,0.5598,0.0025,7500,36119.0,0.6138
125170,Berkeley City College,Berkeley,CA,8,1,2,2,12.0,0.0,4456.0,,,18845.0,1258.0,9898.0,,,0.1256,0.0084,9500,41217.0,0.5682
125231,Walden University,Minneapolis,MN,4,3,3,4,11.0,0.0,9136.0,,,35358.0,12762.0,12762.0,,0.0,0.5518,0.688,11500,42810.0,0.8578
125310,Waynes College of Beauty,Salinas,CA,8,3,1,1,12.0,0.0,46.0,,,,,,,,0.6753,0.4675,4424,,0.8913
125462,Coalinga College,Coalinga,CA,8,1,1,2,33.0,0.0,2522.0,,,19272.0,1384.0,10954.0,,,0.1991,0.0103,5500,37633.0,0.5052
125471,West Los Angeles College,Culver City,CA,8,1,1,3,21.0,0.0,7284.0,,,17336.0,1238.0,10572.0,0.2789,,0.2096,0.0213,9500,38537.0,0.5999
125499,West Valley College,Saratoga,CA,8,1,2,2,21.0,0.0,6416.0,,,13717.0,0.0,8702.0,,,0.1194,0.0029,7000,51688.0,0.5614
125532,Carrington College-Sacramento,Sacramento,CA,8,3,1,3,21.0,0.0,2168.0,,,,,,0.5077,,0.5737,0.6307,10460,39633.0,0.6804
125718,Westminster Theological Seminary in California,Escondido,CA,8,2,4,4,21.0,0.0,,,,,,,,,,,,,
125727,Westmont College,Santa Barbara,CA,8,2,3,3,22.0,0.0,1302.0,0.7705,1328.0,71150.0,53584.0,53584.0,0.7035,0.85,0.2003,0.5114,19343,64778.0,0.6098
125763,Whittier College,Whittier,CA,8,2,3,4,21.0,0.0,764.0,0.8079,,63664.0,51350.0,51350.0,0.5996,0.6621,0.3391,0.5388,18125,59492.0,0.572
125897,Woodbury University,Burbank,CA,8,2,3,4,11.0,0.0,779.0,0.8165,,58010.0,47056.0,47056.0,0.6,0.7404,0.4618,0.583,21500,65668.0,0.5443
126012,The Wright Institute,Berkeley,CA,8,2,4,4,12.0,0.0,,,,,,,,,,,PS,,
126049,Thomas Jefferson School of Law,San Diego,CA,8,2,4,4,11.0,0.0,,,,,,,,,,,PS,,
126076,Yeshiva Ohr Elchonon Chabad West Coast Talmudical Seminary,Los Angeles,CA,8,2,3,3,11.0,0.0,163.0,0.5821,,31300.0,16900.0,16900.0,0.1186,0.9508,0.7006,0.0,PS,48361.0,0.0
126119,Yuba College,Marysville,CA,8,1,2,2,22.0,0.0,4779.0,,,11496.0,1128.0,8208.0,,,0.3025,0.0091,6000,39552.0,0.6112
126182,Adams State University,Alamosa,CO,7,1,3,4,33.0,0.0,1250.0,,,24352.0,9824.0,21944.0,0.3942,0.5068,0.378,0.3335,11750,44372.0,0.4264
126207,Aims Community College,Greeley,CO,7,1,1,3,12.0,0.0,3635.0,,,16657.0,2258.0,11786.0,0.3957,0.7221,0.1494,0.0331,5250,41887.0,0.5373
126289,Arapahoe Community College,Littleton,CO,7,1,1,3,21.0,0.0,5383.0,,,18332.0,4434.0,17034.0,0.291,,0.0991,0.0779,6500,48341.0,0.5984
126359,Bel-Rea Institute of Animal Technology,Denver,CO,7,3,2,2,21.0,0.0,139.0,,,28043.0,13819.0,13819.0,,,0.3827,0.7469,11666,39506.0,0.9065
126562,University of Colorado Denver/Anschutz Medical Campus,Denver,CO,7,1,3,4,11.0,0.0,10519.0,0.7468,1116.0,24902.0,10383.0,29391.0,0.4615,0.7265,0.2616,0.2432,14500,64270.0,0.56
126580,University of Colorado Colorado Springs,Colorado Springs,CO,7,1,3,4,11.0,0.0,8697.0,0.9735,1133.0,24595.0,10149.0,24336.0,0.4693,0.6835,0.2729,0.3368,12965,54659.0,0.528
126605,Spartan College of Aeronautics and Technology,Broomfield,CO,7,3,2,2,13.0,0.0,397.0,,,37719.0,20235.0,20235.0,,,0.1215,0.1246,14750,59093.0,0.1083
126614,University of Colorado Boulder,Boulder,CO,7,1,3,4,12.0,0.0,31939.0,0.7808,1357.0,37684.0,15666.0,44918.0,0.7419,0.9015,0.1449,0.248,13000,69738.0,0.4732
126669,Colorado Christian University,Lakewood,CO,7,2,3,4,21.0,0.0,5549.0,,,54242.0,41342.0,41342.0,0.6441,0.8374,0.3747,0.453,14000,50416.0,0.698
126678,Colorado College,Colorado Springs,CO,7,2,3,4,11.0,0.0,2014.0,0.1847,1365.0,86921.0,70734.0,70734.0,0.8766,0.9362,0.1445,0.2573,13400,65222.0,0.5601
126687,Concorde Career College-Aurora,Aurora,CO,7,3,1,3,11.0,0.0,256.0,0.9046,,,,,0.636,,0.6008,0.7406,9500,42456.0,0.8672
126711,Colorado Mountain College,Glenwood Springs,CO,7,1,1,3,33.0,0.0,2816.0,,,14799.0,2616.0,12840.0,0.2737,0.4,0.1234,0.083,5500,44127.0,0.6374
126748,Colorado Northwestern Community College,Rangely,CO,7,1,1,3,43.0,0.0,504.0,,,20923.0,4594.0,7304.0,0.3354,,0.1441,0.1377,8250,43526.0,0.619
126775,Colorado School of Mines,Golden,CO,7,1,3,4,21.0,0.0,6155.0,0.6069,1412.0,40560.0,21914.0,45824.0,0.8171,0.9279,0.1357,0.3167,17500,97335.0,0.3189
126784,Colorado School of Trades,Lakewood,CO,7,3,2,2,21.0,0.0,85.0,0.9091,,,,,,,0.2778,0.3194,13375,51591.0,0.0824
126818,Colorado State University-Fort Collins,Fort Collins,CO,7,1,3,4,12.0,0.0,25538.0,0.8854,,31642.0,13373.0,34783.0,0.6651,0.8589,0.2109,0.3156,14750,60543.0,0.5489
126827,Colorado Technical University-Colorado Springs,Colorado Springs,CO,7,3,3,4,11.0,0.0,28086.0,,,23744.0,12750.0,12750.0,0.1878,0.5056,0.616,0.6346,12166,37180.0,0.6429
126863,Community College of Aurora,Aurora,CO,7,1,2,2,11.0,0.0,3250.0,,,17275.0,4470.0,17070.0,,,0.1608,0.0646,6500,44592.0,0.6015
126915,Technical College of the Rockies,Delta,CO,7,1,1,1,41.0,0.0,165.0,,,,,,,,0.2402,0.0,4750,45516.0,0.7333
126942,Community College of Denver,Denver,CO,7,1,2,3,11.0,0.0,5096.0,,,19550.0,4902.0,17136.0,0.1997,,0.3072,0.1739,5500,39095.0,0.6452
126951,Lincoln College of Technology-Denver,Denver,CO,7,3,1,2,11.0,0.0,1212.0,,,,,,,,0.4662,0.5997,9524,46396.0,0.1139
126979,Denver Seminary,Littleton,CO,7,2,4,4,21.0,0.0,,,,,,,,,,,PS,,
127060,University of Denver,Denver,CO,7,2,3,4,11.0,0.0,6025.0,0.7781,1355.0,78476.0,61398.0,61398.0,0.756,0.8894,0.1425,0.279,18000,71155.0,0.5492
127158,Emily Griffith Technical College,Denver,CO,7,1,1,1,11.0,0.0,6123.0,,,,,,,,0.0666,0.0,PS,35487.0,0.1298
127185,Fort Lewis College,Durango,CO,7,1,3,4,32.0,0.0,3079.0,0.773,1111.0,27030.0,9958.0,21526.0,0.3564,0.6613,0.3492,0.2995,9000,46349.0,0.5261
127200,Front Range Community College,Westminster,CO,7,1,1,3,21.0,0.0,11476.0,,,21526.0,4663.0,17263.0,0.3545,1.0,0.1712,0.1138,7000,45910.0,0.5952
127273,Iliff School of Theology,Denver,CO,7,2,4,4,11.0,0.0,,,,,,,,,,,,,
127316,International Salon and Spa Academy,Colorado Springs,CO,7,3,1,1,11.0,0.0,248.0,,,,,,,,0.5397,0.5327,5117,22332.0,0.7702
127389,Lamar Community College,Lamar,CO,7,1,2,2,33.0,0.0,400.0,,,20044.0,4550.0,7260.0,,,0.2911,0.0858,5973,38719.0,0.56
127556,Colorado Mesa University,Grand Junction,CO,7,1,1,4,13.0,0.0,8143.0,0.8203,1055.0,24046.0,9927.0,25124.0,0.4061,0.7879,0.2809,0.3086,11000,45823.0,0.5453
127565,Metropolitan State University of Denver,Denver,CO,7,1,3,4,11.0,0.0,15002.0,0.988,1019.0,24622.0,11124.0,30684.0,0.3154,0.6289,0.3551,0.277,12500,52093.0,0.5475
127617,Morgan Community College,Fort  Morgan,CO,7,1,1,3,41.0,0.0,634.0,,,17497.0,4252.0,16852.0,0.4458,,0.1853,0.081,5500,39429.0,0.7082
127653,Naropa University,Boulder,CO,7,2,3,4,12.0,0.0,339.0,1.0,,53397.0,36620.0,36620.0,0.3667,0.5417,0.5136,0.5435,14750,28720.0,0.7021
127714,Nazarene Bible College,Colorado Springs,CO,7,2,3,3,11.0,0.0,284.0,,,,10482.0,10482.0,,,0.149,0.1147,17106,41450.0,0.4894
127732,Northeastern Junior College,Sterling,CO,7,1,1,2,33.0,0.0,786.0,,,21558.0,5730.0,8267.0,,,0.225,0.1738,5500,39893.0,0.5509
127741,University of Northern Colorado,Greeley,CO,7,1,3,4,12.0,0.0,5598.0,0.8585,1082.0,29254.0,12416.0,27266.0,0.5124,0.7585,0.2618,0.3652,13805,52231.0,0.6692
127778,Otero College,La Junta,CO,7,1,1,2,33.0,0.0,619.0,,,21020.0,4576.0,7286.0,,,0.3817,0.1687,6000,39018.0,0.5784
127820,Pikes Peak State College,Colorado Springs,CO,7,1,2,3,21.0,0.0,9595.0,,,18473.0,4510.0,17110.0,0.2058,,0.298,0.1445,4900,40796.0,0.592
127884,Pueblo Community College,Pueblo,CO,7,1,1,3,12.0,0.0,3619.0,,,22002.0,5049.0,17649.0,0.3068,0.0,0.2823,0.1649,5750,37434.0,0.6524
127909,Red Rocks Community College,Lakewood,CO,7,1,1,4,21.0,0.0,4889.0,,,18143.0,4859.0,17459.0,0.3201,,0.1726,0.0916,4900,46288.0,0.5146
127918,Regis University,Denver,CO,7,2,3,4,11.0,0.0,2627.0,0.8646,1220.0,54800.0,46340.0,46340.0,0.6102,0.7143,0.3183,0.4086,19750,72105.0,0.6841
127945,Rocky Mountain College of Art and Design,Lakewood,CO,7,3,3,3,21.0,0.0,2050.0,,,37505.0,20190.0,20190.0,0.3176,0.5398,0.4836,0.5996,9500,42958.0,0.7634
127954,Montessori Education Center of the Rockies,Denver,CO,7,2,1,1,11.0,0.0,10.0,1.0,,,,,0.8333,,0.125,0.25,PS,44643.0,1.0
128106,Colorado State University Pueblo,Pueblo,CO,7,1,3,4,12.0,0.0,3042.0,0.949,1120.0,23937.0,9720.0,17944.0,0.3973,0.6425,0.2857,0.2324,14475,55563.0,0.5345
128151,Pickens Technical College,Aurora,CO,7,1,1,1,11.0,0.0,686.0,,,12439.0,5140.0,9250.0,,,0.3102,0.0,PS,39210.0,0.4636
128179,Intellitec College-Colorado Springs,Colorado Springs,CO,7,3,1,2,11.0,0.0,679.0,,,,,,,,0.5947,0.4952,8894,42169.0,0.2636
128188,Intellitec College-Grand Junction,Grand Junction,CO,7,3,1,2,13.0,0.0,1077.0,,,,,,,,0.6364,0.5869,9088,31541.0,0.6091
128258,Trinidad State College,Trinidad,CO,7,1,1,3,33.0,0.0,1188.0,,,21458.0,4608.0,7318.0,0.545,0.6384,0.4535,0.1235,6500,36475.0,0.5143
128328,United States Air Force Academy,USAF Academy,CO,0,1,3,3,41.0,0.0,4114.0,0.1409,1350.0,,,,0.8751,0.9655,,,,,0.2951
128337,Empire Beauty School-Thornton,Thornton,CO,7,3,1,1,21.0,0.0,149.0,,,,,,,,0.5862,0.546,6756,24397.0,0.9732
128391,Western Colorado University,Gunnison,CO,7,1,3,4,33.0,0.0,1586.0,0.9971,1230.0,25736.0,11318.0,24434.0,0.505,0.7238,0.1202,0.1967,12000,46833.0,0.4332
128498,Albertus Magnus College,New Haven,CT,1,2,3,4,12.0,0.0,991.0,0.5931,,59407.0,41908.0,41908.0,0.5148,0.6686,0.5056,0.7388,25000,60144.0,0.6206
128586,Bais Binyomin Academy,Monsey,NY,2,2,2,2,21.0,0.0,46.0,1.0,,35950.0,9450.0,9450.0,0.0833,0.7083,0.74,0.0,PS,,0.0
128744,University of Bridgeport,Bridgeport,CT,1,2,3,4,12.0,0.0,1534.0,0.8302,,52957.0,35760.0,35760.0,0.4119,0.6129,0.5348,0.7566,19500,50323.0,0.7093
128771,Central Connecticut State University,New Britain,CT,1,1,3,4,21.0,0.0,7822.0,0.7333,1080.0,24870.0,13050.0,16550.0,0.4844,0.7711,0.3836,0.4916,16750,58562.0,0.4602
128780,Charter Oak State College,New Britain,CT,1,1,3,4,21.0,0.0,1821.0,,,23210.0,8506.0,8506.0,0.6667,1.0,0.4403,0.4516,12422,64209.0,0.7869
128896,Cortiva Institute,Cromwell,CT,1,3,1,1,21.0,0.0,209.0,,,,,,,,0.5718,0.6333,11259,34866.0,0.8947
128902,Connecticut College,New London,CT,1,2,3,3,13.0,0.0,1937.0,0.3704,1432.0,84623.0,67242.0,67242.0,0.8205,0.8973,0.1419,0.3544,20000,75001.0,0.6066
129002,Porter & Chester Institute of Hamden,Hamden,CT,1,3,1,1,21.0,0.0,402.0,,,26042.0,14337.0,14337.0,,,0.7027,0.1201,9500,42914.0,0.3483
129020,University of Connecticut,Storrs,CT,1,1,3,4,31.0,0.0,19835.0,0.5239,1348.0,39426.0,21044.0,43712.0,0.8329,0.9246,0.2538,0.4156,18610,73997.0,0.5513
129154,Goodwin University,East Hartford,CT,1,2,2,4,13.0,0.0,2693.0,,,39589.0,21198.0,21198.0,0.5821,0.6667,0.5441,0.7695,14221,43596.0,0.8615
129181,Lincoln Technical Institute-East Windsor,East Windsor,CT,1,3,1,1,21.0,0.0,1008.0,,,,,,,,0.5384,0.6901,9500,38683.0,0.1379
129215,Eastern Connecticut State University,Willimantic,CT,1,1,3,4,31.0,0.0,3418.0,0.8298,1160.0,31983.0,13928.0,17428.0,0.5752,0.8374,0.2868,0.4816,18500,56469.0,0.5898
129242,Fairfield University,Fairfield,CT,1,2,3,4,21.0,0.0,5373.0,0.3329,1335.0,76074.0,58350.0,58350.0,0.843,0.9129,0.0692,0.4322,23251,88794.0,0.5783
129349,Paul Mitchell the School-North Haven,North Haven,CT,1,3,1,1,21.0,0.0,178.0,,,,,,,,0.4404,0.4893,6333,30900.0,0.9888
129367,Connecticut State Community College,New Britain,CT,1,1,2,2,12.0,0.0,33645.0,,,18370.0,5338.0,15596.0,,,0.4544,0.0832,5235,41344.0,0.612
129482,American Institute-West Hartford,West Hartford,CT,1,3,1,1,13.0,0.0,402.0,,,,,,,,0.6656,0.8169,9304,28710.0,0.9353
129491,Hartford International University for Religion and Peace,Hartford,CT,1,2,4,4,12.0,0.0,,,,,,,,,,,PS,,
129525,University of Hartford,West Hartford,CT,1,2,3,4,12.0,0.0,4146.0,0.9575,1219.0,64729.0,49075.0,49075.0,0.5438,0.829,0.3304,0.6589,19500,60823.0,0.5839
129534,Holy Apostles College and Seminary,Cromwell,CT,1,2,3,4,21.0,0.0,216.0,,,17990.0,9580.0,9580.0,0.7857,0.9091,0.2148,0.2,7500,,0.4769
129774,Mitchell College,New London,CT,1,2,3,3,13.0,0.0,377.0,0.9466,,55621.0,40490.0,40490.0,0.4218,0.5904,0.3828,0.5852,15000,39115.0,0.4483
129923,Lincoln Technical Institute-New Britain,New Britain,CT,1,3,1,1,21.0,0.0,928.0,,,,,,,,0.6609,0.8342,9500,38683.0,0.5614
129932,New England Tractor Trailer Training School of Connecticut,Somers,CT,1,3,1,1,41.0,0.0,289.0,,,,,,,,0.4513,0.5292,6333,44444.0,0.1592
129941,University of New Haven,West Haven,CT,1,2,3,4,21.0,0.0,4841.0,0.6038,1160.0,66962.0,47332.0,47332.0,0.6307,0.7648,0.3244,0.7246,20475,60126.0,0.6042
130174,Porter & Chester Institute,Bridgeport,CT,1,3,1,1,12.0,0.0,1373.0,,,25892.0,14349.0,14349.0,,,0.5663,0.6,9500,41588.0,0.3401
130183,Post University,Waterbury,CT,1,3,3,4,12.0,0.0,13603.0,,,28897.0,16327.0,16327.0,0.2493,0.3341,0.7837,0.8138,8750,38696.0,0.7265
130226,Quinnipiac University,Hamden,CT,1,2,3,4,21.0,0.0,6531.0,0.7215,1242.0,72215.0,55480.0,55480.0,0.757,0.8912,0.1617,0.5944,21500,83759.0,0.5999
130253,Sacred Heart University,Fairfield,CT,1,2,3,4,21.0,0.0,7087.0,0.6536,,69289.0,50404.0,50404.0,0.7346,0.8308,0.158,0.5717,19860,75059.0,0.6384
130314,University of Saint Joseph,West Hartford,CT,1,2,3,4,13.0,0.0,838.0,0.7859,950.0,59900.0,47278.0,47278.0,0.6376,0.8208,0.3265,0.7065,24000,59908.0,0.6862
130493,Southern Connecticut State University,New Haven,CT,1,1,3,4,12.0,0.0,6295.0,0.9147,,29673.0,13438.0,27378.0,0.4993,0.7787,0.4083,0.5222,15000,55043.0,0.6003
130590,Trinity College,Hartford,CT,1,2,3,4,12.0,0.0,2146.0,0.2925,1415.0,87840.0,70770.0,70770.0,0.8377,0.8995,0.1377,0.3777,21000,90779.0,0.5322
130624,United States Coast Guard Academy,New London,CT,0,1,3,3,13.0,0.0,1108.0,0.2244,1339.0,,,,0.9273,0.9861,,,,,0.3673
130697,Wesleyan University,Middletown,CT,1,2,3,4,13.0,0.0,3067.0,0.1649,1501.0,89020.0,70342.0,70342.0,0.9264,0.9488,0.1419,0.1634,13824,73897.0,0.5217
130776,Western Connecticut State University,Danbury,CT,1,1,3,4,13.0,0.0,3511.0,0.8701,1110.0,24877.0,13401.0,16901.0,0.5176,0.7319,0.3515,0.4859,17002,59115.0,0.5019
130794,Yale University,New Haven,CT,1,2,3,4,12.0,0.0,6758.0,0.0387,1534.0,88300.0,67250.0,67250.0,0.9574,0.9878,0.2039,0.054,11648,100533.0,0.5149
130837,Margaret H Rollins School of Nursing at Beebe Medical Center,Lewes,DE,2,2,1,1,32.0,0.0,51.0,,,,,,,,0.4419,0.3023,7500,72380.0,0.902
130873,Dawn Career Institute LLC,Newark,DE,2,3,1,1,21.0,0.0,355.0,,,,,,,,0.6634,0.5475,9298,30429.0,0.7014
130907,Delaware Technical Community College-Terry,Dover,DE,2,1,2,3,13.0,0.0,10867.0,,,17232.0,5445.0,12308.0,0.2248,,0.3829,0.1379,5500,41448.0,0.6769
130934,Delaware State University,Dover,DE,2,1,3,4,13.0,1.0,4398.0,0.4658,940.0,27939.0,10670.0,20634.0,0.391,0.6995,0.4853,0.5222,17500,49307.0,0.6482
130943,University of Delaware,Newark,DE,2,1,3,4,21.0,0.0,19071.0,0.706,1292.0,30952.0,16810.0,41400.0,0.8055,0.9196,0.1612,0.4952,21000,72950.0,0.6023
130989,Goldey-Beacom College,Wilmington,DE,2,2,3,4,21.0,0.0,691.0,0.8451,,26502.0,14940.0,14940.0,0.5743,0.7181,0.3789,0.3447,14375,59892.0,0.5109
131061,Schilling-Douglas School of Hair Design,Newark,DE,2,3,1,1,21.0,0.0,152.0,,,,,,,,0.4441,0.5664,7733,27420.0,0.9605
131113,Wilmington University,New Castle,DE,2,2,3,4,21.0,0.0,7906.0,,,19644.0,12630.0,12630.0,0.1982,0.6122,0.2613,0.4564,14308,53844.0,0.6161
131159,American University,Washington,DC,2,2,3,4,11.0,0.0,7266.0,0.6196,1381.0,76058.0,58771.0,58771.0,0.7549,0.882,0.1388,0.3799,19500,77370.0,0.6236
131283,The Catholic University of America,Washington,DC,2,2,3,4,11.0,0.0,3154.0,0.8278,,75481.0,58378.0,58378.0,0.7947,0.8651,0.2032,0.4779,22250,73250.0,0.5384
131399,University of the District of Columbia,Washington,DC,2,1,2,4,11.0,1.0,3351.0,,,20437.0,5662.0,12514.0,0.3324,0.6757,0.3579,0.1902,14250,44236.0,0.6714
131405,Pontifical Faculty of the Immaculate Conception at the Dominican House of Studies,Washington,DC,2,2,4,4,11.0,0.0,,,,,,,,,,,,,
131450,Gallaudet University,Washington,DC,2,2,3,4,11.0,0.0,812.0,0.5806,868.0,40374.0,19654.0,19654.0,0.4726,0.7114,0.5789,0.3819,12750,43101.0,0.5197
131469,George Washington University,Washington,DC,2,2,3,4,11.0,0.0,11182.0,0.4709,1433.0,83856.0,67710.0,67710.0,0.8398,0.9223,0.1582,0.3158,19500,90873.0,0.6368
131496,Georgetown University,Washington,DC,2,2,3,4,11.0,0.0,7569.0,0.1291,1487.0,88741.0,68017.0,68017.0,0.9481,0.9675,0.1012,0.1788,13500,103494.0,0.5896
131520,Howard University,Washington,DC,2,2,3,4,11.0,1.0,10108.0,0.4134,1213.0,54630.0,35810.0,35810.0,0.6996,0.9088,0.4,0.5879,19200,63066.0,0.7328
131803,Strayer University-District of Columbia,Washington,DC,2,3,3,4,11.0,0.0,156.0,,,,13920.0,13920.0,0.0,1.0,0.7387,0.829,14000,40092.0,0.7051
131830,National Conservatory of Dramatic Arts,Washington,DC,2,2,1,1,11.0,0.0,16.0,1.0,,,11600.0,11600.0,,,0.44,0.28,PS,,0.4375
131876,Trinity Washington University,Washington,DC,2,2,3,4,11.0,0.0,1414.0,0.9952,,33903.0,26610.0,26610.0,0.4929,0.6923,0.5449,0.4071,19402,53804.0,0.9767
131973,Wesley Theological Seminary,Washington,DC,2,2,4,4,11.0,0.0,,,,,,,,,,,PS,,
132374,Atlantic Technical College,Coconut Creek,FL,5,1,1,1,21.0,0.0,3000.0,,,,,,,,0.0661,0.0,PS,38560.0,0.132
132408,Baptist University of Florida,Graceville,FL,5,2,3,4,42.0,0.0,360.0,0.3599,,23159.0,15000.0,15000.0,0.5185,0.45,0.3988,0.1903,17073,42836.0,0.4667
132471,Barry University,Miami,FL,5,2,3,4,21.0,0.0,2212.0,0.7724,,50778.0,34350.0,34350.0,0.3787,0.6337,0.3908,0.4441,15750,55966.0,0.6243
132602,Bethune-Cookman University,Daytona Beach,FL,5,2,3,4,13.0,1.0,2732.0,0.8824,880.0,29764.0,14794.0,14794.0,0.3052,0.6175,0.783,0.8203,22500,38518.0,0.6255
132657,Lynn University,Boca Raton,FL,5,2,3,4,13.0,0.0,2859.0,0.7347,1134.0,67880.0,44480.0,44480.0,0.5206,0.766,0.2341,0.363,10413,49006.0,0.4918
132675,North Florida Technical College,Starke,FL,5,1,1,1,32.0,0.0,84.0,,,,,,,,0.1242,0.0,PS,31683.0,0.5476
132693,Eastern Florida State College,Melbourne,FL,5,1,2,3,13.0,0.0,10490.0,,,11966.0,2496.0,9739.0,0.5208,,0.2949,0.1526,8279,37195.0,0.5949
132709,Broward College,Fort Lauderdale,FL,5,1,2,3,12.0,0.0,24922.0,,,21947.0,2830.0,8952.0,0.3913,,0.4015,0.0956,4500,41939.0,0.5911
132842,Albizu University-Miami,Miami,FL,5,2,3,4,13.0,0.0,287.0,0.7571,,28344.0,13818.0,13818.0,0.4,0.8333,0.6637,0.7124,5000,41544.0,0.8571
132851,College of Central Florida,Ocala,FL,5,1,1,3,13.0,0.0,5033.0,,,18424.0,2710.0,10517.0,0.4446,,0.4054,0.1766,8550,38203.0,0.6436
132903,University of Central Florida,Orlando,FL,5,1,3,4,21.0,0.0,59146.0,0.4011,1269.0,23133.0,6368.0,22467.0,0.7801,0.9235,0.3234,0.2258,15000,58308.0,0.5343
132976,Charlotte Technical College,Port Charlotte,FL,5,1,1,1,22.0,0.0,298.0,,,13272.0,3110.0,12110.0,,,0.3348,0.0,PS,36349.0,0.406
133021,Chipola College,Marianna,FL,5,1,1,3,32.0,0.0,1312.0,,,9262.0,3120.0,8950.0,0.5313,,0.2676,0.0,PS,37378.0,0.5892
133155,Lorenzo Walker Technical College,Naples,FL,5,1,1,1,21.0,0.0,875.0,,,,,,,,0.1962,0.0,PS,36853.0,0.5143
133386,Daytona State College,Daytona Beach,FL,5,1,2,3,13.0,0.0,10176.0,,,12050.0,3106.0,11994.0,0.4323,,0.3454,0.1699,5500,37096.0,0.6039
133465,South University-West Palm Beach,Royal Palm Beach,FL,5,3,3,4,21.0,0.0,251.0,,,29798.0,18145.0,18145.0,0.1818,1.0,0.5951,0.6796,13000,34421.0,0.7371
133492,Eckerd College,Saint Petersburg,FL,5,2,3,3,11.0,0.0,1888.0,0.758,1250.0,68944.0,51884.0,51884.0,0.6592,0.7584,0.2085,0.4366,19500,51819.0,0.7018
133508,Florida SouthWestern State College,Fort Myers,FL,5,1,2,3,21.0,0.0,11052.0,,,14254.0,3401.0,12979.0,0.3921,,0.347,0.1065,5000,43421.0,0.6302
133526,Edward Waters University,Jacksonville,FL,5,2,3,4,11.0,1.0,1087.0,0.8495,,26617.0,16366.0,16366.0,0.2819,0.5385,0.7545,0.6835,11000,34782.0,0.4701
133553,Embry-Riddle Aeronautical University-Daytona Beach,Daytona Beach,FL,5,2,3,4,13.0,0.0,7860.0,0.6481,1257.0,64632.0,44249.0,44249.0,0.6655,0.8806,0.1478,0.2888,14250,84131.0,0.28
133650,Florida Agricultural and Mechanical University,Tallahassee,FL,5,1,3,4,12.0,1.0,7582.0,0.2056,1107.0,23970.0,5785.0,17725.0,0.5335,0.8918,0.5431,0.4997,17855,44349.0,0.6572
133669,Florida Atlantic University,Boca Raton,FL,5,1,3,4,13.0,0.0,23757.0,0.6613,1127.0,21522.0,4879.0,17324.0,0.6257,0.8447,0.3392,0.2634,12500,56746.0,0.5725
133702,Florida State College at Jacksonville,Jacksonville,FL,5,1,2,3,11.0,0.0,19648.0,,,9323.0,2878.0,9992.0,0.3683,,0.3685,0.1885,8750,42244.0,0.6392
133711,Flagler College,Saint Augustine,FL,5,2,3,4,23.0,0.0,2391.0,0.8076,1084.0,45744.0,29900.0,29900.0,0.5598,0.7553,0.2907,0.5522,15000,49483.0,0.6813
133809,Florida College,Temple Terrace,FL,5,2,3,3,21.0,0.0,588.0,0.6966,1108.0,34870.0,20360.0,20360.0,0.5404,0.756,0.2314,0.4155,10000,43445.0,0.5034
133845,Concorde Career Institute-Jacksonville,Jacksonville,FL,5,3,1,2,11.0,0.0,225.0,0.9404,,,,,,,0.739,0.8434,9500,34098.0,0.92
133854,Concorde Career Institute-Miramar,Miramar,FL,5,3,1,2,21.0,0.0,108.0,0.9959,,,,,,,0.7231,0.7169,9500,35442.0,0.8056
133863,Concorde Career Institute-Tampa,Tampa,FL,5,3,1,2,11.0,0.0,158.0,0.957,,,,,,,0.6461,0.6685,9500,36288.0,0.8734
133872,AdventHealth University,Orlando,FL,5,2,3,4,11.0,0.0,1361.0,,,38408.0,21420.0,21420.0,0.3889,0.64,0.3677,0.4865,18000,72282.0,0.8604
133881,Florida Institute of Technology,Melbourne,FL,5,2,3,4,13.0,0.0,3404.0,0.577,1225.0,62440.0,45900.0,45900.0,0.6354,0.7995,0.2111,0.4008,14049,43137.0,0.3302
133951,Florida International University,Miami,FL,5,1,3,4,21.0,0.0,39508.0,0.5466,1163.0,21462.0,6565.0,18964.0,0.7443,0.9185,0.4137,0.1686,14246,60249.0,0.553
133960,The College of the Florida Keys,Key West,FL,5,1,2,3,33.0,0.0,1012.0,,,19667.0,3276.0,13162.0,0.3413,,0.2775,0.3279,8250,42508.0,0.5524
133979,Florida Memorial University,Miami Gardens,FL,5,2,3,4,21.0,1.0,1183.0,0.8526,,35809.0,20174.0,20174.0,0.311,0.4952,0.6913,0.6597,16475,36624.0,0.5579
134024,Florida School of Massage,Gainesville,FL,5,3,1,1,41.0,0.0,25.0,,,,,,,,0.4444,0.4444,7073,26752.0,0.56
134079,Florida Southern College,Lakeland,FL,5,2,3,4,12.0,0.0,2656.0,0.6442,1252.0,60768.0,44040.0,44040.0,0.7055,0.8,0.281,0.535,19500,55294.0,0.648
134097,Florida State University,Tallahassee,FL,5,1,3,4,12.0,0.0,32212.0,0.2422,1361.0,25720.0,5656.0,18786.0,0.8561,0.9605,0.2297,0.2038,16100,61675.0,0.5615
134130,University of Florida,Gainesville,FL,5,1,3,4,12.0,0.0,35629.0,0.242,1403.0,22523.0,6381.0,28659.0,0.9112,0.9771,0.2166,0.1069,14000,71588.0,0.5465
134228,Fort Pierce Beauty Academy,Fort Pierce,FL,5,3,1,1,21.0,0.0,28.0,,,,,,,,0.9756,0.9756,5500,23091.0,0.6786
134237,Full Sail University,Winter Park,FL,5,3,3,4,21.0,0.0,25777.0,,,47530.0,26906.0,26906.0,0.4433,0.5309,0.3383,0.6312,14038,38219.0,0.3308
134291,George Stone Technical College,Pensacola,FL,5,1,1,1,21.0,0.0,561.0,,,,,,,,0.1776,0.0,PS,35234.0,0.1907
134307,George T Baker Aviation Technical College,Miami,FL,5,1,1,1,21.0,0.0,1040.0,,,,,,,,0.4315,0.0,PS,52312.0,0.0769
134343,Gulf Coast State College,Panama City,FL,5,1,2,3,13.0,0.0,3934.0,,,14657.0,2370.0,8635.0,0.4346,,0.2835,0.0704,5500,38359.0,0.6538
134495,Hillsborough College,Tampa,FL,5,1,1,3,11.0,0.0,21472.0,,,9924.0,2506.0,9111.0,0.3418,,0.4203,0.5259,6000,40782.0,0.5978
134510,Hobe Sound Bible College,Hobe Sound,FL,5,2,3,4,21.0,0.0,112.0,,,18838.0,9068.0,9068.0,0.5,0.9167,0.5035,0.0851,PS,39863.0,0.6161
134529,Hollywood Institute of Beauty Careers,Hollywood,FL,5,3,1,1,21.0,0.0,218.0,,,,,,,,0.5451,0.4971,6105,21386.0,0.8532
134574,Cortiva Institute,St. Petersburg,FL,5,3,1,1,11.0,0.0,95.0,,,,,,,,0.4795,0.5023,7485,29204.0,0.9368
134608,Indian River State College,Fort Pierce,FL,5,1,2,3,21.0,0.0,11822.0,,,11576.0,2764.0,10201.0,0.4491,,0.3438,0.0382,5500,38315.0,0.6037
134714,International Academy,South Daytona,FL,5,3,1,1,21.0,0.0,186.0,,,,,,,,0.5918,0.6122,7917,19824.0,0.8817
134945,Jacksonville University,Jacksonville,FL,5,2,3,4,11.0,0.0,2930.0,0.5694,1205.0,63969.0,47830.0,47830.0,0.5065,0.7467,0.3073,0.45,12803,68010.0,0.5584
135081,Keiser University-Ft Lauderdale,Fort Lauderdale,FL,5,2,2,4,12.0,0.0,17678.0,0.9697,,43251.0,25056.0,25056.0,0.6101,0.7102,0.5732,0.7135,13000,39696.0,0.6951
135142,La Belle Beauty School,Hialeah,FL,5,3,1,1,21.0,0.0,63.0,,,,,,,,0.399,0.399,7056,16879.0,0.9683
135160,Florida Gateway College,Lake City,FL,5,1,1,3,32.0,0.0,2301.0,,,14388.0,3100.0,11747.0,0.5391,,0.3983,0.1547,5500,37894.0,0.6736
135179,Lake Technical College,Eustis,FL,5,1,1,1,22.0,0.0,799.0,,,,,,,,0.3238,0.0,PS,32793.0,0.4681
135188,Lake-Sumter State College,Leesburg,FL,5,1,2,3,22.0,0.0,4177.0,,,12626.0,3292.0,13276.0,0.4836,,0.2992,0.4263,4500,39876.0,0.6335
135267,Fort Myers Technical College,Fort Myers,FL,5,1,1,1,13.0,0.0,737.0,,,,,,,,0.1913,0.0,PS,40082.0,0.2782
135276,Lively Technical College,Tallahassee,FL,5,1,1,1,12.0,0.0,762.0,,,,,,,,0.2582,0.0,PS,30413.0,0.4055
135294,Lindsey Hopkins Technical College,Miami,FL,5,1,1,1,11.0,0.0,393.0,,,,,,,,0.2206,0.0,PS,34107.0,0.341
135337,Loraines Academy & Spa,Saint Petersburg,FL,5,3,1,1,11.0,0.0,30.0,,,,,,,,0.552,0.536,5833,18342.0,0.9333
135364,Luther Rice College & Seminary,Lithonia,GA,5,2,3,4,21.0,0.0,165.0,0.9167,,31680.0,11320.0,11320.0,,0.5,0.5,0.449,16094,47003.0,0.3152
135391,State College of Florida-Manatee-Sarasota,Bradenton,FL,5,1,2,3,21.0,0.0,7379.0,,,28709.0,3074.0,11595.0,0.3829,,0.3298,0.0826,5720,40318.0,0.6428
135407,Manatee Technical College,Bradenton,FL,5,1,1,1,21.0,0.0,1486.0,,,,,,,,0.2559,0.0,PS,38129.0,0.3668
135522,Traviss Technical College,Lakeland,FL,5,1,1,1,41.0,0.0,460.0,,,,,,,,0.3629,0.0,PS,39813.0,0.3261
135559,Merryfield Academy,Oakland Park,FL,5,3,1,1,21.0,0.0,70.0,,,,,,,,0.9211,0.9211,6333,,0.8429
135647,Miami Lakes Educational Center and Technical College,Miami Lakes,FL,5,1,1,1,21.0,0.0,665.0,,,,,,,,0.1648,0.0,PS,35014.0,0.3383
135717,Miami Dade College,Miami,FL,5,1,1,3,11.0,0.0,46182.0,,,13567.0,2838.0,9661.0,0.4594,,0.4974,0.0327,7500,40654.0,0.5744
135726,University of Miami,Coral Gables,FL,5,2,3,4,21.0,0.0,12913.0,0.189,1415.0,86078.0,62616.0,62616.0,0.8368,0.9377,0.1486,0.2655,15250,75328.0,0.5454
135735,Orange Technical College-South Campus,Orlando,FL,5,1,1,1,21.0,0.0,1124.0,,,,,,,,0.0866,0.0,PS,33350.0,0.1495
136109,Paul Mitchell the School-Jacksonville,Jacksonville,FL,5,3,1,1,11.0,0.0,118.0,,,,,,,,0.4012,0.5116,9833,34949.0,0.9407
136145,North Florida College,Madison,FL,5,1,2,3,42.0,0.0,793.0,,,9265.0,3054.0,11400.0,0.5922,,0.3895,0.0,PS,33929.0,0.7364
136172,University of North Florida,Jacksonville,FL,5,1,3,4,11.0,0.0,13359.0,0.5324,1153.0,20983.0,6389.0,20793.0,0.6921,0.8466,0.3075,0.2269,11750,56343.0,0.5813
136215,Nova Southeastern University,Fort Lauderdale,FL,5,2,3,4,21.0,0.0,7240.0,0.7321,1157.0,56692.0,38700.0,38700.0,0.6334,0.7564,0.3581,0.4513,16985,59209.0,0.716
136233,Northwest Florida State College,Niceville,FL,5,1,2,3,22.0,0.0,3010.0,,,12914.0,2583.0,10612.0,0.3888,,0.211,0.1977,5500,39664.0,0.607
136303,Orange Technical College,Orlando,FL,5,1,1,1,11.0,0.0,166.0,,,,,,,,0.0822,0.0,PS,36650.0,0.8494
136330,Palm Beach Atlantic University,West Palm Beach,FL,5,2,3,4,12.0,0.0,2603.0,0.8199,1075.0,53827.0,40650.0,40650.0,0.5534,0.6796,0.2296,0.3723,13816,49232.0,0.6658
136358,Palm Beach State College,Lake Worth,FL,5,1,2,3,21.0,0.0,21956.0,,,16830.0,3050.0,10910.0,0.4106,,0.3835,0.1099,5061,41923.0,0.6075
136400,Pasco-Hernando State College,New Port Richey,FL,5,1,2,3,21.0,0.0,6900.0,,,11730.0,3155.0,12032.0,0.41,,0.2945,0.0743,7000,39903.0,0.6062
136455,PENSACOLA CHRISTIAN COLLEGE,Pensacola,FL,5,2,3,4,2.0,0.0,,,,,,,,,,,,,
136473,Pensacola State College,Pensacola,FL,5,1,2,3,13.0,0.0,7538.0,,,11894.0,2361.0,9460.0,0.3642,,0.3886,0.083,5500,36739.0,0.666
136491,Pinellas Technical College-Clearwater,Clearwater,FL,5,1,1,1,13.0,0.0,732.0,,,,,,,,0.183,0.0,PS,34627.0,0.3743
136516,Polk State College,Winter Haven,FL,5,1,2,3,13.0,0.0,7180.0,,,13451.0,2694.0,9817.0,0.3534,,0.3173,0.0648,6500,40624.0,0.6513
136659,Radford M Locklin Technical College,Milton,FL,5,1,1,1,41.0,0.0,233.0,,,,,,,,0.184,0.0,PS,35997.0,0.1459
136701,Saint Vincent de Paul Regional Seminary,Boynton Beach,FL,5,2,4,4,21.0,0.0,,,,,,,,,,,,,
136765,Ridge Technical College,Winter Haven,FL,5,1,1,1,13.0,0.0,407.0,,,27493.0,3930.0,10530.0,,,0.5653,0.0,PS,33484.0,0.4914
136774,Ringling College of Art and Design,Sarasota,FL,5,2,3,3,13.0,0.0,1662.0,0.6965,,80276.0,57900.0,57900.0,0.7207,0.8635,0.2108,0.3827,27000,43325.0,0.7455
136826,Robert Morgan Educational Center and Technical College,Miami,FL,5,1,1,1,21.0,0.0,1045.0,,,,,,,,0.1469,0.0,PS,37543.0,0.4182
136950,Rollins College,Winter Park,FL,5,2,3,4,21.0,0.0,2631.0,0.4754,1271.0,76108.0,60580.0,60580.0,0.7505,0.8524,0.2285,0.3938,21385,58295.0,0.6108
137023,First Coast Technical College,Saint Augustine,FL,5,1,1,1,23.0,0.0,727.0,,,,,,,,0.3234,0.0,PS,33784.0,0.4305
137032,Saint Leo University,Saint Leo,FL,5,2,3,4,31.0,0.0,6721.0,0.784,,45264.0,30000.0,30000.0,0.45,0.5922,0.3249,0.3203,14250,48364.0,0.5828
137078,St Petersburg College,St. Petersburg,FL,5,1,2,3,11.0,0.0,18950.0,,,12885.0,2682.0,9286.0,0.3825,,0.328,0.1584,11000,42557.0,0.6211
137087,Pinellas Technical College-St. Petersburg,Saint Petersburg,FL,5,1,1,1,11.0,0.0,810.0,,,,,,,,0.2402,0.0,PS,36188.0,0.4753
137096,Santa Fe College,Gainesville,FL,5,1,2,3,22.0,0.0,11122.0,,,14165.0,2563.0,9189.0,0.5343,,0.2799,0.1115,7125,41631.0,0.5399
137120,Suncoast Technical College,Sarasota,FL,5,1,1,1,21.0,0.0,1116.0,,,,,,,,0.1097,0.0,PS,40621.0,0.362
137209,Seminole State College of Florida,Sanford,FL,5,1,1,3,13.0,0.0,12864.0,,,14281.0,3122.0,11447.0,0.4129,,0.286,0.1766,7704,41733.0,0.5814
137245,Sheridan Technical College,Hollywood,FL,5,1,1,1,21.0,0.0,1352.0,,,,,,,,0.2799,0.0,PS,33166.0,0.466
137272,St. John Vianney College Seminary,Miami,FL,5,2,3,3,21.0,0.0,77.0,0.9286,,,25500.0,25500.0,1.0,1.0,0.0,0.0,PS,,0.013
137281,Saint Johns River State College,Palatka,FL,5,1,2,3,32.0,0.0,4403.0,,,12906.0,2591.0,9335.0,0.4888,,0.187,0.0678,8323,41728.0,0.6471
137315,South Florida State College,Avon Park,FL,5,1,2,3,23.0,0.0,2045.0,,,10169.0,3165.0,11859.0,0.4764,,0.4264,0.0477,5387,39990.0,0.6983
137351,University of South Florida,Tampa,FL,5,1,3,4,11.0,0.0,37207.0,0.4319,1227.0,22859.0,6410.0,17324.0,0.7676,0.9128,0.2936,0.2386,14976,57743.0,0.568
137476,St. Thomas University,Miami Gardens,FL,5,2,3,4,21.0,0.0,2214.0,0.9791,,51205.0,34770.0,34770.0,0.4806,0.5656,0.2697,0.3085,9500,54272.0,0.4463
137546,Stetson University,DeLand,FL,5,2,3,4,13.0,0.0,2297.0,0.716,1176.0,72533.0,57410.0,57410.0,0.6229,0.7818,0.3721,0.4641,15000,51642.0,0.5694
137564,Southeastern University,Lakeland,FL,5,2,3,4,12.0,0.0,4813.0,0.5298,,49329.0,32950.0,32950.0,0.4255,0.6989,0.2151,0.2782,12000,46744.0,0.5965
137591,Bene's Career Academy,New Port Richey,FL,5,3,1,1,21.0,0.0,321.0,,,,,,,,0.6248,0.5647,6333,19359.0,0.8131
137713,Riveroak Technical College,Live Oak,FL,5,1,1,1,33.0,0.0,250.0,,,,,,,,0.3362,0.0,PS,31778.0,0.416
137759,Tallahassee State College,Tallahassee,FL,5,1,2,3,12.0,0.0,11053.0,,,13378.0,2026.0,8062.0,0.3795,,0.344,0.1981,5350,37561.0,0.5725
137777,Talmudic College of Florida,Miami Beach,FL,5,2,3,3,13.0,0.0,27.0,,,33000.0,16750.0,16750.0,0.625,1.0,0.3462,0.0,PS,,0.0
137847,The University of Tampa,Tampa,FL,5,2,3,4,11.0,0.0,10572.0,0.4034,,51614.0,34408.0,34408.0,0.637,0.8545,0.1516,0.6725,18750,59436.0,0.5766
137856,Big Bend Technical College,Perry,FL,5,1,1,1,41.0,0.0,130.0,,,,,,,,0.4261,0.0,PS,27609.0,0.5077
137865,Tom P. Haney Technical College,Panama City,FL,5,1,1,1,22.0,0.0,453.0,,,,,,,,0.4548,0.0,PS,28254.0,0.4062
137953,Trinity College of Jacksonville,Jacksonville,FL,5,2,3,4,11.0,0.0,386.0,0.5328,907.0,26995.0,15100.0,15100.0,0.3418,0.5667,0.5013,0.8494,11500,37275.0,0.3886
137962,Trinity College of Florida,Trinity,FL,5,2,3,3,21.0,0.0,148.0,0.9189,,24904.0,16300.0,16300.0,0.0,0.28,0.4762,0.5873,12000,32465.0,0.5135
138187,Valencia College,Orlando,FL,5,1,1,3,11.0,0.0,39486.0,,,18529.0,2664.0,9576.0,0.478,,0.3914,0.1215,5840,40594.0,0.5921
138275,Warner University,Lake Wales,FL,5,2,3,4,41.0,0.0,756.0,0.4281,932.0,41044.0,29992.0,29992.0,0.4213,0.4392,0.5088,0.5363,13000,46086.0,0.4577
138284,Florida Panhandle Technical College,Chipley,FL,5,1,1,1,43.0,0.0,157.0,,,,,,,,0.2921,0.0,PS,32320.0,0.4204
138293,Webber International University,Babson Park,FL,5,2,3,4,41.0,0.0,813.0,0.694,,50989.0,33770.0,33770.0,0.2796,0.4118,0.4767,0.6291,8750,45606.0,0.2841
138309,Rasmussen University-Florida,Ocala,FL,5,3,2,3,13.0,0.0,3121.0,,,28346.0,15314.0,15314.0,0.4155,1.0,0.5355,0.7932,13000,39080.0,0.8747
138354,University of West Florida,Pensacola,FL,5,1,3,4,41.0,0.0,9330.0,0.5824,1138.0,19947.0,6360.0,19241.0,0.588,0.8876,0.3309,0.2524,13000,49137.0,0.5725
138372,Orange Technical College-West Campus,Ocoee,FL,5,1,1,1,21.0,0.0,677.0,,,,,,,,0.0764,0.0,PS,25145.0,0.2733
138479,William T McFatter Technical College,Davie,FL,5,1,1,1,21.0,0.0,697.0,,,,,,,,0.2159,0.0,PS,41656.0,0.4032
138488,Orange Technical College-East Campus,Orlando,FL,5,1,1,1,21.0,0.0,334.0,,,,,,,,0.0555,0.0,PS,31858.0,0.3114
138497,Withlacoochee Technical College,Inverness,FL,5,1,1,1,23.0,0.0,278.0,,,,,,,,0.3721,0.0,PS,34279.0,0.3849
138558,Abraham Baldwin Agricultural College,Tifton,GA,5,1,3,3,32.0,0.0,3208.0,0.7572,990.0,13956.0,3268.0,10588.0,0.3615,0.6917,0.3474,0.2346,8750,34996.0,0.6029
138600,Agnes Scott College,Decatur,GA,5,2,3,4,21.0,0.0,836.0,0.6215,1260.0,63283.0,50604.0,50604.0,0.7068,0.8133,0.3853,0.5258,17750,56274.0,1.0
138655,Interactive College of Technology-Chamblee,Chamblee,GA,5,3,1,2,21.0,0.0,521.0,,,22064.0,11330.0,11330.0,,,0.6711,0.4783,8661,27065.0,0.3129
138664,Interactive College of Technology-Morrow,Morrow,GA,5,3,2,2,21.0,0.0,117.0,,,22961.0,11210.0,11210.0,,,0.6549,0.4867,8661,27065.0,0.7521
138682,Albany Technical College,Albany,GA,5,1,1,2,13.0,0.0,2029.0,,,14101.0,3364.0,5932.0,,,0.5846,0.0,5681,30541.0,0.6732
138716,Albany State University,Albany,GA,5,1,3,4,13.0,1.0,5956.0,,,19333.0,5656.0,17008.0,0.3105,0.7857,0.6932,0.6338,12000,40674.0,0.7339
138761,Andrew College,Cuthbert,GA,5,2,2,2,43.0,0.0,473.0,0.4573,,37612.0,19604.0,19604.0,0.3281,0.4,0.6599,0.7653,9500,38475.0,0.3932
138822,Georgia Career Institute,Conyers,GA,5,3,1,1,21.0,0.0,515.0,,,,,,,,0.5163,0.5051,6544,23686.0,0.9709
138840,Atlanta Technical College,Atlanta,GA,5,1,1,2,11.0,0.0,3875.0,,,9197.0,3382.0,5950.0,,,0.5886,0.4037,6334,30350.0,0.6483
138868,Point University,West Point,GA,5,2,3,4,32.0,0.0,1996.0,0.4426,,33564.0,24000.0,24000.0,0.3407,0.7413,0.2468,0.1368,14502,38740.0,0.494
138901,Atlanta Metropolitan State College,Atlanta,GA,5,1,2,3,11.0,0.0,1228.0,,,11740.0,3248.0,10400.0,0.1741,0.4483,0.5308,0.3303,6606,33252.0,0.693
138929,Atlanta's John Marshall Law School,Atlanta,GA,5,2,4,4,11.0,0.0,,,,,,,,,,,PS,,
138947,Clark Atlanta University,Atlanta,GA,5,2,3,4,11.0,1.0,3603.0,0.6422,,43676.0,28310.0,28310.0,0.4902,0.707,0.7047,0.8017,19500,42712.0,0.7724
138956,Augusta Technical College,Augusta,GA,5,1,1,2,12.0,0.0,3923.0,,,19254.0,4282.0,7492.0,,,0.4687,0.0,5500,33523.0,0.6258
139144,Berry College,Mount Berry,GA,5,2,3,4,23.0,0.0,2245.0,0.64,1220.0,56697.0,41686.0,41686.0,0.6949,0.8351,0.2677,0.3886,18900,53800.0,0.6241
139153,Beulah Heights University,Atlanta,GA,5,2,3,4,11.0,0.0,138.0,,,,8492.0,8492.0,0.3333,1.0,0.2785,0.3734,38980,35236.0,0.5797
139199,Brenau University,Gainesville,GA,5,2,3,4,13.0,0.0,1029.0,0.8778,1079.0,46010.0,34027.0,34027.0,0.3291,0.6497,0.4586,0.6987,18425,54003.0,0.9067
139205,Brewton-Parker Christian University,Mount Vernon,GA,5,2,2,4,42.0,0.0,774.0,0.9649,,38918.0,20120.0,20120.0,0.2103,0.4843,0.4519,0.3451,8250,42009.0,0.3773
139250,College of Coastal Georgia,Brunswick,GA,5,1,2,3,13.0,0.0,2979.0,0.9813,1000.0,21924.0,3616.0,10936.0,0.2559,0.5866,0.4047,0.2838,8250,39318.0,0.7123
139278,West Georgia Technical College,Waco,GA,5,1,1,2,41.0,0.0,5163.0,,,11209.0,3410.0,5978.0,,,0.4146,0.1226,5642,35479.0,0.6876
139311,Clayton  State University,Morrow,GA,5,1,3,4,21.0,0.0,4348.0,0.6845,958.0,17415.0,5180.0,16532.0,0.3986,0.7088,0.5217,0.3804,16750,49179.0,0.6987
139348,Columbia Theological Seminary,Decatur,GA,5,2,4,4,21.0,0.0,,,,,,,,,,,PS,,
139357,Columbus Technical College,Columbus,GA,5,1,1,2,12.0,0.0,2719.0,,,13144.0,4052.0,7262.0,,,0.5737,0.0,7245,34238.0,0.6962
139366,Columbus State University,Columbus,GA,5,1,3,4,12.0,0.0,5625.0,0.9912,977.0,21676.0,5898.0,17610.0,0.4176,0.6966,0.4464,0.3776,15000,44544.0,0.5684
139384,Georgia Northwestern Technical College,Rome,GA,5,1,1,2,13.0,0.0,4244.0,,,15096.0,3300.0,5868.0,,,0.3739,0.0402,3971,35759.0,0.6525
139393,Covenant College,Lookout Mountain,GA,5,2,3,4,21.0,0.0,939.0,0.8651,1294.0,57467.0,42040.0,42040.0,0.7149,0.8821,0.1905,0.4042,19000,50412.0,0.5154
139463,Dalton State College,Dalton,GA,5,1,3,3,13.0,0.0,4553.0,,,12719.0,3336.0,10656.0,0.2531,0.709,0.4986,0.1385,7361,40251.0,0.6424
139506,Pro Way Hair School,Stone Mountain,GA,5,3,1,1,21.0,0.0,67.0,,,,,,,,0.9859,0.8732,9500,21586.0,0.3731
139579,South University-Savannah,Savannah,GA,5,3,3,4,12.0,0.0,270.0,,,36577.0,18145.0,18145.0,0.0909,0.2222,0.6194,0.7328,13000,34421.0,0.7556
139621,East Georgia State College,Swainsboro,GA,5,1,2,3,33.0,0.0,1413.0,,,15966.0,2900.0,9860.0,0.1667,0.6071,0.4853,0.254,6374,37174.0,0.5591
139630,Emmanuel University,Franklin Springs,GA,5,2,3,4,42.0,0.0,775.0,0.74,,37604.0,25500.0,25500.0,0.4228,0.7094,0.2869,0.4181,12000,38208.0,0.4452
139658,Emory University,Atlanta,GA,5,2,3,4,11.0,0.0,7298.0,0.1065,1520.0,83622.0,64280.0,64280.0,0.9109,0.957,0.1821,0.1061,16750,80137.0,0.5684
139700,Georgia Highlands College,Rome,GA,5,1,2,3,23.0,0.0,4761.0,,,13389.0,3120.0,10080.0,0.2066,0.593,0.4109,0.1703,6750,43184.0,0.6648
139719,Fort Valley State University,Fort Valley,GA,5,1,3,4,31.0,1.0,2684.0,0.6587,994.0,19879.0,5526.0,16932.0,0.4111,0.7851,0.7332,0.6844,19000,36666.0,0.6684
139746,Grady Health System Professional Schools,Atlanta,GA,5,1,1,1,11.0,0.0,61.0,,,,,,,,0.3833,0.5667,12500,60726.0,0.7541
139755,Georgia Institute of Technology-Main Campus,Atlanta,GA,5,1,3,4,11.0,0.0,18785.0,0.1407,1480.0,28167.0,12058.0,34484.0,0.9402,0.9808,0.139,0.1697,20000,102772.0,0.4037
139764,Georgia Southwestern State University,Americus,GA,5,1,3,4,32.0,0.0,2424.0,0.7517,978.0,20484.0,5220.0,16572.0,0.4064,0.5755,0.4344,0.3721,11000,48757.0,0.6803
139861,Georgia College & State University,Milledgeville,GA,5,1,3,4,32.0,0.0,5947.0,0.7823,1163.0,30258.0,9186.0,29512.0,0.6361,0.8235,0.1757,0.3427,16018,58140.0,0.6462
139931,Georgia Southern University,Statesboro,GA,5,1,3,4,32.0,0.0,21790.0,0.8789,1053.0,24430.0,6022.0,17734.0,0.549,0.7783,0.3625,0.3558,15250,53236.0,0.5709
139940,Georgia State University,Atlanta,GA,5,1,3,4,11.0,0.0,26623.0,0.5544,1076.0,28241.0,8664.0,24840.0,0.5306,0.7986,0.5075,0.4046,11750,47384.0,0.592
139959,University of Georgia,Athens,GA,5,1,3,4,12.0,0.0,32137.0,0.377,1397.0,27993.0,11450.0,31688.0,0.8969,0.9404,0.1675,0.1954,16666,68726.0,0.572
139968,Gordon State College,Barnesville,GA,5,1,3,3,32.0,0.0,2544.0,0.859,1023.0,14771.0,3628.0,10948.0,0.2043,0.5122,0.4843,0.3552,8750,37871.0,0.6757
139986,Southern Crescent Technical College,Griffin,GA,5,1,1,2,31.0,0.0,4098.0,,,16430.0,3516.0,6084.0,,,0.4828,0.1035,6334,36104.0,0.6918
139995,Gupton Jones College of Funeral Service,Decatur,GA,5,2,2,2,21.0,0.0,338.0,,,31921.0,20950.0,20950.0,,,0.5543,0.2239,9500,42636.0,0.6391
140003,Gwinnett College-Lilburn,Lilburn,GA,5,3,1,2,21.0,0.0,156.0,,,37077.0,11300.0,11300.0,,,0.8258,0.8182,9626,31422.0,0.8462
140012,Gwinnett Technical College,Lawrenceville,GA,5,1,1,2,21.0,0.0,8728.0,,,15322.0,3524.0,6092.0,,,0.4146,0.2015,7056,45025.0,0.6111
140146,Interdenominational Theological Center,Atlanta,GA,5,2,4,4,11.0,1.0,,,,,,,,,,,PS,,
140234,LaGrange College,Lagrange,GA,5,2,3,4,32.0,0.0,636.0,0.6209,,49681.0,35400.0,35400.0,0.4692,0.6721,0.4313,0.6787,15750,51745.0,0.4497
140243,Lanier Technical College,Gainesville,GA,5,1,1,2,13.0,0.0,4613.0,,,15935.0,3980.0,7190.0,,,0.2941,0.0,PS,37623.0,0.5912
140252,Life University,Marietta,GA,5,2,3,4,13.0,0.0,893.0,0.9303,1030.0,41295.0,15036.0,15036.0,0.3793,0.6281,0.3998,0.5235,9500,47397.0,0.5095
140331,Chattahoochee Technical College,Marietta,GA,5,1,1,2,21.0,0.0,8727.0,,,12532.0,3540.0,6108.0,,,0.3404,0.0,PS,37138.0,0.5681
140340,Herzing University-Atlanta,Atlanta,GA,5,2,3,4,11.0,0.0,387.0,0.9375,,27007.0,13450.0,13450.0,0.1395,0.25,0.7034,0.7916,11756,36909.0,0.8605
140447,Mercer University,Macon,GA,5,2,3,4,12.0,0.0,4500.0,0.6889,1271.0,58204.0,42312.0,42312.0,0.6962,0.8216,0.3543,0.6245,17655,58354.0,0.646
140553,Morehouse College,Atlanta,GA,5,2,3,3,11.0,1.0,2844.0,0.4396,1090.0,51433.0,32893.0,32893.0,0.5944,0.8691,0.4467,0.5738,18500,52889.0,0.0
140562,Morehouse School of Medicine,Atlanta,GA,5,2,4,4,11.0,1.0,,,,,,,,,,,PS,,
140571,Morris Brown College,Atlanta,GA,5,2,3,3,11.0,1.0,432.0,,,31968.0,9558.0,9558.0,0.25,0.7059,0.6531,0.7755,,,0.5486
140678,North Georgia Technical College,Clarkesville,GA,5,1,1,2,41.0,0.0,1910.0,,,13085.0,3330.0,5898.0,,,0.4262,0.0,5657,32932.0,0.5979
140696,Oglethorpe University,Atlanta,GA,5,2,3,4,21.0,0.0,1352.0,0.8845,1227.0,60581.0,47590.0,47590.0,0.541,0.7333,0.3596,0.6838,14750,55232.0,0.628
140720,Paine College,Augusta,GA,5,2,3,3,12.0,1.0,388.0,0.9543,,27431.0,14596.0,14596.0,0.1443,0.5357,0.7558,0.7645,11000,33338.0,0.5799
140818,Piedmont University,Demorest,GA,5,2,3,4,32.0,0.0,1117.0,0.9328,1129.0,46801.0,31700.0,31700.0,0.4741,0.6982,0.4235,0.6582,18108,49130.0,0.6625
140827,Miami Ad School-Atlanta,Atlanta,GA,5,3,1,1,11.0,0.0,65.0,,,61886.0,19400.0,19400.0,,,0.2162,0.5135,16849,106192.0,0.5538
140872,Reinhardt University,Waleska,GA,5,2,3,4,41.0,0.0,1066.0,0.6154,,46386.0,30074.0,30074.0,0.4357,0.6222,0.3983,0.5628,13156,46541.0,0.4559
140942,Savannah Technical College,Savannah,GA,5,1,1,2,12.0,0.0,3366.0,,,15431.0,3330.0,5898.0,,,0.5194,0.0,3466,33018.0,0.6251
140951,Savannah College of Art and Design,Savannah,GA,5,2,3,4,12.0,0.0,15243.0,0.8298,1173.0,63627.0,41630.0,41630.0,0.6941,0.8633,0.1882,0.3371,15500,45954.0,0.7056
140960,Savannah State University,Savannah,GA,5,1,3,4,12.0,1.0,2833.0,,,17191.0,5750.0,19043.0,0.2804,0.7472,0.6755,0.6532,16500,37981.0,0.6251
140988,Shorter University,Rome,GA,5,2,3,4,13.0,0.0,1028.0,0.9646,1115.0,35726.0,24630.0,24630.0,0.3769,0.6053,0.3752,0.4849,12500,44604.0,0.4854
141006,South Georgia Technical College,Americus,GA,5,1,1,2,32.0,0.0,1407.0,,,14281.0,3992.0,7202.0,,,0.5101,0.0,PS,30364.0,0.4911
141060,Spelman College,Atlanta,GA,5,2,3,3,11.0,1.0,3414.0,0.2487,1220.0,50952.0,31556.0,31556.0,0.7846,0.9409,0.2783,0.4814,21750,59993.0,0.9502
141167,Thomas University,Thomasville,GA,5,2,3,4,32.0,0.0,998.0,0.383,1072.0,23079.0,11640.0,11640.0,0.2754,0.4925,0.5535,0.8264,15000,49716.0,0.5852
141185,Toccoa Falls College,Toccoa Falls,GA,5,2,3,4,32.0,0.0,875.0,0.6596,1130.0,37561.0,23950.0,23950.0,0.4366,0.625,0.1611,0.1916,11067,36630.0,0.6171
141237,Truett McConnell University,Cleveland,GA,5,2,3,4,42.0,0.0,744.0,0.7826,,39152.0,26792.0,26792.0,0.3781,0.6698,0.1015,0.1508,12000,46700.0,0.4798
141255,Wiregrass Georgia Technical College,Valdosta,GA,5,1,1,2,41.0,0.0,2887.0,,,11034.0,3480.0,6048.0,,,0.4514,0.0,2438,30864.0,0.6827
141264,Valdosta State University,Valdosta,GA,5,1,3,4,13.0,0.0,6622.0,0.7229,1013.0,20801.0,6124.0,17836.0,0.4236,0.7187,0.5228,0.4396,13750,49361.0,0.6799
141325,Wesleyan College,Macon,GA,5,2,3,4,12.0,0.0,400.0,0.591,1075.0,40721.0,27650.0,27650.0,0.4452,0.76,0.4579,0.431,15000,44317.0,1.0
141334,University of West Georgia,Carrollton,GA,5,1,3,4,32.0,0.0,7520.0,0.5161,1032.0,21981.0,6088.0,17800.0,0.4349,0.775,0.404,0.346,15000,49587.0,0.6203
141361,Young Harris College,Young Harris,GA,5,2,3,4,43.0,0.0,755.0,0.6264,,48301.0,32305.0,32305.0,0.4175,0.6461,0.2038,0.3272,12000,47195.0,0.5576
141486,Chaminade University of Honolulu,Honolulu,HI,8,2,3,4,11.0,0.0,1672.0,0.9143,1060.0,45798.0,30874.0,30874.0,0.554,0.7037,0.4133,0.373,17932,52343.0,0.7099
141565,University of Hawaii at Hilo,Hilo,HI,8,1,3,4,33.0,0.0,2160.0,0.6063,1028.0,21173.0,7838.0,20798.0,0.4837,0.7275,0.4039,0.3003,12500,47856.0,0.6255
141574,University of Hawaii at Manoa,Honolulu,HI,8,1,3,4,11.0,0.0,15029.0,0.866,1102.0,26433.0,12186.0,34218.0,0.6429,0.8072,0.2623,0.2743,13099,57624.0,0.5912
141608,Hawaii Institute of Hair Design,Honolulu,HI,8,3,1,1,11.0,0.0,85.0,,,,,,,,0.5726,0.4435,5500,25235.0,0.4
141644,Hawaii Pacific University,Honolulu,HI,8,2,3,4,11.0,0.0,2392.0,0.8587,1111.0,50674.0,34392.0,34392.0,0.3489,0.5645,0.2145,0.2255,12000,59593.0,0.638
141680,Honolulu Community College,Honolulu,HI,8,1,2,2,11.0,0.0,1897.0,,,13151.0,3174.0,8310.0,,,0.161,0.0443,5995,45105.0,0.3548
141796,Kapiolani Community College,Honolulu,HI,8,1,2,2,11.0,0.0,3910.0,,,11992.0,3284.0,8420.0,,,0.1924,0.0586,6352,44599.0,0.6478
141802,Kauai Community College,Lihue,HI,8,1,1,2,41.0,0.0,716.0,,,18742.0,3252.0,8388.0,,,0.2481,0.0239,7000,36868.0,0.6355
141811,Leeward Community College,Pearl City,HI,8,1,2,2,21.0,0.0,3438.0,,,12507.0,3214.0,8350.0,,,0.1847,0.039,5500,39899.0,0.5788
141839,University of Hawaii Maui College,Kahului,HI,8,1,2,3,13.0,0.0,1700.0,,,14937.0,3284.0,8420.0,0.2775,,0.2055,0.0434,9500,34453.0,0.6635
141981,University of Hawaii-West Oahu,Kapolei,HI,8,1,3,3,21.0,0.0,2519.0,0.9534,985.0,18410.0,7584.0,20544.0,0.4955,0.7795,0.3206,0.2113,11848,52075.0,0.6538
141990,Windward Community College,Kaneohe,HI,8,1,2,2,22.0,0.0,1159.0,,,15522.0,3194.0,8330.0,,,0.1455,0.023,7175,38439.0,0.6557
142054,Carrington College-Boise,Boise,ID,7,3,1,2,12.0,0.0,478.0,,,,,,,,0.4676,0.7162,12094,43731.0,0.8222
142090,Boise Bible College,Boise,ID,7,2,3,3,21.0,0.0,93.0,0.9048,1040.0,23301.0,11802.0,11802.0,0.3158,0.5625,0.4854,0.4078,12749,33140.0,0.5161
142115,Boise State University,Boise,ID,7,1,3,4,12.0,0.0,17674.0,0.8721,,28224.0,9048.0,27788.0,0.602,0.7885,0.1808,0.2388,14000,51658.0,0.5728
142179,College of Eastern Idaho,Idaho Falls,ID,7,1,2,2,13.0,0.0,1478.0,,,13947.0,3390.0,6750.0,,,0.3501,0.5037,7953,42057.0,0.6732
142276,Idaho State University,Pocatello,ID,7,1,3,4,13.0,0.0,7583.0,,,21527.0,8610.0,27720.0,0.3939,0.7198,0.2794,0.2299,12500,45608.0,0.5901
142285,University of Idaho,Moscow,ID,7,1,3,4,32.0,0.0,7747.0,0.7553,1116.0,23738.0,9084.0,28320.0,0.5728,0.7559,0.2348,0.3818,15784,54670.0,0.4878
142294,The College of Idaho,Caldwell,ID,7,2,3,4,22.0,0.0,1041.0,0.491,1180.0,50542.0,37845.0,37845.0,0.6254,0.8185,0.2517,0.4728,17000,48473.0,0.5139
142328,Lewis-Clark State College,Lewiston,ID,7,1,3,4,13.0,0.0,2385.0,0.8769,,21925.0,7610.0,22028.0,0.4017,0.6105,0.2428,0.2605,10989,46001.0,0.6377
142407,Aveda Institute-Twin Falls,Twin Falls,ID,7,3,1,1,13.0,0.0,88.0,,,,,,,,0.4963,0.437,9056,26171.0,0.9659
142443,North Idaho College,Coeur d'Alene,ID,7,1,2,2,13.0,0.0,2619.0,,,18333.0,3396.0,8736.0,,,0.2385,0.1558,5500,40081.0,0.63
142461,Northwest Nazarene University,Nampa,ID,7,2,3,4,22.0,0.0,1024.0,0.6474,1130.0,55163.0,40794.0,40794.0,0.7076,0.7741,0.2976,0.6133,16826,51719.0,0.5605
142489,Nathan Layne Institute of Cosmetology,Chubbuck,ID,7,3,1,1,23.0,0.0,70.0,,,,,,,,0.625,0.6071,7055,22209.0,0.9143
142522,Brigham Young University-Idaho,Rexburg,ID,7,2,1,3,32.0,0.0,44397.0,0.9575,1118.0,15246.0,4800.0,4800.0,0.5548,0.7117,0.243,0.1076,8750,53406.0,0.5372
142559,College of Southern Idaho,Twin Falls,ID,7,1,2,3,13.0,0.0,3810.0,,,12803.0,3360.0,6840.0,0.3316,1.0,0.1765,0.07,5500,40916.0,0.6444
142832,Adler University,Chicago,IL,3,2,3,4,11.0,0.0,9.0,,,,,,,,,,PS,,0.0
142957,American Islamic College,Chicago,IL,3,2,3,4,11.0,0.0,16.0,1.0,,,7650.0,7650.0,,1.0,0.0,0.0,,,0.625
143048,School of the Art Institute of Chicago,Chicago,IL,3,2,3,4,11.0,0.0,2805.0,0.7747,,75625.0,56420.0,56420.0,0.6699,0.8383,0.1873,0.3741,19000,40151.0,0.7729
143084,Augustana College,Rock Island,IL,3,2,3,4,13.0,0.0,2490.0,0.6268,1165.0,63553.0,51598.0,51598.0,0.7286,0.8211,0.24,0.5527,26000,62971.0,0.5313
143118,Aurora University,Aurora,IL,3,2,3,4,21.0,0.0,3974.0,0.8085,1076.0,40625.0,29170.0,29170.0,0.6032,0.7706,0.4495,0.4736,15500,58709.0,0.6656
143215,Southwestern Illinois College,Belleville,IL,3,1,1,2,21.0,0.0,5675.0,,,16249.0,3960.0,6720.0,,,0.2471,0.0988,4000,36884.0,0.5706
143233,Bethany Theological Seminary,Richmond,IN,3,2,4,4,32.0,0.0,,,,,,,,,,,PS,,
143279,Black Hawk College,Moline,IL,3,1,1,2,13.0,0.0,2354.0,,,12291.0,4920.0,8100.0,,,0.2691,0.0633,5302,37253.0,0.6449
143288,Blackburn College,Carlinville,IL,3,2,3,3,32.0,0.0,471.0,0.6319,,37916.0,28149.0,28149.0,0.5749,0.6721,0.4987,0.6144,14770,46802.0,0.5796
143297,Blessing Rieman College of Nursing and Health Sciences,Quincy,IL,3,2,3,4,33.0,0.0,176.0,,,,,,,,0.3622,0.3514,11250,72430.0,0.9205
143358,Bradley University,Peoria,IL,3,2,3,4,12.0,0.0,3574.0,0.7676,,54730.0,42160.0,42160.0,0.7617,0.8265,0.3165,0.634,23250,66852.0,0.5109
143376,Paul Mitchell the School-Tinley Park,Tinley Park,IL,3,3,1,1,21.0,0.0,191.0,,,,,,,,0.6148,0.6113,7917,28378.0,0.9791
143464,Cameo Beauty Academy,Oak Lawn,IL,3,3,1,1,21.0,0.0,82.0,,,,,,,,0.6667,0.5417,6764,24513.0,1.0
143473,Cannella School of Hair Design-Villa Park,Villa Park,IL,3,3,1,1,21.0,0.0,51.0,,,,,,,,0.4,0.3,PS,26970.0,0.9412
143491,Cannella School of Hair Design-Chicago,Chicago,IL,3,3,1,1,11.0,0.0,64.0,,,,,,,,0.7234,0.5319,PS,29075.0,0.9531
143552,Capri Beauty College,Oak Forest,IL,3,3,1,1,21.0,0.0,33.0,,,,,,,,0.56,0.5,9833,26804.0,1.0
143613,Carl Sandburg College,Galesburg,IL,3,1,2,2,32.0,0.0,1051.0,,,11563.0,5390.0,8900.0,,,0.4194,0.141,3500,35274.0,0.6784
143659,Catholic Theological Union at Chicago,Chicago,IL,3,2,4,4,11.0,0.0,,,,,,,,,,,PS,,
143853,Midwestern University-Downers Grove,Downers Grove,IL,3,2,4,4,13.0,0.0,,,,,,,,,,,PS,,
143978,The Chicago School at Chicago,Chicago,IL,3,2,3,4,11.0,0.0,21.0,0.3448,,,21780.0,21780.0,,,0.5484,0.7097,10250,56899.0,0.7619
144005,Chicago State University,Chicago,IL,3,1,3,4,11.0,0.0,1384.0,0.4326,,29764.0,12754.0,12754.0,0.1549,0.5732,0.5786,0.7813,21500,42778.0,0.6951
144014,Chicago Theological Seminary,Chicago,IL,3,2,4,4,11.0,0.0,,,,,,,,,,,PS,,
144050,University of Chicago,Chicago,IL,3,2,3,4,11.0,0.0,7569.0,0.0448,1554.0,90360.0,70662.0,70662.0,0.9585,0.9926,0.1526,0.047,13368,91885.0,0.4577
144157,City Colleges of Chicago-Kennedy-King College,Chicago,IL,3,1,1,2,11.0,0.0,1777.0,,,16256.0,4590.0,15150.0,,,0.3824,0.0335,4994,28467.0,0.5098
144166,City Colleges of Chicago-Malcolm X College,Chicago,IL,3,1,1,2,11.0,0.0,6409.0,,,14355.0,4590.0,15150.0,,,0.4185,0.0278,6100,32427.0,0.8036
144175,City Colleges of Chicago-Olive-Harvey College,Chicago,IL,3,1,1,2,11.0,0.0,1661.0,,,16126.0,4590.0,15150.0,,,0.3331,0.0309,5250,31114.0,0.5274
144184,City Colleges of Chicago-Harry S Truman College,Chicago,IL,3,1,1,2,11.0,0.0,2505.0,,,15063.0,4590.0,15150.0,,,0.1901,0.0091,5524,36484.0,0.6
144193,City Colleges of Chicago-Richard J Daley College,Chicago,IL,3,1,1,2,11.0,0.0,2789.0,,,14086.0,4590.0,15150.0,,,0.1916,0.0024,3500,37962.0,0.4141
144209,City Colleges of Chicago-Harold Washington College,Chicago,IL,3,1,2,2,11.0,0.0,4207.0,,,14726.0,4590.0,15150.0,,,0.3557,0.0234,4537,36531.0,0.5885
144218,City Colleges of Chicago-Wilbur Wright College,Chicago,IL,3,1,2,2,11.0,0.0,4372.0,,,13762.0,4590.0,15150.0,,,0.2601,0.0069,4370,41625.0,0.4851
144281,Columbia College Chicago,Chicago,IL,3,2,3,4,11.0,0.0,5368.0,0.8946,,51889.0,34088.0,34088.0,0.5155,0.6603,0.4596,0.5553,16500,42195.0,0.6043
144351,Concordia University-Chicago,River Forest,IL,3,2,3,4,21.0,0.0,1323.0,0.9279,,45383.0,37488.0,37488.0,0.3646,0.605,0.4568,0.5694,14000,54089.0,0.5246
144564,Danville Area Community College,Danville,IL,3,1,1,2,32.0,0.0,1508.0,,,10822.0,4440.0,7440.0,,,0.2852,0.0358,3975,34867.0,0.5935
144573,Tricoci University of Beauty Culture,Urbana,IL,3,3,1,1,13.0,0.0,173.0,,,,,,,,0.6331,0.6981,7307,18077.0,0.9711
144740,DePaul University,Chicago,IL,3,2,3,4,11.0,0.0,14090.0,0.7589,1262.0,63052.0,45999.0,45999.0,0.678,0.855,0.3178,0.4585,19383,68751.0,0.5509
144795,Cosmetology & Spa Academy,Crystal Lake,IL,3,3,1,1,21.0,0.0,445.0,,,,,,,,0.6114,0.6574,7917,29779.0,0.7011
144865,College of DuPage,Glen Ellyn,IL,3,1,2,2,21.0,0.0,16114.0,,,15554.0,4560.0,12750.0,,,0.2014,0.1004,5500,46909.0,0.5326
144883,East-West University,Chicago,IL,3,2,3,3,11.0,0.0,468.0,,,32606.0,25395.0,25395.0,0.1556,0.3711,0.6174,0.6042,7334,29963.0,0.5
144892,Eastern Illinois University,Charleston,IL,3,1,3,4,33.0,0.0,4188.0,0.6535,1000.0,26996.0,13679.0,16217.0,0.4736,0.7171,0.2941,0.3138,15722,51989.0,0.6017
144944,Elgin Community College,Elgin,IL,3,1,1,2,12.0,0.0,6648.0,,,10408.0,3252.0,9516.0,,,0.2202,0.0292,4790,45516.0,0.5384
144962,Elmhurst University,Elmhurst,IL,3,2,3,4,21.0,0.0,3006.0,0.7364,1151.0,54679.0,42955.0,42955.0,0.7,0.799,0.3681,0.769,15000,61462.0,0.6188
144971,Eureka College,Eureka,IL,3,2,3,3,31.0,0.0,522.0,0.8499,,39578.0,29096.0,29096.0,0.4161,0.5039,0.4858,0.7647,15000,51641.0,0.4483
145099,First Institute of Travel Inc.,Crystal Lake,IL,3,3,1,1,21.0,0.0,278.0,,,,,,,,0.58,0.5592,8360,36196.0,0.9245
145239,Fox College,Tinley Park,IL,3,3,2,2,21.0,0.0,200.0,0.7021,,22971.0,17670.0,17670.0,,,0.4916,0.7773,13625,41539.0,0.815
145275,Garrett-Evangelical Theological Seminary,Evanston,IL,3,2,4,4,13.0,0.0,,,,,,,,,,,PS,,
145309,Gem City College,Quincy,IL,3,3,1,1,33.0,0.0,41.0,,,,,,,,0.4286,0.5714,9500,19219.0,0.6585
145336,Governors State University,University Park,IL,3,1,3,4,21.0,0.0,2556.0,0.4827,,24227.0,12004.0,12004.0,0.2211,0.5622,0.5359,0.3849,14000,58169.0,0.6315
145354,Graham Hospital School of Nursing,Canton,IL,3,2,1,1,32.0,0.0,40.0,1.0,,26391.0,8417.0,8417.0,,,0.6111,0.3611,5250,63586.0,0.95
145372,Greenville University,Greenville,IL,3,2,3,4,32.0,0.0,955.0,0.975,1038.0,45091.0,32200.0,32200.0,0.3982,0.7081,0.3889,0.5664,15000,46827.0,0.467
145406,G Skin & Beauty Institute,Schaumburg,IL,3,3,1,1,13.0,0.0,490.0,,,,,,,,0.3939,0.4815,6333,29032.0,0.9898
145424,Hair Professionals Career College,Sycamore,IL,3,3,1,1,23.0,0.0,55.0,,,,,,,,0.4167,0.4405,5597,23568.0,0.9636
145433,Hair Professionals School of Cosmetology,Oswego,IL,3,3,1,1,21.0,0.0,136.0,,,,,,,,0.4921,0.545,5500,23412.0,0.9779
145497,Hebrew Theological College,Skokie,IL,3,2,3,3,13.0,0.0,90.0,0.5714,,35559.0,15150.0,15150.0,0.5,0.8605,0.1276,0.102,9924,33291.0,0.7222
145521,Highland Community College,Freeport,IL,3,1,1,2,41.0,0.0,931.0,,,13161.0,4936.0,7360.0,,,0.3163,0.0519,5500,37928.0,0.6133
145558,Rosalind Franklin University of Medicine and Science,North Chicago,IL,3,2,4,4,21.0,0.0,,,,,,,,,,,PS,,
145600,University of Illinois Chicago,Chicago,IL,3,1,3,4,11.0,0.0,22170.0,0.7735,1250.0,27521.0,14338.0,29884.0,0.6162,0.8021,0.4893,0.2186,13657,68740.0,0.5346
145619,Benedictine University,Lisle,IL,3,2,3,4,21.0,0.0,1942.0,0.9523,,46713.0,35940.0,35940.0,0.5033,0.6601,0.3947,0.4604,17500,63446.0,0.4825
145628,Illinois College of Optometry,Chicago,IL,3,2,4,4,11.0,0.0,,,,,,,,,,,,,
145637,University of Illinois Urbana-Champaign,Champaign,IL,3,1,3,4,13.0,0.0,36258.0,0.4237,1440.0,33642.0,16004.0,35124.0,0.8513,0.948,0.2341,0.2738,16500,81054.0,0.48
145646,Illinois Wesleyan University,Bloomington,IL,3,2,3,3,13.0,0.0,1582.0,0.3931,1275.0,70700.0,57704.0,57704.0,0.747,0.8005,0.2633,0.6332,23221,70871.0,0.4962
145682,Illinois Central College,East Peoria,IL,3,1,1,2,21.0,0.0,5052.0,,,18938.0,4800.0,12150.0,,,0.2369,0.0794,5500,37366.0,0.6211
145691,Illinois College,Jacksonville,IL,3,2,3,4,32.0,0.0,930.0,0.7819,1064.0,48955.0,38676.0,38676.0,0.6382,0.7063,0.3839,0.8274,14746,52575.0,0.5204
145707,Illinois Eastern Community Colleges,Olney,IL,3,1,1,2,33.0,0.0,1634.0,,,17333.0,5260.0,12460.0,,,0.1697,0.0429,5500,37533.0,0.5643
145725,Illinois Institute of Technology,Chicago,IL,3,2,3,4,11.0,0.0,2833.0,0.5493,1311.0,68164.0,52386.0,52386.0,0.7521,0.8596,0.3001,0.2871,20687,82592.0,0.3445
145813,Illinois State University,Normal,IL,3,1,3,4,22.0,0.0,19057.0,0.8815,1113.0,34309.0,16144.0,28210.0,0.6454,0.8144,0.3207,0.4308,15750,62117.0,0.5676
145831,Illinois Valley Community College,Oglesby,IL,3,1,1,2,32.0,0.0,2040.0,,,11067.0,4200.0,16385.0,,,0.2641,0.0254,6500,40810.0,0.5392
145886,Institute for Clinical Social Work,Chicago,IL,3,2,4,4,11.0,0.0,,,,,,,,,,,,,
146205,John A Logan College,Carterville,IL,3,1,2,2,33.0,0.0,2016.0,,,13596.0,4630.0,7540.0,,,0.3173,0.0,3500,34096.0,0.6062
146278,John Wood Community College,Quincy,IL,3,1,2,2,33.0,0.0,1371.0,,,15845.0,5700.0,9300.0,,,0.3987,0.1206,5500,38631.0,0.6083
146296,Joliet Junior College,Joliet,IL,3,1,1,2,21.0,0.0,9306.0,,,9452.0,4530.0,13800.0,,,0.2458,0.0408,5500,42889.0,0.5583
146339,Judson University,Elgin,IL,3,2,3,4,12.0,0.0,708.0,0.4759,1039.0,43137.0,31360.0,31360.0,0.5987,0.5917,0.3871,0.5536,14000,56313.0,0.4096
146348,Kankakee Community College,Kankakee,IL,3,1,1,2,13.0,0.0,1985.0,,,11612.0,5220.0,25830.0,,,0.3623,0.0437,5500,38767.0,0.5904
146366,Kaskaskia College,Centralia,IL,3,1,1,2,41.0,0.0,1920.0,,,11819.0,4800.0,12570.0,,,0.2382,0.0,3500,38801.0,0.6427
146418,Kishwaukee College,Malta,IL,3,1,2,2,41.0,0.0,1936.0,,,13901.0,4560.0,13680.0,,,0.2633,0.0698,6542,39657.0,0.6126
146427,Knox College,Galesburg,IL,3,2,3,3,32.0,0.0,1127.0,0.7079,1326.0,68134.0,57903.0,57903.0,0.6773,0.8313,0.3087,0.6733,23852,54820.0,0.496
146454,Educators of Beauty College of Cosmetology-Peru,PERU,IL,3,3,1,1,32.0,0.0,52.0,,,,,,,,0.65,0.5875,9500,21949.0,1.0
146472,College of Lake County,Grayslake,IL,3,1,1,2,21.0,0.0,9420.0,,,12694.0,4788.0,14400.0,,,0.2415,0.0202,5376,43424.0,0.5538
146481,Lake Forest College,Lake Forest,IL,3,2,3,4,21.0,0.0,1813.0,0.5681,1343.0,70655.0,56402.0,56402.0,0.7778,0.8988,0.3224,0.6654,21500,61825.0,0.5665
146490,Lake Forest Graduate School of Management,Lake Forest,IL,3,2,4,4,21.0,0.0,,,,,,,,,,,PS,,
146506,Lake Land College,Mattoon,IL,3,1,1,2,41.0,0.0,2448.0,,,10276.0,4415.0,14301.0,,,0.2606,0.0468,3970,38877.0,0.605
146533,Lakeview College of Nursing,Danville,IL,3,2,3,3,32.0,0.0,66.0,,,,,,,,0.4198,0.4321,15000,84522.0,0.9242
146603,Lewis and Clark Community College,Godfrey,IL,3,1,1,2,23.0,0.0,2487.0,,,9592.0,4340.0,7840.0,,,0.25,0.1008,5500,37724.0,0.6023
146612,Lewis University,Romeoville,IL,3,2,3,4,21.0,0.0,4015.0,0.7129,1096.0,47313.0,39200.0,39200.0,0.6661,0.7915,0.3255,0.4217,18750,66099.0,0.5051
146685,Lincoln Land Community College,Springfield,IL,3,1,1,2,41.0,0.0,3976.0,,,12379.0,3744.0,10464.0,,,0.3585,0.1791,6500,38479.0,0.6268
146700,Lincoln College of Technology-Melrose Park,Melrose Park,IL,3,3,1,2,21.0,0.0,1539.0,,,,,,,,0.7273,0.8458,9500,38683.0,0.256
146719,Loyola University Chicago,Chicago,IL,3,2,3,4,11.0,0.0,11737.0,0.816,1297.0,67408.0,53710.0,53710.0,0.7304,0.8167,0.2375,0.4481,20500,71530.0,0.6917
146728,Lutheran School of Theology at Chicago,Chicago,IL,3,2,4,4,11.0,0.0,,,,,,,,,,,PS,,
146755,Trinity College of Nursing & Health Sciences,Rock Island,IL,3,2,3,4,13.0,0.0,56.0,,,,,,,,0.5424,0.7797,22500,58743.0,0.8571
146807,Steven Papageorge Hair Academy,Chicago,IL,3,3,1,1,11.0,0.0,60.0,,,,,,,,0.2794,0.3088,PS,29592.0,0.95
146816,Generations College,Chicago,IL,3,2,2,2,11.0,0.0,310.0,,,25660.0,12700.0,12700.0,,,0.7003,0.2271,19000,34706.0,0.9387
146977,McCormick Theological Seminary,Chicago,IL,3,2,4,4,11.0,0.0,,,,,,,,,,,PS,,
147004,McHenry County College,Crystal Lake,IL,3,1,1,2,41.0,0.0,4691.0,,,12345.0,4162.0,14399.0,,,0.1127,0.0148,5297,45143.0,0.5368
147013,McKendree University,Lebanon,IL,3,2,3,4,21.0,0.0,1752.0,0.7172,,48845.0,34740.0,34740.0,0.5333,0.6735,0.336,0.4179,16240,58572.0,0.5411
147031,Meadville Theological School of Lombard College,Chicago,IL,3,2,4,4,11.0,0.0,,,,,,,,,,,PS,,
147129,Methodist College,Peoria,IL,3,2,3,4,12.0,0.0,245.0,0.3889,,46874.0,18008.0,18008.0,0.2,,0.5107,0.8155,27000,69800.0,0.902
147244,Millikin University,Decatur,IL,3,2,3,4,13.0,0.0,1382.0,0.6668,1034.0,57475.0,26892.0,26892.0,0.5494,0.75,0.3757,0.5575,19000,51262.0,0.5362
147341,Monmouth College,Monmouth,IL,3,2,3,3,32.0,0.0,702.0,0.9093,1128.0,57157.0,44922.0,44922.0,0.6461,0.7441,0.3714,0.7538,20000,51110.0,0.4644
147369,Moody Bible Institute,Chicago,IL,3,2,3,4,11.0,0.0,1510.0,0.8269,,34327.0,15786.0,15786.0,0.6233,0.839,0.3627,0.417,12000,45399.0,0.4583
147378,Moraine Valley Community College,Palos Hills,IL,3,1,1,2,21.0,0.0,7490.0,,,13971.0,3822.0,9846.0,,,0.2834,0.0303,5500,43892.0,0.5418
147396,Morrison Institute of Technology,Morrison,IL,3,2,2,2,42.0,0.0,59.0,,,30436.0,20355.0,20355.0,,,0.5,0.7963,12000,63571.0,0.0339
147411,Morton College,Cicero,IL,3,1,2,2,21.0,0.0,2640.0,,,12801.0,5502.0,12414.0,,,0.3655,0.0123,5500,42406.0,0.5795
147536,National Louis University,Chicago,IL,3,2,3,4,11.0,0.0,4406.0,0.9505,,24154.0,12705.0,12705.0,0.3014,0.5042,0.5515,0.2175,12500,45799.0,0.7481
147590,National University of Health Sciences,Lombard,IL,3,2,3,4,21.0,0.0,13.0,,,,,,,,0.2857,0.7143,12289,58723.0,0.7692
147642,Cosmetology Concepts Niles,Niles,IL,3,3,1,1,21.0,0.0,31.0,,,,,,,,0.4028,0.3194,PS,20303.0,0.9355
147660,North Central College,Naperville,IL,3,2,3,4,12.0,0.0,2428.0,0.7733,1213.0,57219.0,45726.0,45726.0,0.64,0.7713,0.2395,0.4798,18750,60123.0,0.5136
147679,North Park University,Chicago,IL,3,2,3,4,11.0,0.0,1818.0,0.6851,,44172.0,36710.0,36710.0,0.5772,0.6166,0.4434,0.5019,19875,59572.0,0.56
147697,Northern Baptist Theological Seminary,Lisle,IL,3,2,4,4,21.0,0.0,,,,,,,,,,,PS,,
147703,Northern Illinois University,Dekalb,IL,3,1,3,4,23.0,0.0,11301.0,0.6979,,28851.0,13248.0,13248.0,0.4866,0.6962,0.4732,0.4672,16250,57808.0,0.53
147767,Northwestern University,Evanston,IL,3,2,3,4,13.0,0.0,9201.0,0.0769,1533.0,91250.0,68322.0,68322.0,0.9513,0.981,0.1855,0.1708,14000,89363.0,0.5432
147776,Northeastern Illinois University,Chicago,IL,3,1,3,4,11.0,0.0,3982.0,0.746,,26960.0,12383.0,22726.0,0.2165,0.5233,0.5567,0.192,11969,52234.0,0.5731
147800,Oakton College,Des Plaines,IL,3,1,1,2,13.0,0.0,6072.0,,,11431.0,3985.0,12462.0,,,0.1903,0.0034,3500,47852.0,0.5074
147819,Oehrlein School of Cosmetology,East Peoria,IL,3,3,1,1,21.0,0.0,65.0,,,,,,,,0.5062,0.6543,9833,18890.0,1.0
147828,Olivet Nazarene University,Bourbonnais,IL,3,2,3,4,23.0,0.0,2603.0,0.5586,1117.0,51981.0,38900.0,38900.0,0.6084,0.7083,0.3804,0.6324,19313,53213.0,0.5409
147916,Parkland College,Champaign,IL,3,1,2,2,13.0,0.0,3348.0,,,14995.0,4284.0,13266.0,,,0.2537,0.1344,5250,38320.0,0.4961
148007,Prairie State College,Chicago Heights,IL,3,1,1,2,21.0,0.0,2443.0,,,13908.0,4176.0,11064.0,,,0.33,0.0821,8000,36696.0,0.5993
148016,Principia College,Elsah,IL,3,2,3,3,41.0,0.0,339.0,,,,34680.0,34680.0,0.7426,0.8313,0.0,0.0,,,0.413
148098,Professional's Choice Hair Design Academy,Joliet,IL,3,3,1,1,21.0,0.0,53.0,,,,,,,,0.3151,0.3973,8375,30341.0,0.9434
148131,Quincy University,Quincy,IL,3,2,3,4,33.0,0.0,1010.0,0.5093,1098.0,50091.0,37140.0,37140.0,0.4504,0.7003,0.2973,0.5434,13000,50369.0,0.4119
148256,Rend Lake College,Ina,IL,3,1,1,2,42.0,0.0,1175.0,,,16731.0,4500.0,7800.0,,,0.3025,0.0,4475,35775.0,0.6187
148292,Richland Community College,Decatur,IL,3,1,1,2,13.0,0.0,1346.0,,,11483.0,4680.0,17070.0,,,0.327,0.0682,4500,38793.0,0.6991
148380,Rock Valley College,Rockford,IL,3,1,2,2,12.0,0.0,4359.0,,,11920.0,4334.0,7379.0,,,0.2816,0.0416,5500,39158.0,0.5393
148405,Rockford University,Rockford,IL,3,2,3,4,12.0,0.0,972.0,0.9291,956.0,49169.0,37780.0,37780.0,0.472,0.6526,0.4835,0.5713,15000,54794.0,0.5103
148487,Roosevelt University,Chicago,IL,3,2,3,4,11.0,0.0,2849.0,0.9716,1011.0,35332.0,21315.0,21315.0,0.3514,0.6162,0.5132,0.5374,14667,48712.0,0.629
148496,Dominican University,River Forest,IL,3,2,3,4,21.0,0.0,2561.0,0.9032,1002.0,43891.0,38978.0,38978.0,0.5526,0.7793,0.5152,0.5002,18750,60327.0,0.695
148511,Rush University,Chicago,IL,3,2,3,4,11.0,0.0,138.0,,,,,,,,0.3667,0.4667,19273,75194.0,0.7464
148575,Saint Francis Medical Center College of Nursing,Peoria,IL,3,2,3,4,12.0,0.0,273.0,,,,,,,,0.2285,0.2622,15000,72850.0,0.8462
148584,University of St Francis,Joliet,IL,3,2,3,4,21.0,0.0,1223.0,0.6529,1141.0,46239.0,38110.0,38110.0,0.6682,0.7876,0.3934,0.7604,16500,63926.0,0.6533
148593,St. John's College,Springfield,IL,3,2,3,3,12.0,0.0,126.0,,,,,,,,0.3026,0.7632,15000,86331.0,0.9048
148627,Saint Xavier University,Chicago,IL,3,2,3,4,11.0,0.0,3096.0,0.843,,43244.0,37940.0,37940.0,0.5661,0.7573,0.5887,0.8654,16699,58656.0,0.6111
148654,University of Illinois Springfield,Springfield,IL,3,1,3,4,12.0,0.0,2263.0,0.8588,1102.0,25521.0,12252.0,22017.0,0.5321,0.748,0.3736,0.3681,14000,57103.0,0.5625
148672,Sauk Valley Community College,Dixon,IL,3,1,1,2,41.0,0.0,1158.0,,,15273.0,5340.0,12900.0,,,0.3266,0.0747,5500,40458.0,0.6235
148821,Shawnee Community College,Ullin,IL,3,1,1,2,42.0,0.0,698.0,,,13497.0,4650.0,7500.0,,,0.3117,0.0,PS,32999.0,0.6476
148885,University of Saint Mary of the Lake,Mundelein,IL,3,2,4,4,21.0,0.0,,,,,,,,,,,PS,,
148937,Southeastern Illinois College,Harrisburg,IL,3,1,1,2,42.0,0.0,680.0,,,16113.0,4560.0,6780.0,,,0.2399,0.0,PS,33763.0,0.5676
148982,Spertus College,Chicago,IL,3,2,4,4,11.0,0.0,,,,,,,,,,,PS,,
148991,Spoon River College,Canton,IL,3,1,1,2,41.0,0.0,774.0,,,12217.0,6090.0,13500.0,,,0.2727,0.0718,6750,38386.0,0.6796
149028,Saint Anthony College of Nursing,Rockford,IL,3,2,3,4,12.0,0.0,172.0,,,,27811.0,27811.0,,1.0,0.3882,0.5592,18750,77709.0,0.9012
149204,Educators of Beauty College of Cosmetology-Sterling,Sterling,IL,3,3,1,1,32.0,0.0,59.0,,,,,,,,0.619,0.7024,9500,21463.0,1.0
149222,Southern Illinois University-Carbondale,Carbondale,IL,3,1,3,4,32.0,0.0,8494.0,0.8688,1055.0,28329.0,13334.0,13334.0,0.6241,0.668,0.3883,0.4465,17750,53390.0,0.5213
149231,Southern Illinois University Edwardsville,Edwardsville,IL,3,1,3,4,21.0,0.0,8750.0,0.975,1100.0,28919.0,12922.0,12922.0,0.5697,0.757,0.3266,0.3835,15500,56346.0,0.5766
149310,Taylor Business Institute,Chicago,IL,3,3,2,2,11.0,0.0,98.0,0.9123,,22775.0,12000.0,12000.0,,,0.0432,0.0247,4554,25559.0,0.3367
149329,Telshe Yeshiva-Chicago,Chicago,IL,3,2,3,4,11.0,0.0,78.0,1.0,,23300.0,15000.0,15000.0,0.0,0.8889,0.3462,0.0,PS,,0.0
149365,South Suburban College,South Holland,IL,3,1,1,2,21.0,0.0,2042.0,,,10834.0,5093.0,12683.0,,,0.2422,0.0,PS,33680.0,0.6783
149505,Trinity Christian College,Palos Heights,IL,3,2,3,4,21.0,0.0,820.0,0.8492,1157.0,35012.0,20605.0,20605.0,0.5752,0.8145,0.3458,0.555,21358,55700.0,0.5695
149514,Trinity International University-Illinois,Deerfield,IL,3,2,3,4,21.0,0.0,55.0,1.0,,16515.0,12320.0,12320.0,0.461,0.125,0.8929,0.6143,19500,46989.0,0.2727
149532,Triton College,River Grove,IL,3,1,1,2,21.0,0.0,6902.0,,,12235.0,5070.0,15330.0,,,0.2485,0.0174,5500,41728.0,0.479
149550,University of Spa & Cosmetology Arts,Springfield,IL,3,3,1,1,12.0,0.0,164.0,,,,,,,,0.4694,0.4939,4124,27084.0,0.8841
149639,VanderCook College of Music,Chicago,IL,3,2,3,4,11.0,0.0,76.0,0.8947,,44613.0,30910.0,30910.0,0.6667,0.8824,0.2626,0.4242,27000,47863.0,0.4605
149727,Waubonsee Community College,Sugar Grove,IL,3,1,2,2,41.0,0.0,5721.0,,,19336.0,3504.0,10477.0,,,0.2137,0.0628,4500,44788.0,0.552
149772,Western Illinois University,Macomb,IL,3,1,3,4,33.0,0.0,4410.0,0.7118,,28254.0,15264.0,15264.0,0.4522,0.6137,0.2806,0.3174,19762,54163.0,0.5878
149781,Wheaton College,Wheaton,IL,3,2,3,4,21.0,0.0,2121.0,0.874,1380.0,59263.0,45546.0,45546.0,0.8475,0.9259,0.2171,0.4332,20000,63756.0,0.5427
149842,William Rainey Harper College,Palatine,IL,3,1,1,2,21.0,0.0,9313.0,,,19288.0,3894.0,11874.0,,,0.197,0.0201,6230,48071.0,0.5632
150066,Anderson University,Anderson,IN,3,2,3,4,13.0,0.0,1057.0,0.7934,1035.0,51585.0,37240.0,37240.0,0.5379,0.5993,0.3626,0.5826,19500,48899.0,0.4834
150136,Ball State University,Muncie,IN,3,1,3,4,13.0,0.0,13988.0,0.855,1160.0,26146.0,11082.0,29630.0,0.6234,0.777,0.3471,0.4262,16904,51833.0,0.6082
150145,Bethel University,Mishawaka,IN,3,2,3,4,13.0,0.0,1008.0,0.9766,1014.0,43885.0,34600.0,34600.0,0.5322,0.724,0.3349,0.4578,19293,48860.0,0.5615
150163,Butler University,Indianapolis,IN,3,2,3,4,11.0,0.0,4317.0,0.8508,1274.0,65970.0,47560.0,47560.0,0.8038,0.8749,0.1505,0.4266,22238,77235.0,0.6002
150172,Calumet College of Saint Joseph,Whiting,IN,3,2,3,4,21.0,0.0,529.0,,,32968.0,23850.0,23850.0,0.2286,0.4228,0.5161,0.5429,9500,46945.0,0.327
150215,Christian Theological Seminary,Indianapolis,IN,3,2,4,4,11.0,0.0,,,,,,,,,,,PS,,
150251,College of Court Reporting Inc,Valparaiso,IN,3,3,2,2,23.0,0.0,175.0,,,43083.0,10080.0,10080.0,,,0.445,0.6911,13779,43927.0,0.9543
150288,Concordia Theological Seminary,Fort Wayne,IN,3,2,4,4,11.0,0.0,,,,,,,,,,,PS,,
150303,Tricoci University of Beauty Culture-Highland,Highland,IN,3,3,1,1,21.0,0.0,319.0,,,,,,,,0.5919,0.6515,7307,22374.0,0.9843
150400,DePauw University,Greencastle,IN,3,2,3,3,32.0,0.0,1905.0,0.5719,1340.0,74320.0,59070.0,59070.0,0.7469,0.8858,0.1637,0.317,24733,70527.0,0.5008
150428,Don Roberts School of Hair Design,Schererville,IN,3,3,1,1,21.0,0.0,25.0,,,,,,,,0.375,0.4583,6251,19976.0,0.96
150455,Earlham College,Richmond,IN,3,2,3,4,32.0,0.0,670.0,0.7311,1219.0,67684.0,53930.0,53930.0,0.69,0.7723,0.2441,0.4331,19500,50797.0,0.5254
150534,University of Evansville,Evansville,IN,3,2,3,4,12.0,0.0,1539.0,0.776,,57451.0,44172.0,44172.0,0.6446,0.8333,0.2447,0.4124,19000,53770.0,0.6017
150604,Franklin College,Franklin,IN,3,2,3,4,21.0,0.0,900.0,0.698,1145.0,54178.0,38710.0,38710.0,0.603,0.7294,0.3644,0.5423,18998,55376.0,0.4989
150668,Goshen College,Goshen,IN,3,2,3,4,13.0,0.0,773.0,0.8407,950.0,48449.0,38890.0,38890.0,0.65,0.8013,0.3583,0.4748,13750,51943.0,0.5821
150677,Grace College and Theological Seminary,Winona Lake,IN,3,2,3,4,32.0,0.0,1464.0,0.8215,1119.0,41838.0,31200.0,31200.0,0.6877,0.7737,0.2906,0.4975,16750,45411.0,0.5943
150756,Hanover College,Hanover,IN,3,2,3,4,32.0,0.0,1031.0,0.837,1201.0,58821.0,44638.0,44638.0,0.6713,0.8182,0.2583,0.5166,19500,53957.0,0.5005
150765,J Michael Harrold Beauty Academy,Terre Haute,IN,3,3,1,1,13.0,0.0,88.0,,,,,,,,0.5633,0.6772,5719,26999.0,1.0
150774,Holy Cross College,Notre Dame,IN,3,2,3,3,21.0,0.0,639.0,0.7518,,50881.0,36600.0,36600.0,0.7289,0.7039,0.2975,0.7065,11904,50416.0,0.3349
150853,PJ's College of Cosmetology-Clarksville,Clarksville,IN,3,3,1,1,21.0,0.0,125.0,,,,,,,,0.4,0.4475,7389,22402.0,0.968
150941,Huntington University,Huntington,IN,3,2,3,4,32.0,0.0,1082.0,0.7564,1052.0,42157.0,31870.0,31870.0,0.636,0.8381,0.2737,0.3904,18127,46672.0,0.6118
150987,Ivy Tech Community College,Indianapolis,IN,3,1,1,2,11.0,0.0,58267.0,,,15370.0,5154.0,9935.0,,,0.2248,0.0683,5835,37186.0,0.5534
151102,Purdue University Fort Wayne,Fort Wayne,IN,3,1,3,4,11.0,0.0,5484.0,0.8389,1100.0,22183.0,9532.0,22887.0,0.3627,0.6657,0.2477,0.2402,10556,45872.0,0.4785
151111,Indiana University-Indianapolis,Indianapolis,IN,3,1,3,4,11.0,0.0,13830.0,0.7637,1139.0,23316.0,10762.0,34891.0,0.5445,0.7219,0.373,0.3316,13337,55198.0,0.6726
151263,University of Indianapolis,Indianapolis,IN,3,2,3,4,11.0,0.0,3005.0,0.665,,52590.0,37200.0,37200.0,0.5582,0.7104,0.3258,0.3816,18714,53610.0,0.5884
151290,Indiana Institute of Technology,Fort Wayne,IN,3,2,3,4,11.0,0.0,1441.0,0.7039,,45879.0,31361.0,31361.0,0.4779,0.5941,0.3518,0.689,12564,47327.0,0.3963
151306,University of Southern Indiana,Evansville,IN,3,1,1,4,22.0,0.0,5292.0,0.9581,1141.0,22383.0,10066.0,22907.0,0.4818,0.75,0.229,0.2579,13236,47605.0,0.63
151324,Indiana State University,Terre Haute,IN,3,1,3,4,13.0,0.0,6188.0,0.8077,,24535.0,10258.0,22322.0,0.4288,0.6585,0.4156,0.2599,14574,48387.0,0.557
151333,Indiana University-Kokomo,Kokomo,IN,3,1,3,4,13.0,0.0,2352.0,0.8648,1065.0,11837.0,8424.0,22811.0,0.4561,0.6934,0.334,0.3007,10000,49917.0,0.6679
151342,Indiana University-South Bend,South Bend,IN,3,1,3,4,12.0,0.0,3933.0,0.8384,1081.0,17364.0,8424.0,22811.0,0.4009,0.6509,0.4267,0.3494,12000,44947.0,0.654
151351,Indiana University-Bloomington,Bloomington,IN,3,1,3,4,13.0,0.0,37806.0,0.7821,1313.0,28801.0,12144.0,41891.0,0.8021,0.9106,0.1676,0.2695,15519,63742.0,0.4993
151360,Indiana University-Northwest,Gary,IN,3,1,3,4,21.0,0.0,2661.0,0.7339,1055.0,13989.0,8424.0,22811.0,0.3738,0.7136,0.4255,0.3366,12478,43361.0,0.7377
151379,Indiana University-Southeast,New Albany,IN,3,1,3,4,21.0,0.0,3170.0,0.8446,1072.0,16411.0,8424.0,22811.0,0.3919,0.6377,0.3229,0.294,11650,47596.0,0.6224
151388,Indiana University-East,Richmond,IN,3,1,3,4,32.0,0.0,2589.0,0.6722,1061.0,16954.0,8424.0,22811.0,0.3958,0.6176,0.3543,0.3361,12000,47156.0,0.6647
151467,Vet Tech Institute of Indiana,Indianapolis,IN,3,3,2,2,11.0,0.0,123.0,0.7519,,23846.0,17170.0,17170.0,,,0.5724,0.8345,11059,38146.0,0.935
151564,Taylor Institute of Cosmetology II,Knox,IN,3,3,1,1,42.0,0.0,44.0,,,,,,,,0.1754,0.0,PS,14236.0,1.0
151607,Tricoci University of Beauty Culture-Lafayette,Lafayette,IN,3,3,1,1,13.0,0.0,126.0,,,,,,,,0.6284,0.7027,6333,26446.0,0.9762
151661,Lincoln College of Technology-Indianapolis,Indianapolis,IN,3,3,1,2,11.0,0.0,1052.0,,,,,,,,0.6199,0.7289,9524,46396.0,0.1749
151777,Manchester University,North Manchester,IN,3,2,3,4,32.0,0.0,936.0,0.7106,,49993.0,37135.0,37135.0,0.4608,0.6632,0.447,0.7005,12250,51504.0,0.4786
151786,Marian University,Indianapolis,IN,3,2,3,4,11.0,0.0,2266.0,0.9546,,56258.0,40664.0,40664.0,0.6722,0.7588,0.2853,0.6609,20000,58759.0,0.5724
151801,Indiana Wesleyan University-Marion,Marion,IN,3,2,3,4,32.0,0.0,1974.0,0.8894,1082.0,44776.0,32352.0,32352.0,0.6671,0.829,0.2708,0.7124,14335,59986.0,0.6018
151865,Anabaptist Mennonite Biblical Seminary,Elkhart,IN,3,2,4,4,13.0,0.0,,,,,,,,,,,PS,,
151962,Mid-America College of Funeral Service,Jeffersonville,IN,3,2,2,3,21.0,0.0,279.0,,,35453.0,19000.0,19000.0,0.3214,,0.5134,0.6677,11625,44505.0,0.7634
152080,University of Notre Dame,Notre Dame,IN,3,2,3,4,21.0,0.0,8818.0,0.1127,1520.0,83271.0,65025.0,65025.0,0.9517,0.9908,0.1374,0.2467,19000,99980.0,0.4873
152099,Oakland City University,Oakland City,IN,3,2,3,4,42.0,0.0,499.0,0.8251,,42441.0,27900.0,27900.0,0.6552,0.7769,0.4071,0.424,12174,43283.0,0.3808
152150,PJ's College of Cosmetology-Richmond,Richmond,IN,3,3,1,1,32.0,0.0,55.0,,,,,,,,0.5778,0.4889,6333,24039.0,1.0
152275,Ravenscroft Beauty College,Fort Wayne,IN,3,3,1,1,11.0,0.0,104.0,,,,,,,,0.6223,0.5585,6333,23187.0,0.6827
152309,Rogers Academy of Hair Design,Evansville,IN,3,3,1,1,12.0,0.0,72.0,,,,,,,,0.5217,0.558,9833,22590.0,0.7639
152318,Rose-Hulman Institute of Technology,Terre Haute,IN,3,2,3,4,13.0,0.0,2309.0,0.7686,1427.0,77890.0,58649.0,58649.0,0.7816,0.9167,0.1181,0.4143,21751,101253.0,0.2443
152336,University of Saint Francis-Fort Wayne,Fort Wayne,IN,3,2,3,4,11.0,0.0,1567.0,0.9597,981.0,47223.0,36460.0,36460.0,0.5497,0.7072,0.4385,0.614,18750,55362.0,0.6726
152381,Saint Mary-of-the-Woods College,Saint Mary of the Woods,IN,3,2,3,4,41.0,0.0,853.0,0.7239,,49512.0,35270.0,35270.0,0.4663,0.6184,0.4989,0.4833,13600,43845.0,0.6858
152390,Saint Mary's College,Notre Dame,IN,3,2,3,4,21.0,0.0,1458.0,0.7597,1246.0,66478.0,53230.0,53230.0,0.6933,0.881,0.2388,0.5604,23199,59354.0,1.0
152451,Saint Meinrad School of Theology,St. Meinrad,IN,3,2,4,4,43.0,0.0,,,,,,,,,,,PS,,
152497,Saint Elizabeth School of Nursing,Lafayette,IN,3,2,1,1,13.0,0.0,145.0,0.8889,,32407.0,20208.0,20208.0,,,0.5115,0.6641,19500,65230.0,0.9448
152530,Taylor University,Upland,IN,3,2,3,4,42.0,0.0,2025.0,0.7353,1220.0,53405.0,40490.0,40490.0,0.7381,0.8929,0.1349,0.2909,15500,52198.0,0.5407
152567,Trine University,Angola,IN,3,2,3,4,32.0,0.0,2324.0,0.8548,,51109.0,36560.0,36560.0,0.6438,0.7994,0.1556,0.3878,18500,57165.0,0.3903
152600,Valparaiso University,Valparaiso,IN,3,2,3,4,23.0,0.0,2083.0,0.8943,1178.0,58437.0,48450.0,48450.0,0.7037,0.754,0.2732,0.5193,22133,63191.0,0.5675
152628,Vincennes Beauty College,Vincennes,IN,3,3,1,1,33.0,0.0,27.0,,,,,,,,0.2414,0.0862,5500,20064.0,1.0
152637,Vincennes University,Vincennes,IN,3,1,1,3,33.0,0.0,3657.0,,,21310.0,7126.0,16858.0,0.3892,0.5,0.0882,0.0744,9227,41110.0,0.475
152673,Wabash College,Crawfordsville,IN,3,2,3,3,32.0,0.0,866.0,0.633,1180.0,65144.0,50800.0,50800.0,0.7701,0.9295,0.2367,0.6178,24855,69952.0,0.0
152798,Allen College,Waterloo,IA,4,2,3,4,13.0,0.0,261.0,,,,,,,,0.2401,0.6846,15000,71261.0,0.9234
152992,Briar Cliff University,Sioux City,IA,4,2,3,4,13.0,0.0,624.0,,,51493.0,36956.0,36956.0,0.4751,0.6424,0.5318,0.4809,15506,54475.0,0.4599
153001,Buena Vista University,Storm Lake,IA,4,2,3,4,33.0,0.0,1366.0,0.7761,1120.0,54222.0,41798.0,41798.0,0.6169,0.7604,0.4376,0.6706,17500,49156.0,0.6347
153074,Capri College-Dubuque,Dubuque,IA,4,3,1,1,13.0,0.0,165.0,,,,,,,,0.4553,0.4878,6457,28266.0,0.9758
153083,Capri College-Cedar Rapids,Cedar Rapids,IA,4,3,1,1,12.0,0.0,129.0,,,,,,,,0.4884,0.5349,7600,29307.0,0.969
153108,Central College,Pella,IA,4,2,3,3,32.0,0.0,1070.0,0.8617,1147.0,37773.0,20988.0,20988.0,0.6619,0.7993,0.2228,0.7023,20815,54317.0,0.4514
153126,Clarke University,Dubuque,IA,4,2,3,4,13.0,0.0,742.0,0.7183,1054.0,55782.0,40910.0,40910.0,0.5612,0.6734,0.3673,0.7384,19500,55396.0,0.4596
153144,Coe College,Cedar Rapids,IA,4,2,3,3,12.0,0.0,1164.0,0.6404,1223.0,67372.0,54666.0,54666.0,0.659,0.727,0.3584,0.6784,20496,57125.0,0.4957
153162,Cornell College,Mount Vernon,IA,4,2,3,3,31.0,0.0,1086.0,0.799,1234.0,66249.0,52660.0,52660.0,0.6182,0.7953,0.3207,0.6534,21500,53460.0,0.4632
153214,Des Moines Area Community College,Ankeny,IA,4,1,1,2,21.0,0.0,10446.0,,,16204.0,5790.0,6690.0,,,0.1567,0.1119,6500,41018.0,0.5837
153241,Divine Word College,Epworth,IA,4,2,3,3,42.0,0.0,64.0,,,,15600.0,15600.0,1.0,0.3333,0.0984,0.0,PS,,0.4844
153250,Dordt University,Sioux Center,IA,4,2,3,4,33.0,0.0,1597.0,0.6847,1221.0,51733.0,37050.0,37050.0,0.7014,0.8465,0.2018,0.4088,17500,52559.0,0.5041
153269,Drake University,Des Moines,IA,4,2,3,4,12.0,0.0,2543.0,0.6385,1292.0,64835.0,52130.0,52130.0,0.7403,0.8409,0.2169,0.4445,19500,71901.0,0.6079
153278,University of Dubuque,Dubuque,IA,4,2,3,4,13.0,0.0,1440.0,0.8863,1110.0,53806.0,42095.0,42095.0,0.4008,0.7656,0.3984,0.7019,17070,51190.0,0.3938
153296,Ellsworth Community College,Iowa Falls,IA,4,1,2,2,33.0,0.0,499.0,,,18804.0,5496.0,6504.0,,,0.3477,0.3606,6158,40562.0,0.487
153302,Emmaus Bible College,Dubuque,IA,4,2,1,3,13.0,0.0,224.0,0.5979,1161.0,30971.0,20800.0,20800.0,0.8298,0.8293,0.4315,0.269,9350,42631.0,0.4732
153311,Eastern Iowa Community College District,Davenport,IA,4,1,1,2,12.0,0.0,3520.0,,,19170.0,4848.0,6456.0,,,0.2417,0.1712,7970,39060.0,0.6776
153320,Faith Baptist Bible College and Theological Seminary,Ankeny,IA,4,2,3,4,21.0,0.0,405.0,0.6752,1109.0,32722.0,20270.0,20270.0,0.6753,0.7662,0.3533,0.2085,8750,40650.0,0.5407
153366,Graceland University-Lamoni,Lamoni,IA,4,2,3,4,43.0,0.0,798.0,0.8083,,48294.0,20950.0,20950.0,0.4195,0.5504,0.4923,0.7758,14209,47361.0,0.4123
153375,Grand View University,Des Moines,IA,4,2,3,4,12.0,0.0,1486.0,0.9909,,48522.0,34762.0,34762.0,0.5399,0.7015,0.4504,0.7154,15097,52824.0,0.5471
153384,Grinnell College,Grinnell,IA,4,2,3,3,33.0,0.0,1729.0,0.1451,1486.0,83440.0,68106.0,68106.0,0.8812,0.9256,0.1786,0.1273,14151,62830.0,0.5437
153427,Orion Technical College,Davenport,IA,4,3,1,3,12.0,0.0,41.0,,,30641.0,15600.0,15600.0,0.8065,,0.3973,0.4247,9500,37008.0,0.5854
153445,Hawkeye Community College,Waterloo,IA,4,1,2,2,41.0,0.0,2626.0,,,14901.0,6525.0,6612.0,,,0.2177,0.2308,8750,42849.0,0.5963
153463,American Hair Academy,Mt. Pleasant,IA,4,3,1,1,33.0,0.0,25.0,,,,,,,,0.4063,0.5313,9858,28724.0,0.8
153472,Indian Hills Community College,Ottumwa,IA,4,1,2,2,33.0,0.0,1495.0,,,17791.0,5040.0,6120.0,,,0.2423,0.1891,7125,40507.0,0.5478
153524,Iowa Central Community College,Fort Dodge,IA,4,1,2,2,33.0,0.0,3103.0,,,15222.0,5496.0,7788.0,,,0.3492,0.3579,8000,42046.0,0.5369
153533,Iowa Lakes Community College,Estherville,IA,4,1,2,2,33.0,0.0,941.0,,,20120.0,7392.0,7872.0,,,0.1914,0.1828,7242,43108.0,0.4655
153542,UnityPoint Health-Des Moines School of Radiologic Technology,Des Moines,IA,4,2,1,1,12.0,0.0,16.0,,,,,,,,0.1875,0.5625,PS,,0.875
153597,Iowa School of Beauty-Des Moines,Des Moines,IA,4,3,1,1,21.0,0.0,74.0,,,,,,,,0.3862,0.5034,6333,25803.0,1.0
153603,Iowa State University,Ames,IA,4,1,3,4,13.0,0.0,25367.0,0.8866,1204.0,24018.0,10787.0,28881.0,0.7532,0.8757,0.1877,0.4334,18750,63386.0,0.448
153630,Iowa Western Community College,Council Bluffs,IA,4,1,2,2,21.0,0.0,2916.0,,,18978.0,6930.0,7080.0,,,0.243,0.1999,8098,42793.0,0.5583
153658,University of Iowa,Iowa City,IA,4,1,3,4,13.0,0.0,22264.0,0.8362,1200.0,28596.0,11283.0,33371.0,0.7463,0.9036,0.1835,0.4185,18207,64762.0,0.5665
153737,Kirkwood Community College,Cedar Rapids,IA,4,1,2,2,12.0,0.0,7591.0,,,15579.0,6176.0,8220.0,,,0.2372,0.2098,7591,41016.0,0.5823
153746,La James International College-Cedar Falls,Cedar Falls,IA,4,3,1,1,13.0,0.0,54.0,,,,,,,,0.7536,0.7826,7917,25575.0,0.9815
153764,La James International College-Johnston,Johnston,IA,4,3,1,1,21.0,0.0,141.0,,,,,,,,0.6096,0.6684,7917,27401.0,0.9716
153773,La James College of Hairstyling and Cosmetology,Mason City,IA,4,3,1,1,33.0,0.0,56.0,,,,,,,,0.5474,0.8105,6332,27484.0,0.9821
153782,La James International College-Ft Dodge,Fort Dodge,IA,4,3,1,1,33.0,0.0,22.0,,,,,,,,0.6875,0.7188,PS,26679.0,0.9091
153825,Loras College,Dubuque,IA,4,2,3,4,13.0,0.0,1083.0,0.9986,,50537.0,39824.0,39824.0,0.676,0.8228,0.2336,0.5805,19500,58289.0,0.4146
153834,Luther College,Decorah,IA,4,2,3,3,33.0,0.0,1379.0,0.7154,1218.0,65461.0,52120.0,52120.0,0.7112,0.7699,0.2044,0.648,22200,59850.0,0.5207
153861,Maharishi International University,Fairfield,IA,4,2,3,4,33.0,0.0,922.0,0.957,,27892.0,16530.0,16530.0,0.5,0.6129,0.5689,0.6525,11558,27981.0,0.7863
153922,Marshalltown Community College,Marshalltown,IA,4,1,2,2,32.0,0.0,788.0,,,14425.0,5496.0,6504.0,,,0.2215,0.1081,5500,41010.0,0.5165
153977,Mercy College of Health Sciences,Des Moines,IA,4,2,3,4,12.0,0.0,867.0,0.9971,980.0,34398.0,17664.0,17664.0,0.6552,0.6923,0.3392,0.6331,12500,62234.0,0.8731
154004,Morningside University,Sioux City,IA,4,2,3,4,13.0,0.0,1163.0,0.7104,,52577.0,39660.0,39660.0,0.5014,0.7418,0.3387,0.6604,15750,55494.0,0.5116
154013,Mount Mercy University,Cedar Rapids,IA,4,2,3,4,12.0,0.0,1107.0,0.8252,,55054.0,40878.0,40878.0,0.5774,0.7277,0.2667,0.5342,18500,60787.0,0.5863
154022,The University of Arizona Global Campus,Chandler,AZ,6,1,3,4,11.0,0.0,20152.0,,,37594.0,11960.0,11960.0,0.1068,0.3473,0.3207,0.332,9500,35404.0,0.6104
154059,North Iowa Area Community College,Mason City,IA,4,1,1,2,41.0,0.0,1320.0,,,17040.0,6653.0,9551.0,,,0.2359,0.2036,6000,43462.0,0.525
154095,University of Northern Iowa,Cedar Falls,IA,4,1,3,4,13.0,0.0,7529.0,0.9274,1122.0,22278.0,9936.0,21712.0,0.6792,0.8166,0.2739,0.4639,16486,55177.0,0.613
154101,Northwestern College,Orange City,IA,4,2,3,4,32.0,0.0,1175.0,0.8036,,49783.0,36710.0,36710.0,0.6605,0.735,0.247,0.5611,16791,49802.0,0.5234
154110,Northeast Iowa Community College,Calmar,IA,4,1,2,2,42.0,0.0,1697.0,,,17838.0,6780.0,7770.0,,,0.2284,0.1476,8284,41306.0,0.6635
154129,Northwest Iowa Community College,Sheldon,IA,4,1,2,2,33.0,0.0,864.0,,,20414.0,7350.0,7650.0,,,0.1605,0.1311,7000,50776.0,0.5255
154156,Des Moines University-Osteopathic Medical Center,West Des Moines,IA,4,2,4,4,41.0,0.0,,,,,,,,,,,PS,,
154174,Palmer College of Chiropractic,Davenport,IA,4,2,3,4,12.0,0.0,43.0,,,,,,,,0.2128,0.6383,7500,59483.0,0.3256
154208,PCI Academy-Ames,Ames,IA,4,3,1,1,13.0,0.0,176.0,,,,,,,,0.3414,0.5341,4858,31330.0,0.9716
154235,Saint Ambrose University,Davenport,IA,4,2,3,4,12.0,0.0,1916.0,0.7733,1093.0,51141.0,36658.0,36658.0,0.6103,0.7577,0.3155,0.6443,19500,59531.0,0.5308
154262,St Luke's College,Sioux City,IA,4,2,2,3,13.0,0.0,167.0,0.8,980.0,27647.0,24175.0,24175.0,1.0,,0.5,0.7704,13000,61033.0,0.9222
154332,La James International College-Davenport,Davenport,IA,4,3,1,1,12.0,0.0,127.0,,,,,,,,0.6495,0.7009,7917,23303.0,0.9685
154350,Simpson College,Indianola,IA,4,2,3,4,31.0,0.0,1227.0,0.8622,1440.0,61227.0,47656.0,47656.0,0.6333,0.8129,0.3456,0.7061,20262,59274.0,0.4955
154378,Southeastern Community College,West Burlington,IA,4,1,1,2,33.0,0.0,1699.0,,,17371.0,6420.0,6570.0,,,0.2814,0.2041,7398,36882.0,0.6263
154396,Southwestern Community College,Creston,IA,4,1,1,2,33.0,0.0,729.0,,,16951.0,8064.0,8316.0,,,0.2376,0.2156,7418,40129.0,0.6283
154448,Capri College-Davenport,Davenport,IA,4,3,1,1,12.0,0.0,135.0,,,,,,,,0.3731,0.4974,5984,26932.0,0.9852
154457,Iowa School of Beauty-Sioux City,Sioux City,IA,4,3,1,1,13.0,0.0,67.0,,,,,,,,0.6389,0.5972,9500,26654.0,0.9701
154466,SOHO Hair Academy,Council Bluffs,IA,4,3,1,1,21.0,0.0,66.0,,,,,,,,0.7632,0.8816,8550,17349.0,0.9848
154493,Upper Iowa University,Fayette,IA,4,2,3,4,43.0,0.0,1994.0,0.9646,1090.0,34022.0,19475.0,19475.0,0.3389,0.6774,0.3179,0.4046,18000,52766.0,0.5888
154518,Waldorf University,Forest City,IA,4,2,3,4,43.0,0.0,1827.0,0.7698,,39675.0,25978.0,25978.0,0.2114,0.4414,0.3552,0.3934,12025,51165.0,0.3711
154527,Wartburg College,Waverly,IA,4,2,3,4,32.0,0.0,1452.0,0.7584,1136.0,64359.0,26250.0,26250.0,0.643,0.7571,0.2212,0.6726,19500,56201.0,0.4456
154536,Wartburg Theological Seminary,Dubuque,IA,4,2,4,4,13.0,0.0,,,,,,,,,,,PS,,
154545,The Salon Professional Academy-Cedar Falls,Cedar Falls,IA,4,3,1,1,13.0,0.0,91.0,,,,,,,,0.4264,0.4341,12000,20955.0,0.3626
154572,Western Iowa Tech Community College,Sioux City,IA,4,1,1,2,13.0,0.0,2647.0,,,14894.0,5186.0,5330.0,,,0.2739,0.1729,7000,40473.0,0.6422
154590,William Penn University,Oskaloosa,IA,4,2,3,4,33.0,0.0,1301.0,0.5188,984.0,42874.0,29750.0,29750.0,0.3262,0.5816,0.4727,0.8772,12000,48936.0,0.4673
154642,Allen County Community College,Iola,KS,4,1,2,2,33.0,0.0,810.0,,,14024.0,4260.0,4860.0,,,0.1475,0.0837,5021,40059.0,0.6012
154688,Baker University,Baldwin City,KS,4,2,3,4,42.0,0.0,1100.0,0.9419,,50918.0,35300.0,35300.0,0.5779,0.658,0.2574,0.4434,18530,63855.0,0.5264
154697,Barton County Community College,Great Bend,KS,4,1,1,2,41.0,0.0,2455.0,,,15356.0,3680.0,4960.0,,,0.1926,0.079,6250,40428.0,0.5568
154712,Benedictine College,Atchison,KS,4,2,3,4,32.0,0.0,2272.0,0.9812,1252.0,52206.0,36350.0,36350.0,0.6158,0.8323,0.1878,0.4906,18570,53175.0,0.4947
154721,Bethany College,Lindsborg,KS,4,2,3,3,43.0,0.0,569.0,0.56,,53738.0,33000.0,33000.0,0.3574,0.4253,0.4819,0.7017,9500,49694.0,0.3357
154749,Bethel College-North Newton,North Newton,KS,4,2,3,3,32.0,0.0,504.0,0.935,,52193.0,35014.0,35014.0,0.4112,0.6188,0.4056,0.7058,12000,49898.0,0.494
154800,Butler Community College,El Dorado,KS,4,1,2,2,32.0,0.0,5104.0,,,21295.0,3541.0,6271.0,,,0.3339,0.177,6680,41206.0,0.6313
154855,Central Christian College of Kansas,McPherson,KS,4,2,3,4,33.0,0.0,380.0,0.5271,,33327.0,21000.0,21000.0,0.2697,0.45,0.524,0.6979,15750,44468.0,0.4368
154907,Cloud County Community College,Concordia,KS,4,1,1,2,41.0,0.0,762.0,,,17584.0,3540.0,4500.0,,,0.2068,0.0718,6326,39883.0,0.605
154925,Coffeyville Community College,Coffeyville,KS,4,1,1,2,33.0,0.0,850.0,,,11863.0,3600.0,4680.0,,,0.327,0.2206,5500,35246.0,0.4047
154934,Colby Community College,Colby,KS,4,1,1,2,33.0,0.0,838.0,,,13160.0,4140.0,5830.0,,,0.2211,0.1796,6206,41889.0,0.6897
154952,Cowley County Community College,Arkansas City,KS,4,1,1,2,32.0,0.0,1543.0,,,13534.0,4800.0,6600.0,,,0.3517,0.2155,5250,37723.0,0.6066
154998,Dodge City Community College,Dodge City,KS,4,1,1,2,33.0,0.0,1106.0,,,10189.0,4650.0,5850.0,,,0.2937,0.1611,5451,45427.0,0.4846
155007,Donnelly College,Kansas City,KS,4,2,2,3,12.0,0.0,395.0,,,21659.0,10440.0,10440.0,0.4583,0.5789,0.6676,0.3524,8747,35715.0,0.7924
155025,Emporia State University,Emporia,KS,4,1,3,4,33.0,0.0,2239.0,0.9771,1120.0,21967.0,7106.0,15419.0,0.561,0.7685,0.3449,0.59,14000,47601.0,0.6405
155052,Flint Hills Technical College,Emporia,KS,4,1,1,2,33.0,0.0,352.0,,,20965.0,6400.0,6400.0,,,0.0848,0.0628,6365,47007.0,0.5284
155061,Fort Hays State University,Hays,KS,4,1,3,4,33.0,0.0,9733.0,0.9026,1089.0,19909.0,5923.0,17741.0,0.477,0.7688,0.2278,0.243,14250,48928.0,0.6202
155070,Barclay College,Haviland,KS,4,2,3,4,43.0,0.0,168.0,0.5098,,42890.0,24590.0,24590.0,0.3226,0.5238,0.5148,0.5207,24320,36355.0,0.4643
155089,Friends University,Wichita,KS,4,2,3,4,11.0,0.0,1048.0,0.5522,1080.0,50482.0,34192.0,34192.0,0.4335,0.6545,0.3021,0.5788,17413,52113.0,0.4981
155098,Fort Scott Community College,Fort Scott,KS,4,1,1,2,33.0,0.0,693.0,,,12669.0,3390.0,3840.0,,,0.2527,0.2445,5500,37213.0,0.5123
155104,Garden City Community College,Garden City,KS,4,1,1,2,33.0,0.0,1474.0,,,15071.0,3690.0,4320.0,,,0.2941,0.1066,5200,41704.0,0.5529
155140,Haskell Indian Nations University,Lawrence,KS,4,1,2,3,13.0,0.0,978.0,0.9036,,9581.0,600.0,600.0,0.1795,,0.6503,0.0,PS,37043.0,0.5613
155159,Hays Academy of Hair Design,Hays,KS,4,3,1,1,33.0,0.0,83.0,,,,,,,,0.4846,0.4538,9833,23712.0,0.9639
155177,Hesston College,Hesston,KS,4,2,2,3,42.0,0.0,372.0,,,47450.0,32936.0,32936.0,0.6061,0.7778,0.3799,0.6623,12000,47495.0,0.5108
155186,Highland Community College,Highland,KS,4,1,1,2,42.0,0.0,1279.0,,,17914.0,4080.0,4080.0,,,0.2039,0.1489,5500,41291.0,0.5496
155195,Hutchinson Community College,Hutchinson,KS,4,1,1,2,32.0,0.0,3039.0,,,14858.0,3540.0,4770.0,,,0.228,0.1224,6500,43470.0,0.617
155201,Independence Community College,Independence,KS,4,1,2,2,41.0,0.0,486.0,,,8824.0,4560.0,4950.0,,,0.3739,0.1888,4750,34941.0,0.4156
155210,Johnson County Community College,Overland Park,KS,4,1,2,2,12.0,0.0,11332.0,,,19785.0,2424.0,5688.0,,,0.1709,0.0766,4500,45387.0,0.5455
155283,Concorde Career College-Kansas City,Kansas City,MO,4,3,1,3,11.0,0.0,198.0,0.9633,,,,,0.5286,,0.6817,0.708,9500,35242.0,0.899
155292,Kansas City Kansas Community College,Kansas City,KS,4,1,1,2,12.0,0.0,3319.0,,,19855.0,3210.0,6945.0,,,0.2907,0.0614,5750,40795.0,0.6062
155308,Kansas Christian College,Overland Park,KS,4,2,3,4,12.0,0.0,143.0,,,20997.0,11720.0,11720.0,0.098,0.4545,0.6294,0.6014,7859,,0.2308
155317,University of Kansas,Lawrence,KS,4,1,3,4,13.0,0.0,21217.0,0.9348,1190.0,26751.0,12102.0,30432.0,0.6881,0.8649,0.2047,0.3735,15500,61945.0,0.5357
155335,Newman University,Wichita,KS,4,2,3,4,11.0,0.0,851.0,0.7398,,46489.0,35500.0,35500.0,0.5281,0.6887,0.1226,0.1668,15240,55041.0,0.6486
155353,Old Town Barber College,Wichita,KS,4,3,1,1,11.0,0.0,97.0,,,,,,,,0.7534,0.7603,9667,21295.0,0.3402
155399,Kansas State University,Manhattan,KS,4,1,3,4,13.0,0.0,15142.0,0.8169,1151.0,27402.0,11221.0,28568.0,0.7108,0.8559,0.2071,0.3629,17294,57262.0,0.5126
155414,Kansas Wesleyan University,Salina,KS,4,2,3,4,33.0,0.0,956.0,0.719,,47437.0,34630.0,34630.0,0.4863,0.6008,0.3915,0.7086,15000,51152.0,0.432
155423,Washburn Institute of Technology,Topeka,KS,4,1,1,1,12.0,0.0,615.0,,,14251.0,8880.0,8880.0,,,0.1348,0.0809,12500,49774.0,0.4211
155450,Labette Community College,Parsons,KS,4,1,2,2,33.0,0.0,801.0,,,13364.0,4064.0,4864.0,,,0.2304,0.0839,6500,37818.0,0.7353
155487,Manhattan Area Technical College,Manhattan,KS,4,1,1,2,13.0,0.0,342.0,,,19407.0,9844.0,9844.0,,,0.1095,0.1157,7601,51864.0,0.462
155496,Manhattan Christian College,Manhattan,KS,4,2,3,3,13.0,0.0,146.0,1.0,1020.0,34466.0,19126.0,19126.0,0.4429,0.7667,0.4681,0.5674,13000,48860.0,0.5
155511,McPherson College,McPherson,KS,4,2,3,4,33.0,0.0,872.0,0.7676,1058.0,50611.0,37310.0,37310.0,0.3392,0.6515,0.3794,0.6371,13833,52084.0,0.3268
155520,MidAmerica Nazarene University,Olathe,KS,4,2,3,4,21.0,0.0,983.0,0.788,1048.0,57355.0,37174.0,37174.0,0.5361,0.6986,0.3122,0.5232,12912,62972.0,0.5168
155566,Neosho County Community College,Chanute,KS,4,1,1,2,33.0,0.0,862.0,,,16790.0,5780.0,5780.0,,,0.1805,0.0811,5500,45966.0,0.6323
155593,Fort Hays Tech North Central,Beloit,KS,4,1,1,2,43.0,0.0,441.0,,,21454.0,7350.0,7350.0,,,0.232,0.2173,6850,46928.0,0.3424
155618,Fort Hays State University-Northwest Kansas Technical College,Goodland,KS,4,1,1,2,33.0,0.0,315.0,,,,,,,,0.242,0.3316,8717,38616.0,0.254
155627,Ottawa University-Ottawa,Ottawa,KS,4,2,3,4,32.0,0.0,870.0,0.8296,1000.0,51856.0,35880.0,35880.0,0.279,0.583,0.3675,0.7553,12500,55552.0,0.3816
155636,Ottawa University-Kansas City,Overland Park,KS,4,2,3,4,12.0,0.0,219.0,,,,,,,,0.4912,0.6372,12500,55552.0,0.8128
155681,Pittsburg State University,Pittsburg,KS,4,1,3,4,32.0,0.0,4210.0,0.8942,1050.0,22099.0,8400.0,19744.0,0.5659,0.7719,0.3046,0.4148,14000,50579.0,0.5069
155715,Pratt Community College,Pratt,KS,4,1,1,2,33.0,0.0,579.0,,,19780.0,4256.0,4936.0,,,0.2342,0.1596,5500,51892.0,0.3938
155812,University of Saint Mary,Leavenworth,KS,4,2,3,4,31.0,0.0,925.0,0.8663,1029.0,48728.0,35380.0,35380.0,0.4776,0.65,0.3815,0.6946,14817,59483.0,0.4497
155830,Salina Area Technical College,Salina,KS,4,1,1,2,33.0,0.0,330.0,,,14642.0,7128.0,7128.0,,,0.1549,0.1241,5500,42175.0,0.603
155858,Seward County Community College,Liberal,KS,4,1,1,2,33.0,0.0,1166.0,,,12629.0,4032.0,5408.0,,,0.2138,0.0487,5000,41445.0,0.6081
155900,Southwestern College,Winfield,KS,4,2,3,4,32.0,0.0,924.0,0.7555,,58432.0,39822.0,39822.0,0.3568,0.559,0.4085,0.4855,12500,55646.0,0.3366
155937,Sterling College,Sterling,KS,4,2,3,4,43.0,0.0,538.0,0.4817,,47185.0,33700.0,33700.0,0.4129,0.5035,0.3706,0.4882,12000,45846.0,0.4164
155973,Tabor College,Hillsboro,KS,4,2,3,4,43.0,0.0,494.0,0.6458,,50350.0,36200.0,36200.0,0.3374,0.5271,0.3804,0.5938,14000,54058.0,0.3947
156082,Washburn University,Topeka,KS,4,1,3,4,12.0,0.0,4562.0,,,21512.0,9945.0,20949.0,0.5296,0.6803,0.3359,0.3103,12500,49774.0,0.6613
156107,Wichita State University-Campus of Applied Sciences and Technology,Wichita,KS,4,1,1,2,11.0,0.0,2828.0,,,17592.0,7238.0,7238.0,,,0.2274,0.1675,6650,38679.0,0.4866
156125,Wichita State University,Wichita,KS,4,1,3,4,11.0,0.0,10780.0,0.9395,1092.0,21780.0,9684.0,19869.0,0.5103,0.693,0.3055,0.3172,14700,51532.0,0.562
156134,Wichita Technical Institute,Wichita,KS,4,3,1,1,11.0,0.0,778.0,,,,,,,,0.6217,0.5437,9833,34101.0,0.5373
156189,Alice Lloyd College,Pippa Passes,KY,5,2,3,3,43.0,0.0,558.0,0.7523,1015.0,31200.0,13960.0,13960.0,0.3892,0.5657,0.5829,0.4385,7990,40573.0,0.5054
156213,Asbury University,Wilmore,KY,5,2,3,4,31.0,0.0,1420.0,0.634,,47459.0,33640.0,33640.0,0.6498,0.8333,0.2767,0.4078,17500,42368.0,0.6155
156222,Asbury Theological Seminary,Wilmore,KY,5,2,4,4,31.0,0.0,,,,,,,,,,,PS,,
156231,Ashland Community and Technical College,Ashland,KY,5,1,1,2,13.0,0.0,1631.0,,,14374.0,4728.0,6432.0,,,0.4064,0.1782,8000,34504.0,0.5996
156286,Bellarmine University,Louisville,KY,5,2,3,4,11.0,0.0,2161.0,0.8611,1210.0,61691.0,48770.0,48770.0,0.6436,0.7512,0.3071,0.4892,20000,62069.0,0.6099
156295,Berea College,Berea,KY,5,2,3,3,32.0,0.0,1513.0,0.1934,1249.0,60718.0,51658.0,51658.0,0.5822,0.7918,0.8373,0.076,3516,43150.0,0.5902
156310,PJ's College of Cosmetology-Bowling Green,Bowling Green,KY,5,3,1,1,13.0,0.0,219.0,,,,,,,,0.5794,0.5459,7283,20392.0,0.9817
156338,Southcentral Kentucky Community and Technical College,Bowling Green,KY,5,1,1,2,13.0,0.0,3308.0,,,13993.0,4728.0,6432.0,,,0.3342,0.0881,7600,34242.0,0.5992
156356,Brescia University,Owensboro,KY,5,2,3,4,13.0,0.0,545.0,0.3524,,44328.0,31550.0,31550.0,0.5371,0.6741,0.4265,0.5191,20185,45500.0,0.5541
156365,Campbellsville University,Campbellsville,KY,5,2,3,4,32.0,0.0,2840.0,0.7974,,42603.0,27998.0,27998.0,0.4201,0.645,0.2005,0.1847,9500,41583.0,0.6067
156392,Bluegrass Community and Technical College,Lexington,KY,5,1,1,2,11.0,0.0,8244.0,,,13902.0,4808.0,6512.0,,,0.3258,0.18,6755,36343.0,0.6026
156408,Centre College,Danville,KY,5,2,3,3,32.0,0.0,1400.0,0.5436,1352.0,67787.0,52820.0,52820.0,0.8067,0.875,0.2264,0.4867,25125,66240.0,0.52
156417,Clear Creek Baptist Bible College,Pineville,KY,5,2,3,4,42.0,0.0,159.0,,,21040.0,10720.0,10720.0,0.3846,0.875,0.4485,0.0,PS,41623.0,0.1195
156426,Paul Mitchell the School-Lexington,Lexington,KY,5,3,1,1,11.0,0.0,189.0,,,,,,,,0.5074,0.4704,9833,23207.0,0.9312
156471,Galen College of Nursing-Louisville,Louisville,KY,5,3,3,4,11.0,0.0,4801.0,,,,,,0.6146,0.7959,0.2461,0.3487,16500,61480.0,0.8911
156541,University of the Cumberlands,Williamsburg,KY,5,2,3,4,33.0,0.0,6941.0,0.9881,,25567.0,9875.0,9875.0,0.5043,0.743,0.5338,0.6788,8592,45036.0,0.6809
156620,Eastern Kentucky University,Richmond,KY,5,1,3,4,32.0,0.0,12318.0,0.7761,1149.0,23735.0,10320.0,21230.0,0.5004,0.7693,0.411,0.4071,14929,45795.0,0.5968
156648,Elizabethtown Community and Technical College,Elizabethtown,KY,5,1,1,2,13.0,0.0,4088.0,,,14212.0,4728.0,6432.0,,,0.3527,0.1065,5975,36143.0,0.6213
156727,Frontier Nursing University,Versailles,KY,5,2,4,4,41.0,0.0,,,,,,,,,,,PS,,
156745,Georgetown College,Georgetown,KY,5,2,3,4,31.0,0.0,1097.0,0.9106,1138.0,56886.0,42840.0,42840.0,0.4885,0.6906,0.3533,0.4825,13000,52074.0,0.4722
156754,PJ's College of Cosmetology-Glasgow,Glasgow,KY,5,3,1,1,32.0,0.0,44.0,,,,,,,,0.6406,0.5781,9500,18537.0,0.9318
156790,Hazard Community and Technical College,Hazard,KY,5,1,1,2,33.0,0.0,1506.0,,,12520.0,4728.0,6432.0,,,0.3198,0.0948,7000,29868.0,0.6189
156842,Paul Mitchell the School-Louisville,Louisville,KY,5,3,1,1,21.0,0.0,233.0,,,,,,,,0.4286,0.5029,9833,28449.0,0.9657
156851,Henderson Community College,Henderson,KY,5,1,1,2,41.0,0.0,880.0,,,13540.0,4728.0,6432.0,,,0.3238,0.1171,7457,35714.0,0.7455
156860,Hopkinsville Community College,Hopkinsville,KY,5,1,1,2,32.0,0.0,1630.0,,,14469.0,4728.0,6432.0,,,0.4453,0.128,6999,36323.0,0.6896
156921,Jefferson Community and Technical College,Louisville,KY,5,1,1,2,11.0,0.0,7744.0,,,14457.0,4808.0,6512.0,,,0.287,0.0887,6989,38171.0,0.5963
156967,Summit Salon Academy-Lexington,Lexington,KY,5,3,1,1,11.0,0.0,154.0,0.8125,,,,,,,0.5856,0.6274,6333,24148.0,0.987
157021,American National University-Louisville,Louisville,KY,5,3,2,4,33.0,0.0,347.0,,,25356.0,12456.0,12456.0,0.5,,0.7708,0.8292,10814,28188.0,0.9395
157030,Kentucky Mountain Bible College,Jackson,KY,5,2,3,3,43.0,0.0,69.0,1.0,1080.0,16603.0,10360.0,10360.0,0.6429,0.7,0.5402,0.2414,5500,21256.0,0.3913
157058,Kentucky State University,Frankfort,KY,5,1,3,4,32.0,1.0,1309.0,0.9608,870.0,21727.0,9387.0,13658.0,0.319,0.6369,0.5834,0.5608,12250,36382.0,0.5821
157076,Kentucky Wesleyan College,Owensboro,KY,5,2,3,3,13.0,0.0,842.0,0.716,1044.0,46203.0,34673.0,34673.0,0.468,0.5256,0.4952,0.6103,11000,46747.0,0.4988
157085,University of Kentucky,Lexington,KY,5,1,3,4,11.0,0.0,24763.0,0.9294,1215.0,34391.0,13502.0,34140.0,0.7142,0.8684,0.2252,0.3366,16750,59025.0,0.5838
157100,Kentucky Christian University,Grayson,KY,5,2,3,4,32.0,0.0,429.0,0.6091,1090.0,40168.0,26625.0,26625.0,0.3667,0.8608,0.4314,0.6163,8510,42375.0,0.31
157207,Lexington Theological Seminary,Lexington,KY,5,2,4,4,11.0,0.0,,,,,,,,,,,PS,,
157216,Lindsey Wilson University,Columbia,KY,5,2,3,4,33.0,0.0,1585.0,,,40879.0,27808.0,27808.0,0.4406,0.63,0.5244,0.5014,11514,41129.0,0.5666
157289,University of Louisville,Louisville,KY,5,1,3,4,11.0,0.0,14727.0,0.7941,1150.0,32941.0,13136.0,29482.0,0.6123,0.8149,0.306,0.2813,13750,53899.0,0.5645
157298,Louisville Presbyterian Theological Seminary,Louisville,KY,5,2,4,4,11.0,0.0,,,,,,,,,,,,,
157304,Madisonville Community College,Madisonville,KY,5,1,1,2,32.0,0.0,1841.0,,,13911.0,4728.0,6432.0,,,0.2962,0.1004,5853,35733.0,0.7012
157331,Maysville Community and Technical College,Maysville,KY,5,1,1,2,41.0,0.0,2284.0,,,13222.0,4728.0,6432.0,,,0.3883,0.1399,8047,32194.0,0.6362
157377,Midway University,Midway,KY,5,2,3,4,42.0,0.0,1262.0,0.9514,1122.0,48805.0,27220.0,27220.0,0.4069,0.6759,0.3195,0.4446,12470,44246.0,0.6331
157386,Morehead State University,Morehead,KY,5,1,3,4,33.0,0.0,4578.0,0.7721,,21961.0,10024.0,14980.0,0.5219,0.6501,0.2955,0.3352,14705,43197.0,0.6088
157401,Murray State University,Murray,KY,5,1,3,4,32.0,0.0,6688.0,0.8568,1133.0,23485.0,9900.0,19836.0,0.6132,0.7565,0.3332,0.3535,15000,44737.0,0.6054
157438,Gateway Community and Technical College,Florence,KY,5,1,1,2,21.0,0.0,3167.0,,,14075.0,4728.0,6432.0,,,0.2986,0.1101,8000,36147.0,0.5832
157447,Northern Kentucky University,Highland Heights,KY,5,1,3,4,21.0,0.0,8246.0,0.6765,1087.0,19725.0,11088.0,21912.0,0.5224,0.7551,0.2523,0.3095,15159,50220.0,0.5862
157483,West Kentucky Community and Technical College,Paducah,KY,5,1,1,2,13.0,0.0,2851.0,,,14084.0,4728.0,6432.0,,,0.3309,0.0943,6158,34891.0,0.6784
157535,University of Pikeville,Pikeville,KY,5,2,3,4,33.0,0.0,1135.0,,,33420.0,24850.0,24850.0,0.4167,0.6873,0.3803,0.6573,12467,48231.0,0.5181
157553,Big Sandy Community and Technical College,Prestonsburg,KY,5,1,1,2,33.0,0.0,1604.0,,,13047.0,4728.0,6432.0,,,0.4448,0.1549,6911,32954.0,0.6054
157614,Empire Beauty School-Chenoweth,Louisville,KY,5,3,1,1,21.0,0.0,100.0,,,,,,,,0.5241,0.4552,7851,23921.0,0.98
157650,Empire Beauty School-Elizabethtown,Elizabethtown,KY,5,3,1,1,13.0,0.0,171.0,,,,,,,,0.6655,0.6268,6222,24022.0,0.9591
157669,Empire Beauty School-Dixie,Louisville,KY,5,3,1,1,11.0,0.0,119.0,,,,,,,,0.724,0.599,6756,24397.0,0.9832
157678,Empire Beauty School-Florence,Florence,KY,5,3,1,1,21.0,0.0,124.0,,,,,,,,0.6262,0.534,7667,23925.0,0.9758
157711,Somerset Community College,Somerset,KY,5,1,1,2,33.0,0.0,4166.0,,,12959.0,4728.0,6432.0,,,0.4877,0.2045,8000,30787.0,0.6474
157739,Southeast Kentucky Community & Technical College,Cumberland,KY,5,1,1,2,43.0,0.0,1721.0,,,12699.0,4728.0,6432.0,,,0.4014,0.0725,5500,29482.0,0.6845
157748,The Southern Baptist Theological Seminary,Louisville,KY,5,2,3,4,11.0,0.0,848.0,0.5587,1120.0,,11046.0,11046.0,0.4025,0.7857,0.0,0.0,PS,,0.4363
157757,Spalding University,Louisville,KY,5,2,3,4,11.0,0.0,583.0,0.9945,977.0,45530.0,29200.0,29200.0,0.5167,0.6404,0.3583,0.5899,20500,49438.0,0.6106
157793,Sullivan University,Louisville,KY,5,3,2,4,11.0,0.0,2026.0,,,31766.0,15480.0,15480.0,0.7099,,0.5602,0.6225,10688,38008.0,0.7493
157809,Thomas More University,Crestview Hills,KY,5,2,3,4,21.0,0.0,1293.0,0.9035,1180.0,49452.0,39800.0,39800.0,0.405,0.6675,0.2305,0.5313,14376,59384.0,0.4934
157818,Transylvania University,Lexington,KY,5,2,3,3,11.0,0.0,1005.0,0.8655,1287.0,60993.0,46870.0,46870.0,0.7148,0.8705,0.2625,0.4691,20000,54705.0,0.5721
157863,Union Commonwealth University,Barbourville,KY,5,2,3,4,33.0,0.0,746.0,0.6315,980.0,44322.0,30946.0,30946.0,0.3213,0.6378,0.527,0.6054,14250,42002.0,0.3887
157951,Western Kentucky University,Bowling Green,KY,5,1,3,4,13.0,0.0,12155.0,0.9387,971.0,24188.0,11652.0,27000.0,0.5556,0.7831,0.3048,0.3467,14702,43889.0,0.6124
158088,Central Louisiana Technical Community College,Alexandria,LA,5,1,1,2,13.0,0.0,1078.0,,,12172.0,4099.0,4099.0,,,0.6936,0.4492,7000,29558.0,0.5909
158246,Ayers Career College,Shreveport,LA,5,3,1,1,12.0,0.0,256.0,,,,,,,,0.9389,0.9293,8772,29935.0,0.7461
158325,Baton Rouge General Medical Center School of Nursing & School of Radiologic Technology,Baton Rouge,LA,5,2,1,1,12.0,0.0,135.0,,,,,,,,0.5077,0.7846,13000,75071.0,0.9259
158431,Bossier Parish Community College,Bossier City,LA,5,1,1,2,13.0,0.0,4935.0,,,17111.0,4283.0,4283.0,,,0.521,0.4264,9500,34502.0,0.6995
158477,Centenary College of Louisiana,Shreveport,LA,5,2,3,4,12.0,0.0,685.0,0.5574,1144.0,60620.0,41200.0,41200.0,0.5621,0.702,0.4484,0.6935,15250,50330.0,0.5036
158538,Cloyd's Beauty School 1 Inc,West Monroe,LA,5,3,1,1,22.0,0.0,48.0,,,,,,,,0.7105,0.0,PS,18603.0,0.9583
158617,Crescent City Bartending School,New Orleans,LA,5,3,1,1,11.0,0.0,570.0,,,,,,,,0.9881,0.159,6100,22407.0,0.6561
158662,Delgado Community College,New Orleans,LA,5,1,1,2,11.0,0.0,11668.0,,,18568.0,4279.0,4279.0,,,0.6392,0.4506,9500,33305.0,0.7074
158778,Delta College West,Lake Charles,LA,5,3,1,1,13.0,0.0,78.0,,,,,,,,0.9145,0.7778,5229,,1.0
158787,Denham Springs Beauty School,Denham Springs,LA,5,3,1,1,21.0,0.0,89.0,,,,,,,,0.4381,0.581,7797,18298.0,0.9775
158802,Dillard University,New Orleans,LA,5,2,3,4,11.0,1.0,1063.0,0.4186,1050.0,39202.0,23918.0,23918.0,0.4328,0.7805,0.6965,0.7932,23048,39196.0,0.7234
158884,Nunez Community College,Chalmette,LA,5,1,1,2,21.0,0.0,1520.0,,,18175.0,4255.0,4255.0,,,0.3766,0.3681,8250,35343.0,0.6329
159009,Grambling State University,Grambling,LA,5,1,3,4,32.0,1.0,4164.0,0.4486,943.0,25367.0,7683.0,16706.0,0.3616,0.6608,0.7497,0.7782,24500,41109.0,0.6107
159027,Belbo Beauty Institute,Shreveport,LA,5,3,1,1,12.0,0.0,84.0,,,,,,,,0.663,0.6354,9500,16792.0,1.0
159197,ITI Technical College,Baton Rouge,LA,5,3,2,2,21.0,0.0,555.0,,,25749.0,11711.0,11711.0,,,0.6472,0.7758,12214,68342.0,0.1405
159328,John Jay Beauty College,Kenner,LA,5,3,1,1,21.0,0.0,81.0,,,,,,,,0.483,0.0,PS,17985.0,0.963
159373,Louisiana State University Health Sciences Center-New Orleans,New Orleans,LA,5,1,3,4,11.0,0.0,862.0,,,,,,,,0.3511,0.548,18500,78495.0,0.8677
159382,Louisiana State University at Alexandria,Alexandria,LA,5,1,3,3,41.0,0.0,5632.0,0.9208,1022.0,15550.0,7050.0,14650.0,0.3422,0.6952,0.3538,0.364,10500,42205.0,0.7305
159391,Louisiana State University and Agricultural & Mechanical College,Baton Rouge,LA,5,1,3,4,12.0,0.0,30594.0,0.7333,1285.0,34705.0,11954.0,28631.0,0.6881,0.8474,0.2655,0.299,12956,61251.0,0.5663
159407,Louisiana State University-Eunice,Eunice,LA,5,1,2,2,32.0,0.0,2826.0,,,17346.0,4730.0,10094.0,,,0.3514,0.329,6989,36498.0,0.7838
159416,Louisiana State University-Shreveport,Shreveport,LA,5,1,3,4,12.0,0.0,2153.0,0.5055,1090.0,19461.0,7518.0,7518.0,0.3754,0.8315,0.3862,0.2932,15000,47477.0,0.5643
159513,Aveda Arts & Sciences Institute-Baton Rouge,Baton Rouge,LA,5,3,1,1,21.0,0.0,175.0,,,,,,,,0.524,0.5445,9833,25903.0,0.9886
159522,Aveda Arts & Sciences Institute-Lafayette,Lafayette,LA,5,3,1,1,12.0,0.0,144.0,,,,,,,,0.5234,0.6213,7411,23904.0,0.9861
159568,Louisiana Christian University,Pineville,LA,5,2,3,4,23.0,0.0,672.0,0.7719,,33791.0,20266.0,20266.0,0.4387,0.5243,0.4309,0.5866,11000,51700.0,0.4077
159601,Opelousas School of Cosmetology,Opelousas,LA,5,3,1,1,32.0,0.0,37.0,,,,,,,,0.7174,0.5217,6500,26459.0,0.973
159647,Louisiana Tech University,Ruston,LA,5,1,3,4,32.0,0.0,8312.0,0.864,1191.0,24280.0,10125.0,16866.0,0.6382,0.822,0.2168,0.2726,15000,52279.0,0.4362
159656,Loyola University New Orleans,New Orleans,LA,5,2,3,4,11.0,0.0,2812.0,0.9305,,64157.0,49440.0,49440.0,0.5903,0.8006,0.3732,0.5314,18500,52927.0,0.6433
159717,McNeese State University,Lake Charles,LA,5,1,3,4,13.0,0.0,5005.0,0.7827,1087.0,22810.0,8489.0,9989.0,0.4704,0.6844,0.3459,0.3212,13000,46453.0,0.6166
159939,University of New Orleans,New Orleans,LA,5,1,3,4,11.0,0.0,4638.0,0.7431,1052.0,23431.0,9172.0,14008.0,0.3799,0.6679,0.3912,0.2763,11000,47872.0,0.4834
159948,New Orleans Baptist Theological Seminary,New Orleans,LA,5,2,3,4,11.0,0.0,865.0,,,21660.0,12468.0,12468.0,0.7391,0.92,0.0857,0.0,PS,,0.3699
159966,Nicholls State University,Thibodaux,LA,5,1,3,4,13.0,0.0,4737.0,0.908,1090.0,23481.0,8149.0,9242.0,0.538,0.766,0.3407,0.3826,13156,45454.0,0.6105
159993,University of Louisiana at Monroe,Monroe,LA,5,1,3,4,13.0,0.0,5022.0,0.8475,1116.0,24932.0,9190.0,21290.0,0.542,0.7275,0.3477,0.3469,15000,46769.0,0.6438
160010,Northwest Louisiana Technical Community College,Minden,LA,5,1,1,2,41.0,0.0,866.0,,,16807.0,4109.0,4109.0,,,0.5603,0.0,PS,32503.0,0.3788
160038,Northwestern State University of Louisiana,Natchitoches,LA,5,1,3,4,33.0,0.0,5519.0,0.9254,1088.0,25431.0,8864.0,19652.0,0.432,0.7087,0.3524,0.3512,15000,47021.0,0.7144
160065,University of Holy Cross,New Orleans,LA,5,2,3,4,11.0,0.0,471.0,0.7366,,27541.0,16576.0,16576.0,0.4857,0.7097,0.2753,0.3391,19500,49316.0,0.8471
160074,Franciscan Missionaries of Our Lady University,Baton Rouge,LA,5,2,3,4,12.0,0.0,821.0,0.987,,28490.0,18310.0,18310.0,0.4545,0.6393,0.3121,0.4872,16669,59419.0,0.8685
160126,Celebrity Stylist Beauty School,Monroe,LA,5,3,1,1,13.0,0.0,51.0,,,,,,,,0.7313,0.5821,6333,22002.0,0.9804
160199,Pineville Beauty School,Pineville,LA,5,3,1,1,23.0,0.0,45.0,,,,,,,,0.5455,0.0,PS,19411.0,0.9556
160320,Aveda Arts & Sciences Institute-Covington,Covington,LA,5,3,1,1,13.0,0.0,2078.0,,,,,,,,0.4815,0.4945,7917,30334.0,0.9706
160409,Saint Joseph Seminary College,St. Benedict,LA,5,2,3,3,41.0,0.0,93.0,,,49944.0,28025.0,28025.0,0.4783,0.7143,0.101,0.0303,PS,38366.0,0.0
160472,LaSalle Tech,Houma,LA,5,3,1,1,13.0,0.0,193.0,,,,,,,,0.8107,0.795,5853,20975.0,0.9637
160481,Fletcher Technical Community College,Schriever,LA,5,1,1,2,41.0,0.0,2136.0,,,17452.0,4219.0,4219.0,,,0.5923,0.2865,7500,32189.0,0.7294
160524,Remington College-Lafayette Campus,Lafayette,LA,5,2,1,2,12.0,0.0,230.0,,,35661.0,16312.0,16312.0,,,0.6842,0.5304,9500,31349.0,0.6522
160579,SOWELA Technical Community College,Lake Charles,LA,5,1,1,2,13.0,0.0,2966.0,,,15578.0,4305.0,4305.0,,,0.456,0.0,4250,32303.0,0.5162
160612,Southeastern Louisiana University,Hammond,LA,5,1,3,4,13.0,0.0,9514.0,0.9931,1090.0,23604.0,8373.0,20851.0,0.4541,0.7253,0.3326,0.3242,11077,46482.0,0.6148
160621,Southern University and A & M College,Baton Rouge,LA,5,1,3,4,12.0,1.0,5519.0,0.3512,942.0,26341.0,9922.0,17272.0,0.2709,0.6031,0.6814,0.7178,15455,43371.0,0.6735
160630,Southern University at New Orleans,New Orleans,LA,5,1,3,4,11.0,1.0,1055.0,0.789,944.0,23905.0,8054.0,16954.0,0.1311,0.52,0.4174,0.3909,19500,34042.0,0.7081
160649,Southern University at Shreveport,Shreveport,LA,5,1,2,2,12.0,1.0,1910.0,,,17017.0,4958.0,4958.0,,,0.5149,0.5833,7500,33099.0,0.7717
160658,University of Louisiana at Lafayette,Lafayette,LA,5,1,3,4,12.0,0.0,12428.0,0.8701,1219.0,24884.0,10418.0,24146.0,0.5263,0.7428,0.4151,0.4372,14991,47089.0,0.5878
160667,Northshore Technical Community College,Lacombe,LA,5,1,1,2,41.0,0.0,2505.0,,,17553.0,4299.0,4299.0,,,0.2448,0.162,7772,29734.0,0.5601
160755,Tulane University of Louisiana,New Orleans,LA,5,2,3,4,11.0,0.0,7767.0,0.1398,1448.0,87004.0,68678.0,68678.0,0.8614,0.9255,0.0976,0.209,19250,63268.0,0.6198
160904,Xavier University of Louisiana,New Orleans,LA,5,2,3,4,11.0,1.0,2628.0,0.6904,1080.0,40434.0,28733.0,28733.0,0.4855,0.7168,0.5419,0.5623,14000,52184.0,0.7534
160959,College of the Atlantic,Bar Harbor,ME,1,2,3,4,43.0,0.0,353.0,0.7017,1370.0,58266.0,47997.0,47997.0,0.6829,0.85,0.2806,0.5306,17723,40264.0,0.7224
160977,Bates College,Lewiston,ME,1,2,3,3,13.0,0.0,1760.0,0.1332,1468.0,83532.0,66590.0,66590.0,0.8969,0.9129,0.1152,0.138,12442,69498.0,0.5182
160995,Beal University,Bangor,ME,1,3,2,4,13.0,0.0,484.0,,,,,,0.36,0.25,0.5412,0.65,11261,35639.0,0.7665
161004,Bowdoin College,Brunswick,ME,1,2,3,3,31.0,0.0,1873.0,0.0713,1520.0,85100.0,67832.0,67832.0,0.9528,0.9683,0.1735,0.0838,12000,82735.0,0.5206
161022,Maine College of Health Professions,Lewiston,ME,1,2,2,3,13.0,0.0,239.0,0.7143,,26827.0,20952.0,20952.0,0.6667,,0.5175,0.8991,12000,79840.0,0.9163
161077,Central Maine Community College,Auburn,ME,1,1,2,2,13.0,0.0,2952.0,,,15063.0,4140.0,7020.0,,,0.3543,0.1434,6568,42448.0,0.5766
161086,Colby College,Waterville,ME,1,2,3,3,33.0,0.0,2407.0,0.0709,1501.0,85420.0,69600.0,69600.0,0.8879,0.9365,0.1432,0.0854,15000,80490.0,0.5118
161138,Eastern Maine Community College,Bangor,ME,1,1,2,2,13.0,0.0,1840.0,,,16791.0,4156.0,7036.0,,,0.3587,0.1425,7833,41704.0,0.5016
161192,Kennebec Valley Community College,Fairfield,ME,1,1,2,2,33.0,0.0,1597.0,,,12149.0,4156.0,7036.0,,,0.3125,0.1298,9500,36035.0,0.7076
161208,The Landing School,Arundel,ME,1,2,1,2,41.0,0.0,32.0,,,42868.0,29060.0,29060.0,,,0.093,0.3256,7500,65849.0,0.0625
161217,University of Maine at Augusta,Augusta,ME,1,1,3,4,32.0,0.0,2659.0,,,19052.0,8888.0,22178.0,0.2698,0.6,0.3296,0.2598,13215,40342.0,0.6713
161226,University of Maine at Farmington,Farmington,ME,1,1,3,4,43.0,0.0,1140.0,0.9672,1130.0,25822.0,11308.0,23878.0,0.5154,0.7277,0.3016,0.39,16722,44433.0,0.6447
161235,University of Maine at Fort Kent,Fort Kent,ME,1,1,3,4,43.0,0.0,599.0,0.9792,,18703.0,9420.0,14880.0,0.3944,0.8929,0.1496,0.1754,12778,51077.0,0.7295
161253,University of Maine,Orono,ME,1,1,3,4,23.0,0.0,8496.0,0.9664,,27328.0,13326.0,36756.0,0.5494,0.8336,0.2327,0.4201,16750,48653.0,0.4785
161299,Maine Maritime Academy,Castine,ME,1,1,3,4,42.0,0.0,942.0,0.5414,1166.0,31046.0,15158.0,31102.0,0.5818,0.8166,0.2463,0.5816,26812,89964.0,0.1996
161341,University of Maine at Presque Isle,Presque Isle,ME,1,1,3,4,41.0,0.0,1913.0,0.9987,,19113.0,9402.0,14862.0,0.5155,0.5842,0.2435,0.2314,8275,40956.0,0.5698
161457,University of New England,Biddeford,ME,1,2,3,4,22.0,0.0,2135.0,0.9163,,63245.0,44210.0,44210.0,0.6835,0.7942,0.1178,0.4093,20000,55921.0,0.6806
161484,Northern Maine Community College,Presque Isle,ME,1,1,2,2,33.0,0.0,638.0,,,15918.0,4156.0,7036.0,,,0.5557,0.1205,8225,43348.0,0.5219
161493,Empire Beauty School-Maine,Bangor,ME,1,3,1,1,13.0,0.0,117.0,,,,,,,,0.5705,0.5705,7667,23925.0,0.9744
161509,Maine College of Art & Design,Portland,ME,1,2,3,4,13.0,0.0,415.0,0.7606,,60128.0,42942.0,42942.0,0.5155,0.7167,0.2857,0.6949,19000,40778.0,0.7807
161518,Saint Joseph's College of Maine,Standish,ME,1,2,3,4,41.0,0.0,964.0,0.8351,1040.0,59782.0,44420.0,44420.0,0.6574,0.7457,0.2361,0.5958,19576,59045.0,0.6317
161527,Spa Tech Institute-Westbrook,Westbrook,ME,1,3,1,1,22.0,0.0,263.0,,,,,,,,0.3757,0.4365,6333,27803.0,0.8935
161545,Southern Maine Community College,South Portland,ME,1,1,2,2,13.0,0.0,5675.0,,,18531.0,4156.0,7036.0,,,0.296,0.1181,6046,41661.0,0.5702
161554,University of Southern Maine,Portland,ME,1,1,3,4,13.0,0.0,4222.0,0.7923,1116.0,23717.0,11284.0,27944.0,0.4035,0.7394,0.2828,0.3473,12887,49958.0,0.5867
161563,Thomas College,Waterville,ME,1,2,3,4,33.0,0.0,647.0,0.963,,47198.0,31824.0,31824.0,0.5369,0.7749,0.1815,0.3283,20000,44991.0,0.4637
161572,Unity Environmental University,New Gloucester,ME,1,2,3,4,42.0,0.0,6483.0,,,21931.0,12640.0,12640.0,0.2867,0.3611,0.6391,0.858,4752,37852.0,0.7671
161581,Washington County Community College,Calais,ME,1,1,1,2,43.0,0.0,443.0,,,13731.0,4156.0,7036.0,,,0.3869,0.0745,5500,34407.0,0.5666
161688,Allegany College of Maryland,Cumberland,MD,2,1,2,2,33.0,0.0,1831.0,,,16170.0,4938.0,12618.0,,,0.3201,0.2983,8250,38476.0,0.7433
161767,Anne Arundel Community College,Arnold,MD,2,1,2,2,21.0,0.0,8997.0,,,19841.0,4322.0,11522.0,,,0.2065,0.0798,6250,46219.0,0.631
161800,Award Beauty School,Hagerstown,MD,2,3,1,1,13.0,0.0,94.0,,,,,,,,0.3695,0.4138,7500,18172.0,0.6702
161855,Baltimore Studio of Hair Design,Baltimore,MD,2,3,1,1,11.0,0.0,34.0,,,,,,,,0.9756,0.9756,5500,20080.0,1.0
161864,Baltimore City Community College,Baltimore,MD,2,1,2,2,11.0,0.0,3700.0,,,22790.0,3314.0,7394.0,,,0.4433,0.0,PS,36025.0,0.7086
161873,University of Baltimore,Baltimore,MD,2,1,3,4,11.0,0.0,1133.0,0.7874,940.0,26406.0,9992.0,23984.0,0.3816,0.6,0.4489,0.38,18972,61335.0,0.6019
162007,Bowie State University,Bowie,MD,2,1,3,4,21.0,1.0,5043.0,0.7241,,25220.0,9218.0,19938.0,0.382,0.6819,0.4435,0.4404,12861,54537.0,0.6024
162061,Capitol Technology University,Laurel,MD,2,2,3,4,21.0,0.0,315.0,0.7435,,42471.0,27592.0,27592.0,0.4268,0.7681,0.3918,0.4701,12000,85035.0,0.181
162104,Cecil College,North East,MD,2,1,2,2,41.0,0.0,1363.0,,,14700.0,5640.0,10830.0,,,0.2683,0.0851,8250,43952.0,0.6434
162122,College of Southern Maryland,La Plata,MD,2,1,1,2,41.0,0.0,4512.0,,,13681.0,4200.0,10050.0,,,0.2586,0.4635,5500,44435.0,0.611
162168,Chesapeake College,Wye Mills,MD,2,1,2,2,42.0,0.0,1320.0,,,10751.0,4274.0,8768.0,,,0.2288,0.0,PS,36301.0,0.6598
162210,Washington Adventist University,Takoma Park,MD,2,2,3,4,21.0,0.0,452.0,0.4618,980.0,34309.0,26604.0,26604.0,0.2865,0.6408,0.3719,0.4479,22750,64249.0,0.5553
162283,Coppin State University,Baltimore,MD,2,1,3,4,11.0,1.0,1844.0,0.4583,975.0,23748.0,7100.0,14024.0,0.2622,0.6622,0.5392,0.3619,15606,46490.0,0.7446
162335,Del-Mar-Va Beauty Academy,Salisbury,MD,2,3,1,1,13.0,0.0,32.0,,,,,,,,0.623,0.5082,9833,25426.0,1.0
162371,North American Trade Schools,Baltimore,MD,2,3,1,1,21.0,0.0,534.0,,,,,,,,0.3313,0.4933,3668,39756.0,0.0524
162557,Frederick Community College,Frederick,MD,2,1,2,2,13.0,0.0,4203.0,,,14798.0,3849.0,10042.0,,,0.1638,0.0765,5500,46449.0,0.5551
162584,Frostburg State University,Frostburg,MD,2,1,3,4,33.0,0.0,2909.0,0.8918,,27056.0,10220.0,25814.0,0.4966,0.6928,0.3221,0.3768,14867,55493.0,0.5421
162609,Garrett College,McHenry,MD,2,1,2,2,42.0,0.0,411.0,,,14342.0,4144.0,12040.0,,,0.3096,0.3138,6560,35823.0,0.4355
162654,Goucher College,Baltimore,MD,2,2,3,4,13.0,0.0,964.0,0.7771,1248.0,70544.0,53350.0,53350.0,0.5734,0.786,0.3521,0.5298,17882,53023.0,0.639
162690,Hagerstown Community College,Hagerstown,MD,2,1,2,2,22.0,0.0,2948.0,,,12747.0,4320.0,8190.0,,,0.2126,0.1383,6500,41615.0,0.637
162706,Harford Community College,Bel Air,MD,2,1,2,2,41.0,0.0,3696.0,,,13821.0,4032.0,8832.0,,,0.2099,0.0979,7241,44608.0,0.6009
162760,Hood College,Frederick,MD,2,2,3,4,13.0,0.0,1194.0,0.7777,,61219.0,47700.0,47700.0,0.569,0.6799,0.3706,0.6782,18185,57089.0,0.6549
162779,Howard Community College,Columbia,MD,2,1,2,2,12.0,0.0,6649.0,,,16774.0,4080.0,9624.0,,,0.2678,0.0739,8250,49020.0,0.5843
162830,Aveda Institute-Maryland,Bel Air,MD,2,3,1,1,22.0,0.0,77.0,,,,,,,,0.3293,0.4634,6333,21250.0,1.0
162928,Johns Hopkins University,Baltimore,MD,2,2,3,4,11.0,0.0,5693.0,0.0644,1553.0,85947.0,65230.0,65230.0,0.9378,0.9809,0.1949,0.0931,9000,87555.0,0.5494
163028,Lincoln College of Technology-Columbia,Columbia,MD,2,3,1,2,12.0,0.0,1258.0,,,,,,,,0.5631,0.717,9500,38683.0,0.1097
163046,Loyola University Maryland,Baltimore,MD,2,2,3,4,11.0,0.0,3869.0,0.7549,1290.0,74055.0,57150.0,57150.0,0.7919,0.8711,0.2037,0.5247,23882,82652.0,0.5609
163204,University of Maryland Global Campus,Adelphi,MD,2,1,3,4,21.0,0.0,49664.0,,,25400.0,8136.0,12336.0,0.3333,0.5538,0.2938,0.1747,10500,65287.0,0.4554
163259,University of Maryland Baltimore,Baltimore,MD,2,1,3,4,11.0,0.0,958.0,,,,,,,,0.1462,0.2045,15000,88174.0,0.8299
163268,University of Maryland-Baltimore County,Baltimore,MD,2,1,3,4,21.0,0.0,10701.0,0.7243,1323.0,28576.0,13256.0,31275.0,0.7001,0.8505,0.3004,0.2829,15750,69960.0,0.4559
163286,University of Maryland-College Park,College Park,MD,2,1,3,4,21.0,0.0,30760.0,0.4479,1473.0,29299.0,11809.0,41186.0,0.8859,0.962,0.1939,0.2152,17000,82860.0,0.4931
163295,Maryland Institute College of Art,Baltimore,MD,2,2,3,4,11.0,0.0,1189.0,0.7679,1258.0,76860.0,56800.0,56800.0,0.7224,0.8339,0.2311,0.4124,16250,45212.0,0.7628
163338,University of Maryland Eastern Shore,Princess Anne,MD,2,1,3,4,31.0,1.0,2391.0,0.9641,,25941.0,9076.0,20122.0,0.3533,0.6179,0.5571,0.5213,18500,47697.0,0.542
163347,Fortis Institute-Towson,Towson,MD,2,3,1,1,13.0,0.0,354.0,,,,,,,,0.7636,0.6834,9500,36368.0,0.9096
163408,Montgomery Beauty School,Silver Spring,MD,2,3,1,1,21.0,0.0,101.0,,,,,,,,0.4897,0.5862,7667,18726.0,0.7426
163426,Montgomery College,Rockville,MD,2,1,2,2,13.0,0.0,13773.0,,,15298.0,5394.0,14250.0,,,0.27,0.0606,7000,50159.0,0.51
163453,Morgan State University,Baltimore,MD,2,1,3,4,11.0,1.0,9019.0,0.8223,971.0,25413.0,8229.0,19124.0,0.4087,0.7334,0.5655,0.654,19500,50698.0,0.6136
163462,Mount St. Mary's University,Emmitsburg,MD,2,2,3,4,42.0,0.0,1768.0,0.7381,1176.0,63731.0,48630.0,48630.0,0.6539,0.7077,0.3113,0.5109,15000,64072.0,0.5028
163532,Ner Israel Rabbinical College,Pikesville,MD,2,2,3,4,21.0,0.0,280.0,0.6566,,26750.0,10600.0,10600.0,0.2353,0.8049,0.161,0.0,PS,66330.0,0.0
163541,Hair Academy,New Carrollton,MD,2,3,1,1,21.0,0.0,229.0,,,,,,,,0.2876,0.3101,6333,20953.0,0.6943
163578,Notre Dame of Maryland University,Baltimore,MD,2,2,3,4,11.0,0.0,709.0,0.8216,,59320.0,43360.0,43360.0,0.5,0.7277,0.3644,0.4927,17990,65344.0,0.787
163657,Prince George's Community College,Largo,MD,2,1,2,2,21.0,0.0,8815.0,,,15544.0,4034.0,8762.0,,,0.3249,0.125,6000,47548.0,0.6328
163815,Maryland Beauty Academy of Essex,Baltimore,MD,2,3,1,1,21.0,0.0,35.0,,,,,,,,0.875,0.6042,5713,20445.0,0.9429
163851,Salisbury University,Salisbury,MD,2,1,3,4,23.0,0.0,6057.0,0.8747,1252.0,28310.0,11084.0,22174.0,0.6815,0.7766,0.2586,0.3904,15750,61515.0,0.5651
163912,St. Mary's College of Maryland,St. Mary's City,MD,2,1,3,4,41.0,0.0,1603.0,0.6863,1261.0,31865.0,15298.0,31374.0,0.6995,0.8575,0.2112,0.4274,17000,60110.0,0.5989
163976,St. John's College,Annapolis,MD,2,2,3,4,21.0,0.0,471.0,0.5524,1372.0,55540.0,40684.0,40684.0,0.7143,0.8271,0.2008,0.4611,19500,51584.0,0.4926
164076,Towson University,Towson,MD,2,1,3,4,13.0,0.0,16136.0,0.8197,1095.0,28535.0,11728.0,29820.0,0.6946,0.8277,0.3579,0.4163,15362,64390.0,0.5864
164155,United States Naval Academy,Annapolis,MD,0,1,3,3,21.0,0.0,4474.0,0.0927,1307.0,,,,0.9294,0.9732,,,,,0.2959
164173,Stevenson University,Owings Mills,MD,2,2,3,4,21.0,0.0,3102.0,0.7891,,58394.0,40560.0,40560.0,0.6849,0.7879,0.3088,0.6978,21500,62079.0,0.6099
164216,Washington College,Chestertown,MD,2,2,3,3,32.0,0.0,891.0,0.5689,1280.0,73314.0,55326.0,55326.0,0.6537,0.8391,0.226,0.4716,21000,65518.0,0.5612
164270,McDaniel College,Westminster,MD,2,2,3,4,31.0,0.0,1617.0,0.7793,,65294.0,52081.0,52081.0,0.6329,0.7602,0.361,0.5838,15000,60663.0,0.5584
164313,Wor-Wic Community College,Salisbury,MD,2,1,2,2,41.0,0.0,2169.0,,,15190.0,3840.0,8400.0,,,0.4306,0.1593,3500,36748.0,0.6971
164368,Hult International Business School,Cambridge,MA,1,2,3,4,12.0,0.0,618.0,0.6048,,79075.0,57160.0,57160.0,0.6667,0.8025,0.0735,0.085,11000,,0.3981
164447,American International College,Springfield,MA,1,2,3,4,12.0,0.0,1017.0,0.9957,,59270.0,44230.0,44230.0,0.4591,0.5673,0.448,0.6728,21063,53124.0,0.4553
164465,Amherst College,Amherst,MA,1,2,3,3,13.0,0.0,1911.0,0.0901,1533.0,87640.0,70480.0,70480.0,0.939,0.9734,0.1984,0.0838,12000,77644.0,0.5495
164492,Anna Maria College,Paxton,MA,1,2,3,4,41.0,0.0,906.0,0.503,,61888.0,44571.0,44571.0,0.4623,0.6032,0.3429,0.6541,17500,46651.0,0.3687
164535,Assabet Valley Regional Technical School,Marlborough,MA,1,1,1,0,21.0,0.0,47.0,0.8548,,,,,,,0.5625,0.625,9500,,0.766
164562,Assumption University,Worcester,MA,1,2,3,4,12.0,0.0,1669.0,0.8298,,65551.0,51356.0,51356.0,0.7523,0.8392,0.2198,0.8365,24250,74895.0,0.5446
164580,Babson College,Wellesley,MA,1,2,3,4,21.0,0.0,2728.0,0.1709,1457.0,80192.0,57152.0,57152.0,0.9312,0.9457,0.1628,0.2707,19000,123938.0,0.4399
164614,Boston Baptist College,Boston,MA,1,2,3,3,11.0,0.0,19.0,0.9091,,23370.0,14304.0,14304.0,0.1429,0.3333,0.5455,0.4242,PS,34159.0,0.3158
164632,Bay Path University,Longmeadow,MA,1,2,3,4,21.0,0.0,1108.0,0.852,1120.0,47308.0,38302.0,38302.0,0.4394,0.728,0.6377,0.7825,19100,55383.0,0.9991
164739,Bentley University,Waltham,MA,1,2,3,4,13.0,0.0,4474.0,0.4505,1352.0,79548.0,61000.0,61000.0,0.8679,0.9268,0.1607,0.4317,24007,120959.0,0.3938
164748,Berklee College of Music,Boston,MA,1,2,3,4,11.0,0.0,7468.0,0.4353,,72700.0,52040.0,52040.0,0.6731,0.8857,0.1618,0.3392,15750,33647.0,0.4503
164775,Berkshire Community College,Pittsfield,MA,1,1,2,2,41.0,0.0,1358.0,,,18062.0,6164.0,11468.0,,,0.3251,0.3041,8250,38832.0,0.6723
164872,Boston Architectural College,Boston,MA,1,2,1,4,11.0,0.0,280.0,,,40343.0,27470.0,27470.0,0.3158,0.75,0.2876,0.4477,24750,62123.0,0.6143
164915,Boston Graduate School of Psychoanalysis Inc,Brookline,MA,1,2,4,4,21.0,0.0,,,,,,,,,,,PS,,
164924,Boston College,Chestnut Hill,MA,1,2,3,4,13.0,0.0,10085.0,0.1643,1507.0,89493.0,70702.0,70702.0,0.9083,0.9602,0.1291,0.2996,17962,103937.0,0.5224
164988,Boston University,Boston,MA,1,2,3,4,11.0,0.0,18248.0,0.1111,1480.0,86285.0,68102.0,68102.0,0.8866,0.9472,0.1915,0.2292,21500,83238.0,0.5813
165015,Brandeis University,Waltham,MA,1,2,3,4,13.0,0.0,3618.0,0.405,1462.0,86448.0,68080.0,68080.0,0.8603,0.8702,0.1497,0.2822,23250,77231.0,0.571
165024,Bridgewater State University,Bridgewater,MA,1,1,3,4,21.0,0.0,7829.0,0.8781,1180.0,26160.0,11808.0,17948.0,0.5341,0.7512,0.3194,0.7498,18746,57466.0,0.5726
165033,Bristol Community College,Fall River,MA,1,1,2,2,21.0,0.0,6083.0,,,12168.0,5832.0,10776.0,,,0.4616,0.2516,5250,38663.0,0.6687
165060,Signature Healthcare Brockton Hospital School of Nursing,Brockton,MA,1,2,1,1,21.0,0.0,146.0,0.3415,,,,,,,0.5141,0.7627,15555,88084.0,0.8767
165112,Bunker Hill Community College,Boston,MA,1,1,2,2,11.0,0.0,8612.0,,,14899.0,6168.0,11112.0,,,0.3785,0.094,5500,47618.0,0.5928
165167,Cambridge College,Boston,MA,1,2,3,4,11.0,0.0,532.0,,,34072.0,18378.0,18378.0,0.1111,1.0,0.2999,0.3933,14917,45998.0,0.8064
165194,Cape Cod Community College,West Barnstable,MA,1,1,2,2,13.0,0.0,2911.0,,,15053.0,6000.0,10944.0,,,0.3364,0.0975,6443,43670.0,0.6462
165255,Catherine Hinds Institute of Esthetics,Woburn,MA,1,3,1,1,21.0,0.0,174.0,,,,,,,,0.2059,0.4588,5500,,0.9828
165264,Laboure College of Healthcare,Milton,MA,1,2,2,3,21.0,0.0,525.0,0.5,,36863.0,30618.0,30618.0,1.0,,0.3543,0.6778,15998,62200.0,0.8705
165334,Clark University,Worcester,MA,1,2,3,4,12.0,0.0,2214.0,0.3954,1370.0,68432.0,58867.0,58867.0,0.7694,0.8617,0.2313,0.5775,22141,62381.0,0.5655
165495,Conway School of Landscape Design,Northampton,MA,1,2,4,4,13.0,0.0,,,,,,,,,,,,,
165529,Curry College,Milton,MA,1,2,3,4,21.0,0.0,1780.0,0.8765,1125.0,64020.0,47970.0,47970.0,0.5112,0.6616,0.3091,0.709,18320,54400.0,0.573
165574,Dean College,Franklin,MA,1,2,3,3,21.0,0.0,1089.0,0.7371,,64889.0,46526.0,46526.0,0.5359,0.6835,0.3371,0.715,12000,38109.0,0.5078
165608,Diman Regional Technical Institute,Fall River,MA,1,1,1,1,21.0,0.0,17.0,0.3923,,,,,,,0.5,0.6429,5745,,0.8824
165635,National Aviation Academy of New England,Concord,MA,1,3,1,1,21.0,0.0,241.0,,,,,,,,0.5421,0.8941,14750,59009.0,0.1079
165662,Emerson College,Boston,MA,1,2,3,4,11.0,0.0,3870.0,0.5131,1358.0,80399.0,57056.0,57056.0,0.7711,0.8736,0.1551,0.4295,19000,62832.0,0.6574
165671,Emmanuel College,Boston,MA,1,2,3,4,11.0,0.0,1854.0,0.7565,1250.0,65252.0,48550.0,48550.0,0.6751,0.7858,0.2235,0.6092,22969,68245.0,0.7643
165699,Endicott College,Beverly,MA,1,2,3,4,21.0,0.0,3125.0,0.7121,1274.0,59328.0,40650.0,40650.0,0.7556,0.8436,0.13,0.627,23250,58336.0,0.6589
165750,Rob Roy Academy-Fall River,Fall River,MA,1,3,1,1,21.0,0.0,97.0,,,,,,,,0.55,0.7188,5500,32113.0,0.6701
165802,Fisher College,Boston,MA,1,2,3,4,11.0,0.0,1167.0,0.7068,,53921.0,35689.0,35689.0,0.2775,0.5459,0.3967,0.6113,12500,49669.0,0.5236
165820,Fitchburg State University,Fitchburg,MA,1,1,3,4,22.0,0.0,2752.0,0.8693,1150.0,25555.0,11346.0,17426.0,0.5512,0.6947,0.3279,0.4676,18220,53874.0,0.5265
165866,Framingham State University,Framingham,MA,1,1,3,4,13.0,0.0,2566.0,0.8361,1180.0,27413.0,11920.0,18000.0,0.478,0.7099,0.3688,0.5083,17224,52349.0,0.5421
165884,Benjamin Franklin Cummings Institute of Technology,Boston,MA,1,2,1,3,11.0,0.0,483.0,,,30406.0,18906.0,18906.0,0.4577,0.5,0.3966,0.3678,9500,57556.0,0.1056
165936,Gordon College,Wenham,MA,1,2,3,4,41.0,0.0,1278.0,0.6923,1265.0,42446.0,30700.0,30700.0,0.6854,0.8442,0.208,0.5259,23250,52119.0,0.5751
165945,Gordon-Conwell Theological Seminary,South Hamilton,MA,1,2,4,4,21.0,0.0,,,,,,,,,,,PS,,
165981,Greenfield Community College,Greenfield,MA,1,1,2,2,32.0,0.0,1395.0,,,14762.0,5810.0,11930.0,,,0.3756,0.0693,5500,37132.0,0.633
166018,Hampshire College,Amherst,MA,1,2,3,3,41.0,0.0,839.0,0.7528,,74195.0,58896.0,58896.0,0.5426,0.7838,0.3933,0.6165,25000,46938.0,0.6246
166027,Harvard University,Cambridge,MA,1,2,3,4,12.0,0.0,7601.0,0.0365,1553.0,85540.0,61676.0,61676.0,0.9758,0.983,0.1643,0.0444,12500,101817.0,0.5377
166045,Hebrew College,Newton,MA,1,2,4,4,13.0,0.0,0.0,,,,,,,,,,PS,,0.0
166054,Hellenic College-Holy Cross Greek Orthodox School of Theology,Brookline,MA,1,2,3,4,21.0,0.0,64.0,0.7963,,41282.0,22490.0,22490.0,0.4444,0.7143,0.2424,0.3788,13521,51724.0,0.2188
166124,College of the Holy Cross,Worcester,MA,1,2,3,3,12.0,0.0,3106.0,0.1761,1353.0,80334.0,64500.0,64500.0,0.8733,0.9478,0.148,0.3768,25879,90543.0,0.5399
166133,Holyoke Community College,Holyoke,MA,1,1,2,2,41.0,0.0,3591.0,,,15043.0,5988.0,10932.0,,,0.4269,0.2434,4750,37277.0,0.6644
166391,Lasell University,Newton,MA,1,2,3,4,13.0,0.0,1226.0,0.8122,1100.0,42434.0,27040.0,27040.0,0.5864,0.7038,0.3128,0.7168,21500,49705.0,0.6468
166407,Lawrence Memorial Hospital School of Nursing,Medford,MA,1,2,2,2,21.0,0.0,174.0,,,,31038.0,31038.0,,,0.3846,0.7744,20000,101466.0,0.9195
166452,Lesley University,Cambridge,MA,1,2,3,4,12.0,0.0,1122.0,0.9687,,51538.0,34256.0,34256.0,0.5802,0.7228,0.3055,0.5387,15000,51173.0,0.7077
166489,Longy School of Music of Bard College,Cambridge,MA,1,2,1,4,12.0,0.0,10.0,,,72450.0,55275.0,55275.0,0.7778,0.8571,0.0588,0.1176,19000,46543.0,0.4
166498,Lowell Academy Hairstyling Institute,Lowell,MA,1,3,1,1,21.0,0.0,66.0,,,,,,,,0.5745,0.6383,5500,,0.9848
166513,University of Massachusetts-Lowell,Lowell,MA,1,1,3,4,21.0,0.0,11434.0,0.8304,1285.0,30786.0,16966.0,36264.0,0.6482,0.8399,0.3,0.5302,18250,64874.0,0.4235
166629,University of Massachusetts-Amherst,Amherst,MA,1,1,3,4,13.0,0.0,23671.0,0.5973,1423.0,34549.0,17772.0,40449.0,0.8326,0.9191,0.1994,0.4662,20000,71631.0,0.5227
166638,University of Massachusetts-Boston,Boston,MA,1,1,3,4,11.0,0.0,11512.0,0.8378,1194.0,30544.0,15908.0,38125.0,0.4941,0.7041,0.4155,0.506,15000,65865.0,0.5545
166647,Massachusetts Bay Community College,Wellesley Hills,MA,1,1,2,2,21.0,0.0,3837.0,,,14185.0,5856.0,10800.0,,,0.2502,0.0961,4620,52654.0,0.5739
166656,Massachusetts College of Pharmacy and Health Sciences,Boston,MA,1,2,3,4,11.0,0.0,3451.0,0.8521,1269.0,65022.0,40530.0,40530.0,0.6202,0.7396,0.3006,0.6658,25000,125557.0,0.7717
166674,Massachusetts College of Art and Design,Boston,MA,1,1,3,4,11.0,0.0,1831.0,0.7627,,34239.0,15400.0,43400.0,0.6887,0.891,0.2953,0.5117,19500,43582.0,0.7531
166683,Massachusetts Institute of Technology,Cambridge,MA,1,2,3,4,12.0,0.0,4535.0,0.0455,1560.0,82730.0,62396.0,62396.0,0.9641,0.9908,0.1932,0.0669,12462,143372.0,0.4816
166692,Massachusetts Maritime Academy,Buzzards Bay,MA,1,1,3,4,21.0,0.0,1395.0,0.947,,31367.0,11420.0,23722.0,0.7406,0.868,0.1896,0.8072,20500,82392.0,0.1462
166708,University of Massachusetts Chan Medical School,Worcester,MA,1,1,4,4,12.0,0.0,,,,,,,,,,,PS,,
166717,William James College,Newton,MA,1,2,3,4,13.0,0.0,39.0,,,,,,,,0.5556,0.6667,PS,,0.8462
166805,Massachusetts School of Barbering,Quincy,MA,1,3,1,1,21.0,0.0,44.0,,,,,,,,0.6038,0.6509,6252,,0.2955
166823,Massasoit Community College,Brockton,MA,1,1,2,2,21.0,0.0,4235.0,,,14904.0,5376.0,10320.0,,,0.2834,0.0583,5567,46111.0,0.609
166850,Merrimack College,North Andover,MA,1,2,3,4,21.0,0.0,3916.0,0.7002,,70038.0,53962.0,53962.0,0.7005,0.7927,0.1558,0.5999,23750,75584.0,0.536
166869,MGH Institute of Health Professions,Boston,MA,1,2,3,4,11.0,0.0,164.0,,,,,,,,0.0,0.2315,24700,87130.0,0.9085
166887,Middlesex Community College,Bedford,MA,1,1,2,2,21.0,0.0,5412.0,,,10342.0,6048.0,12120.0,,,0.2,0.0529,5187,50651.0,0.6264
166911,Montserrat College of Art,Beverly,MA,1,2,3,3,21.0,0.0,226.0,,,58616.0,40690.0,40690.0,0.5347,0.9091,0.35,0.7538,23707,33022.0,0.7212
166939,Mount Holyoke College,South Hadley,MA,1,2,3,4,21.0,0.0,2169.0,0.3603,1463.0,84926.0,67018.0,67018.0,0.8439,0.8859,0.2189,0.4351,18258,58418.0,1.0
166957,Mount Wachusett Community College,Gardner,MA,1,1,2,2,22.0,0.0,3059.0,,,15487.0,6160.0,11080.0,,,0.4391,0.1692,5500,41118.0,0.6662
167039,Rob Roy Academy-New Bedford,New Bedford,MA,1,3,1,1,22.0,0.0,15.0,,,,,,,,0.2667,0.3333,PS,,1.0
167057,The New England Conservatory of Music,Boston,MA,1,2,3,4,11.0,0.0,393.0,0.411,,81277.0,60750.0,60750.0,0.7339,0.8842,0.0738,0.2341,19500,34483.0,0.4478
167093,New England College of Optometry,Boston,MA,1,2,3,4,11.0,0.0,,,,,,,,,,,,,
167215,New England Law-Boston,Boston,MA,1,2,4,4,11.0,0.0,,,,,,,,,,,PS,,
167260,Nichols College,Dudley,MA,1,2,3,4,21.0,0.0,1163.0,0.8084,1140.0,58310.0,42705.0,42705.0,0.6261,0.7246,0.2552,0.6866,19500,58063.0,0.3414
167288,Massachusetts College of Liberal Arts,North Adams,MA,1,1,3,4,31.0,0.0,713.0,0.8974,,26026.0,12436.0,21381.0,0.5564,0.7566,0.4127,0.6077,15750,48102.0,0.554
167297,North Bennet Street School,Boston,MA,1,2,1,1,11.0,0.0,155.0,,,,,,,,0.1975,0.3333,9500,43993.0,0.3677
167312,North Shore Community College,Danvers,MA,1,1,2,2,21.0,0.0,4393.0,,,15896.0,5352.0,10920.0,,,0.32,0.1043,5500,45391.0,0.6469
167358,Northeastern University,Boston,MA,1,2,3,4,11.0,0.0,17326.0,0.0522,1497.0,84641.0,66162.0,66162.0,0.9054,0.969,0.1234,0.2732,22000,92538.0,0.5657
167376,Northern Essex Community College,Haverhill,MA,1,1,2,2,21.0,0.0,3685.0,,,13201.0,6732.0,12516.0,,,0.4674,0.0967,5661,42862.0,0.6358
167394,College of Our Lady of the Elms,Chicopee,MA,1,2,3,4,21.0,0.0,949.0,0.8526,,54027.0,43325.0,43325.0,0.6809,0.7602,0.4509,0.7052,20500,51540.0,0.7292
167525,Quincy College,Quincy,MA,1,1,2,3,21.0,0.0,2300.0,,,22528.0,8938.0,8938.0,0.1509,0.6,0.331,0.2167,8300,52506.0,0.6096
167534,Quinsigamond Community College,Worcester,MA,1,1,2,2,12.0,0.0,6447.0,,,15921.0,6262.0,11206.0,,,0.3819,0.2991,10500,45949.0,0.6208
167598,Regis College,Weston,MA,1,2,3,4,21.0,0.0,956.0,0.6978,,65546.0,49680.0,49680.0,0.7217,0.7895,0.3101,0.6546,23750,52873.0,0.7835
167631,Roxbury Community College,Roxbury Crossing,MA,1,1,2,2,11.0,0.0,1977.0,,,16621.0,6024.0,11328.0,,,0.5734,0.0,PS,38773.0,0.6788
167677,Saint John's Seminary,Brighton,MA,1,2,3,4,11.0,0.0,7.0,,,,,,,,0.0,0.0,PS,,0.0
167729,Salem State University,Salem,MA,1,1,3,4,21.0,0.0,4291.0,0.9588,,28291.0,12338.0,19531.0,0.4977,0.7525,0.3538,0.491,19500,56662.0,0.636
167783,Simmons University,Boston,MA,1,2,3,4,11.0,0.0,1670.0,0.6998,1316.0,63460.0,46874.0,46874.0,0.7234,0.8481,0.3318,0.6341,21780,63494.0,1.0
167792,Simon's Rock at Bard College,Barrytown,NY,2,2,2,3,42.0,0.0,225.0,0.9589,,85262.0,68780.0,68780.0,0.6828,0.7745,0.1699,0.3301,19000,46543.0,0.5644
167835,Smith College,Northampton,MA,1,2,3,4,13.0,0.0,2544.0,0.21,1500.0,86030.0,65178.0,65178.0,0.8905,0.943,0.1788,0.1409,13500,64027.0,0.9996
167871,Southeastern Technical Institute,South Easton,MA,1,1,1,1,21.0,0.0,260.0,0.7057,,,,,,,0.3184,0.397,6750,,0.5885
167899,Springfield College,Springfield,MA,1,2,3,4,12.0,0.0,1751.0,0.7189,1275.0,60729.0,45174.0,45174.0,0.7419,0.8067,0.2236,0.7212,23000,48036.0,0.4849
167905,Springfield Technical Community College,Springfield,MA,1,1,2,2,12.0,0.0,4759.0,,,14971.0,5904.0,11112.0,,,0.5012,0.2206,4996,36966.0,0.639
167987,University of Massachusetts-Dartmouth,North Dartmouth,MA,1,1,3,4,22.0,0.0,5221.0,0.9064,1182.0,33485.0,15612.0,32567.0,0.5207,0.636,0.3702,0.6433,18133,68804.0,0.5214
167996,Stonehill College,Easton,MA,1,2,3,4,21.0,0.0,2528.0,0.6628,,72714.0,57490.0,57490.0,0.76,0.8396,0.1706,0.6242,23472,77745.0,0.5427
168005,Suffolk University,Boston,MA,1,2,3,4,11.0,0.0,4268.0,0.8233,1216.0,65281.0,47550.0,47550.0,0.6088,0.7543,0.2995,0.5477,20500,67506.0,0.6432
168032,Rob Roy Academy-Taunton,Taunton,MA,1,3,1,1,21.0,0.0,23.0,,,,,,,,0.3824,0.6471,5500,,1.0
168148,Tufts University,Medford,MA,1,2,3,4,21.0,0.0,7061.0,0.1149,1513.0,88300.0,70704.0,70704.0,0.9351,0.955,0.1204,0.1886,15043,83214.0,0.5654
168218,Wellesley College,Wellesley,MA,1,2,3,3,21.0,0.0,2300.0,0.1405,1520.0,86290.0,67176.0,67176.0,0.9153,0.965,0.2113,0.1613,8700,84803.0,0.9987
168227,Wentworth Institute of Technology,Boston,MA,1,2,3,4,11.0,0.0,3747.0,0.9121,1229.0,61096.0,42884.0,42884.0,0.6824,0.8376,0.2311,0.5468,18500,82721.0,0.2647
168254,Western New England University,Springfield,MA,1,2,3,4,12.0,0.0,2603.0,0.8348,1192.0,60262.0,47820.0,47820.0,0.6398,0.7397,0.2446,0.7794,19500,73157.0,0.4357
168263,Westfield State University,Westfield,MA,1,1,3,4,21.0,0.0,3615.0,0.8141,,27649.0,12179.0,18259.0,0.5441,0.739,0.3295,0.5055,15250,57346.0,0.553
168281,Wheaton College (Massachusetts),Norton,MA,1,2,3,3,21.0,0.0,1773.0,0.6773,1308.0,79311.0,63960.0,63960.0,0.7282,0.8218,0.2217,0.7754,23000,67725.0,0.6543
168342,Williams College,Williamstown,MA,1,2,3,4,31.0,0.0,2076.0,0.0825,1533.0,84860.0,68560.0,68560.0,0.9361,0.9685,0.1761,0.0483,11667,88665.0,0.5246
168421,Worcester Polytechnic Institute,Worcester,MA,1,2,3,4,12.0,0.0,5447.0,0.6016,,78679.0,60965.0,60965.0,0.8971,0.9366,0.1188,0.5173,26978,103470.0,0.3255
168430,Worcester State University,Worcester,MA,1,1,3,4,12.0,0.0,3930.0,0.8799,1150.0,22874.0,11786.0,17866.0,0.6145,0.7814,0.3,0.4421,13916,60624.0,0.6043
168528,Adrian College,Adrian,MI,3,2,3,4,32.0,0.0,1604.0,0.7253,1034.0,56003.0,41684.0,41684.0,0.4842,0.6542,0.3081,0.7074,16000,55504.0,0.4258
168546,Albion College,Albion,MI,3,2,3,3,32.0,0.0,1300.0,0.807,,69986.0,56950.0,56950.0,0.6159,0.708,0.4749,0.6366,19500,58799.0,0.5323
168555,Hillsdale Beauty College,Hillsdale,MI,3,3,1,1,32.0,0.0,26.0,,,,,,,,0.4792,0.6042,9064,17793.0,1.0
168573,Northwestern Technological Institute,Southfield,MI,3,3,1,1,13.0,0.0,746.0,,,,,,,,0.5953,0.5971,8540,41237.0,0.0295
168591,Alma College,Alma,MI,3,2,3,4,32.0,0.0,1148.0,0.5703,,63650.0,49552.0,49552.0,0.6287,0.8497,0.2704,0.566,23250,54742.0,0.5253
168607,Alpena Community College,Alpena,MI,3,1,2,3,33.0,0.0,732.0,,,12246.0,5250.0,8010.0,0.515,0.5,0.217,0.0987,5500,36442.0,0.5137
168740,Andrews University,Berrien Springs,MI,3,2,3,4,31.0,0.0,1224.0,0.8185,1150.0,45218.0,35056.0,35056.0,0.7153,0.8321,0.2471,0.306,19716,53187.0,0.518
168786,Aquinas College,Grand Rapids,MI,3,2,3,4,12.0,0.0,1083.0,0.8988,1025.0,51652.0,40218.0,40218.0,0.6536,0.7831,0.239,0.6882,17992,49584.0,0.5245
168847,Baker College,Owosso,MI,3,2,3,4,32.0,0.0,3026.0,0.8187,1080.0,24526.0,13000.0,13000.0,0.3583,0.661,0.3768,0.4507,16753,35833.0,0.7865
168883,Bay de Noc Community College,Escanaba,MI,3,1,2,2,33.0,0.0,1223.0,,,19020.0,5712.0,10528.0,,,0.242,0.1811,8000,35090.0,0.6492
168892,Bayshire Academy of Beauty Craft Inc,Bay City,MI,3,3,1,1,13.0,0.0,97.0,,,,,,,,0.6242,0.0,PS,24471.0,0.9794
169080,Calvin University,Grand Rapids,MI,3,2,3,4,12.0,0.0,3193.0,0.7091,1233.0,54222.0,39350.0,39350.0,0.7406,0.8676,0.1743,0.3344,19500,58375.0,0.4995
169099,Calvin Theological Seminary,Grand Rapids,MI,3,2,4,4,12.0,0.0,,,,,,,,,,,PS,,
169187,Carnegie Institute,Troy,MI,3,3,1,1,13.0,0.0,93.0,,,21852.0,15645.0,15645.0,,,0.6311,0.7573,8568,38244.0,0.8495
169220,Michigan School of Psychology,Farmington Hills,MI,3,2,4,4,13.0,0.0,,,,,,,,,,,PS,,
169248,Central Michigan University,Mount Pleasant,MI,3,1,3,4,32.0,0.0,10035.0,0.8982,1091.0,30681.0,14760.0,14760.0,0.5872,0.7536,0.3143,0.6872,23183,55874.0,0.6164
169275,Mott Community College,Flint,MI,3,1,2,2,13.0,0.0,5251.0,,,15460.0,6845.0,11460.0,,,0.4209,0.2544,5975,32538.0,0.6206
169284,Empire Beauty School-Michigan,Grand Rapids,MI,3,3,1,1,21.0,0.0,259.0,,,,,,,,0.5335,0.488,6633,22377.0,0.8958
169327,Cleary University,Howell,MI,3,2,3,4,22.0,0.0,738.0,0.6754,,39718.0,26102.0,26102.0,0.4146,0.6585,0.2988,0.5358,12469,54186.0,0.393
169363,Concordia University Ann Arbor,Ann Arbor,MI,3,2,3,4,12.0,0.0,702.0,0.6925,,51853.0,35410.0,35410.0,0.4764,0.4464,0.2414,0.6073,19500,56075.0,0.5014
169424,Cranbrook Academy of Art,Bloomfield Hills,MI,3,2,4,4,21.0,0.0,,,,,,,,,,,PS,,
169442,College for Creative Studies,Detroit,MI,3,2,3,4,11.0,0.0,1230.0,0.9194,,66014.0,53350.0,53350.0,0.7061,0.8217,0.3002,0.5247,19000,44860.0,0.6805
169479,Davenport University,Grand Rapids,MI,3,2,3,4,21.0,0.0,3134.0,0.9784,,37319.0,24466.0,24466.0,0.5659,0.8205,0.338,0.4577,17353,45099.0,0.5635
169503,David Pressley School of Cosmetology,Royal Oak,MI,3,3,1,1,21.0,0.0,225.0,,,,,,,,0.5193,0.4917,6160,22973.0,0.9867
169521,Delta College,University Center,MI,3,1,2,2,41.0,0.0,6573.0,,,13541.0,4820.0,7880.0,,,0.3772,0.1123,6000,37781.0,0.6391
169576,Detroit Business Institute-Downriver,Detroit,MI,3,3,1,1,21.0,0.0,124.0,1.0,,,,,,,0.7219,0.7754,13583,26702.0,0.9435
169655,Universal Technical Institute-Canton,Canton,MI,3,3,1,2,21.0,0.0,1417.0,,,29172.0,17943.0,17943.0,,,0.2942,0.3508,9500,62575.0,0.0748
169716,University of Detroit Mercy,Detroit,MI,3,2,3,4,11.0,0.0,2438.0,0.7542,1134.0,42211.0,32946.0,32946.0,0.672,0.8349,0.2634,0.2595,19950,71030.0,0.6411
169761,Dorsey College,Madison Heights,MI,3,3,1,2,21.0,0.0,643.0,,,34227.0,16990.0,16990.0,,,0.7422,0.7861,9500,29392.0,0.6874
169798,Eastern Michigan University,Ypsilanti,MI,3,1,3,4,21.0,0.0,10055.0,0.7964,1066.0,29640.0,16240.0,16240.0,0.4644,0.6875,0.3664,0.429,18750,51793.0,0.5868
169813,Creative Hair School of Cosmetology,Flint,MI,3,3,1,1,21.0,0.0,38.0,,,,,,,,0.6053,0.5921,9500,,0.9737
169910,Ferris State University,Big Rapids,MI,3,1,3,4,33.0,0.0,8106.0,0.9139,1012.0,27048.0,14778.0,14778.0,0.4687,0.7762,0.3423,0.4336,15500,54735.0,0.5424
169974,Glen Oaks Community College,Centreville,MI,3,1,2,2,42.0,0.0,600.0,,,17124.0,4176.0,6624.0,,,0.2527,0.0955,5543,37540.0,0.6167
169983,Kettering University,Flint,MI,3,2,3,4,13.0,0.0,1205.0,0.7867,1251.0,61250.0,48470.0,48470.0,0.708,0.943,0.1698,0.4527,26563,94823.0,0.2025
169992,Gogebic Community College,Ironwood,MI,3,1,2,2,33.0,0.0,511.0,,,14456.0,4800.0,7530.0,,,0.3012,0.1726,6000,40950.0,0.6419
170000,Grace Christian University,Wyoming,MI,3,2,3,4,13.0,0.0,716.0,0.9916,,26166.0,18690.0,18690.0,0.5104,0.6522,0.4691,0.5432,9500,41663.0,0.5405
170037,Cornerstone University,Grand Rapids,MI,3,2,3,4,12.0,0.0,1298.0,0.7777,,42043.0,23000.0,23000.0,0.6187,0.7828,0.3276,0.5229,18634,47314.0,0.5863
170055,Grand Rapids Community College,Grand Rapids,MI,3,1,2,2,12.0,0.0,10698.0,,,15658.0,4179.0,12219.0,,,0.2861,0.1415,5500,38377.0,0.5561
170082,Grand Valley State University,Allendale,MI,3,1,3,4,31.0,0.0,18854.0,0.8302,1074.0,28367.0,15140.0,21548.0,0.6701,0.7632,0.2923,0.5013,19500,56118.0,0.6041
170091,Great Lakes Christian College,Lansing,MI,3,2,3,3,21.0,0.0,197.0,,,30311.0,19520.0,19520.0,0.36,0.4894,0.5314,0.5086,12250,31053.0,0.3909
170240,Henry Ford College,Dearborn,MI,3,1,1,3,12.0,0.0,8643.0,,,11784.0,3568.0,7816.0,0.1723,,0.4554,0.1704,7300,34795.0,0.5706
170286,Hillsdale College,Hillsdale,MI,3,2,3,4,32.0,0.0,1573.0,0.2072,1415.0,,33189.0,33189.0,0.8971,0.9656,0.0,0.0,,,0.5092
170301,Hope College,Holland,MI,3,2,3,3,13.0,0.0,3288.0,0.7924,1249.0,55646.0,41970.0,41970.0,0.7995,0.8837,0.1648,0.4418,23250,58427.0,0.6019
170444,Jackson College,Jackson,MI,3,1,1,3,41.0,0.0,3422.0,,,18708.0,7350.0,10200.0,0.159,,0.3695,0.1672,8750,36898.0,0.6373
170532,Kalamazoo College,Kalamazoo,MI,3,2,3,3,13.0,0.0,1149.0,0.7532,1280.0,74208.0,61050.0,61050.0,0.7598,0.8455,0.2575,0.4498,22810,65590.0,0.5527
170541,Kalamazoo Valley Community College,Kalamazoo,MI,3,1,2,2,22.0,0.0,4997.0,,,11386.0,4144.0,9094.0,,,0.2818,0.1701,5054,38618.0,0.5501
170550,Kellogg Community College,Battle Creek,MI,3,1,2,2,13.0,0.0,2971.0,,,12420.0,4118.0,8282.0,,,0.2547,0.2456,10258,38329.0,0.7152
170587,Kirtland Community College,Grayling,MI,3,1,2,2,42.0,0.0,1023.0,,,15990.0,5190.0,9870.0,,,0.3551,0.2714,7043,35831.0,0.654
170611,Michigan College of Beauty-Monroe,Monroe,MI,3,3,1,1,23.0,0.0,70.0,,,,,,,,0.407,0.7151,6333,22766.0,0.9857
170620,Lake Michigan College,Benton Harbor,MI,3,1,2,2,41.0,0.0,2105.0,,,15917.0,5445.0,7755.0,,,0.2627,0.1288,5104,34466.0,0.6195
170639,Lake Superior State University,Sault Ste Marie,MI,3,1,3,3,33.0,0.0,1325.0,,,27154.0,14890.0,14890.0,0.5098,0.788,0.2654,0.3703,14764,49045.0,0.5426
170657,Lansing Community College,Lansing,MI,3,1,2,2,12.0,0.0,8207.0,,,13013.0,4100.0,11300.0,,,0.2825,0.1731,5613,39206.0,0.5455
170675,Lawrence Technological University,Southfield,MI,3,2,3,4,13.0,0.0,1668.0,0.559,,58166.0,44760.0,44760.0,0.6058,0.7836,0.155,0.346,20500,69151.0,0.3387
170736,M J Murphy Beauty College of Mount Pleasant,Mount Pleasant,MI,3,3,1,1,32.0,0.0,50.0,,,,,,,,0.6415,0.6981,4750,20720.0,1.0
170790,Macomb Community College,Warren,MI,3,1,2,2,12.0,0.0,13876.0,,,11912.0,3660.0,8370.0,,,0.3368,0.0887,3500,41596.0,0.561
170806,Madonna University,Livonia,MI,3,2,3,4,13.0,0.0,1632.0,0.6339,980.0,41038.0,28440.0,28440.0,0.6,0.7154,0.304,0.5454,19000,59058.0,0.6422
170967,Rochester Christian University,Rochester Hills,MI,3,2,3,4,21.0,0.0,792.0,0.9765,,41787.0,29196.0,29196.0,0.4412,0.5957,0.309,0.4991,14750,48707.0,0.6035
170976,University of Michigan-Ann Arbor,Ann Arbor,MI,3,1,3,4,12.0,0.0,34177.0,0.1564,1465.0,34654.0,17736.0,60946.0,0.932,0.9747,0.1813,0.237,17625,83648.0,0.539
171100,Michigan State University,East Lansing,MI,3,1,3,4,13.0,0.0,40922.0,0.848,1269.0,32198.0,16458.0,43842.0,0.8072,0.9005,0.2009,0.3363,19500,67253.0,0.5165
171128,Michigan Technological University,Houghton,MI,3,1,3,4,33.0,0.0,5955.0,0.9243,1258.0,34152.0,19123.0,42988.0,0.6806,0.8882,0.2023,0.4555,20500,78198.0,0.2903
171137,University of Michigan-Dearborn,Dearborn,MI,3,1,3,4,12.0,0.0,5952.0,0.5561,1115.0,24040.0,15640.0,32896.0,0.5798,0.8249,0.4624,0.3634,17000,59649.0,0.4805
171146,University of Michigan-Flint,Flint,MI,3,1,3,4,13.0,0.0,4411.0,0.7046,1102.0,20915.0,14704.0,28320.0,0.4031,0.7778,0.386,0.4288,18494,53230.0,0.6364
171155,Mid Michigan College,Harrison,MI,3,1,2,2,41.0,0.0,2098.0,,,17703.0,6132.0,10864.0,,,0.3121,0.2327,7810,37319.0,0.6373
171225,Monroe County Community College,Monroe,MI,3,1,2,2,41.0,0.0,1435.0,,,10465.0,4759.0,8267.0,,,0.2433,0.1552,6226,41646.0,0.6321
171234,Montcalm Community College,Sidney,MI,3,1,2,2,42.0,0.0,1122.0,,,12702.0,4662.0,10362.0,,,0.3043,0.1191,9500,35499.0,0.6248
171304,Muskegon Community College,Muskegon,MI,3,1,2,2,13.0,0.0,2760.0,,,12178.0,7250.0,16010.0,,,0.2914,0.0566,5000,36549.0,0.6051
171395,North Central Michigan College,Petoskey,MI,3,1,2,2,33.0,0.0,942.0,,,19219.0,5430.0,10590.0,,,0.2929,0.0805,5500,36594.0,0.621
171456,Northern Michigan University,Marquette,MI,3,1,3,4,33.0,0.0,6556.0,0.8402,,27841.0,14277.0,19773.0,0.5214,0.7796,0.2795,0.4552,13750,47107.0,0.6074
171483,Northwestern Michigan College,Traverse City,MI,3,1,2,3,13.0,0.0,2813.0,,,13753.0,5860.0,13476.0,0.2484,0.8438,0.3001,0.2139,8191,38167.0,0.5027
171492,Northwood University,Midland,MI,3,2,3,4,13.0,0.0,1974.0,0.6451,,48780.0,34400.0,34400.0,0.6332,0.7862,0.2569,0.448,18750,63075.0,0.3744
171535,Oakland Community College,Auburn Hills,MI,3,1,2,2,21.0,0.0,12748.0,,,12353.0,3020.0,5560.0,,,0.3066,0.1588,4592,37395.0,0.5562
171571,Oakland University,Rochester Hills,MI,3,1,3,4,21.0,0.0,12351.0,0.8784,1120.0,25182.0,15262.0,23188.0,0.5756,0.7794,0.3198,0.3739,16787,58612.0,0.5719
171599,The University of Olivet,Olivet,MI,3,2,3,4,42.0,0.0,892.0,0.8325,,47069.0,34068.0,34068.0,0.3527,0.6138,0.4947,0.7825,13000,47907.0,0.426
171775,Port Huron Cosmetology College,Waterford,MI,3,3,1,1,21.0,0.0,37.0,,,,,,,,0.2899,0.2609,4750,22980.0,1.0
171881,Kuyper College,Grand Rapids,MI,3,2,3,3,21.0,0.0,145.0,0.691,,38366.0,27660.0,27660.0,0.5,0.5897,0.4314,0.4706,16304,41066.0,0.3103
171988,Ross Medical Education Center-Lansing,Lansing,MI,3,3,1,1,21.0,0.0,135.0,,,,,,,,0.7245,0.6888,5500,30072.0,0.9333
171997,Ross Medical Education Center-Warren,Warren,MI,3,3,1,1,12.0,0.0,237.0,,,,,,,,0.7022,0.5799,8481,30481.0,0.9451
172015,Ross Medical Education Center-Flint,Flint,MI,3,3,1,1,21.0,0.0,116.0,,,,,,,,0.7296,0.6101,7504,30060.0,0.9741
172033,Sacred Heart Major Seminary,Detroit,MI,3,2,1,4,11.0,0.0,178.0,1.0,,41915.0,24120.0,24120.0,0.6667,1.0,0.0695,0.016,7500,49295.0,0.427
172051,Saginaw Valley State University,University Center,MI,3,1,3,4,22.0,0.0,5989.0,0.7207,1052.0,24936.0,12930.0,30450.0,0.4825,0.7757,0.3517,0.5039,17500,51955.0,0.6348
172200,Schoolcraft Community College District,Livonia,MI,3,1,2,3,13.0,0.0,7511.0,,,12048.0,4736.0,8142.0,0.1836,,0.2807,0.0752,5531,42722.0,0.587
172264,Siena Heights University,Adrian,MI,3,2,3,4,32.0,0.0,1495.0,0.689,954.0,44449.0,30778.0,30778.0,0.3862,0.7,0.3419,0.6779,15625,57529.0,0.5445
172291,St Clair County Community College,Port Huron,MI,3,1,2,2,23.0,0.0,2138.0,,,14391.0,5212.0,12150.0,,,0.2557,0.1114,7500,40177.0,0.6408
172307,Southwestern Michigan College,Dowagiac,MI,3,1,2,2,41.0,0.0,1431.0,,,15589.0,6417.0,8394.0,,,0.3845,0.1623,5500,37303.0,0.6157
172334,Spring Arbor University,Spring Arbor,MI,3,2,3,4,41.0,0.0,1010.0,0.5152,1170.0,44703.0,34014.0,34014.0,0.6354,0.7707,0.2869,0.5536,24724,51732.0,0.6475
172422,Michigan Career and Technical Institute,Plainwell,MI,3,1,1,1,42.0,0.0,118.0,,,,8549.0,12409.0,,,0.0,0.0,PS,29376.0,0.2203
172477,Thomas M Cooley Law School,Lansing,MI,3,2,4,4,12.0,0.0,,,,,,,,,,,PS,63450.0,
172495,Twin City Beauty College,Saint Joseph,MI,3,3,1,1,23.0,0.0,274.0,,,,,,,,0.541,0.459,5500,23043.0,0.9818
172608,Walsh College,Troy,MI,3,2,3,4,13.0,0.0,445.0,,,,,,,,0.3474,0.4921,12500,72081.0,0.4787
172617,Washtenaw Community College,Ann Arbor,MI,3,1,1,2,21.0,0.0,7816.0,,,11826.0,2736.0,6504.0,,,0.2803,0.1586,7855,39449.0,0.5479
172635,Wayne County Community College District,Detroit,MI,3,1,2,2,11.0,0.0,7423.0,,,15401.0,3112.0,4067.0,,,0.3156,0.0773,7421,29079.0,0.6399
172644,Wayne State University,Detroit,MI,3,1,3,4,11.0,0.0,15587.0,0.8116,1156.0,27350.0,15190.0,32037.0,0.5844,0.8265,0.4569,0.3779,16597,53493.0,0.5875
172671,West Shore Community College,Scottville,MI,3,1,2,2,42.0,0.0,782.0,,,10637.0,4470.0,8820.0,,,0.3016,0.0379,6000,36115.0,0.679
172680,Paul Mitchell the School-Grand Rapids,Kentwood,MI,3,3,1,1,13.0,0.0,86.0,,,,,,,,0.4034,0.5714,7977,,0.9767
172699,Western Michigan University,Kalamazoo,MI,3,1,3,4,13.0,0.0,12568.0,0.846,,29237.0,15252.0,19034.0,0.5757,0.8112,0.2675,0.471,20115,53562.0,0.5161
172705,Western Theological Seminary,Holland,MI,3,2,4,4,13.0,0.0,,,,,,,,,,,PS,,
172866,Academy College,Bloomington,MN,4,3,3,3,13.0,0.0,56.0,,,33874.0,18680.0,18680.0,0.36,0.0,0.2571,0.4857,16500,48300.0,0.1429
172918,Alexandria Technical & Community College,Alexandria,MN,4,1,2,2,33.0,0.0,1533.0,,,18698.0,6236.0,6236.0,,,0.1577,0.1777,8251,49393.0,0.4344
172954,Anoka Technical College,Anoka,MN,4,1,1,2,21.0,0.0,1684.0,,,22247.0,6267.0,6267.0,,,0.3332,0.2733,9250,47746.0,0.5386
172963,Anoka-Ramsey Community College,Coon Rapids,MN,4,1,2,2,21.0,0.0,4201.0,,,21068.0,5682.0,5682.0,,,0.2031,0.1357,8750,48342.0,0.6096
173045,Augsburg University,Minneapolis,MN,4,2,3,4,11.0,0.0,2494.0,0.8198,,62303.0,45452.0,45452.0,0.5167,0.7233,0.5614,0.766,19500,58829.0,0.5481
173063,Riverland Community College,Austin,MN,4,1,1,2,32.0,0.0,2003.0,,,14442.0,6298.0,6298.0,,,0.2384,0.1376,9500,45247.0,0.5242
173115,Northwest Technical College,Bemidji,MN,4,1,1,2,33.0,0.0,751.0,,,16905.0,6254.0,6254.0,,,0.3174,0.3307,9500,42930.0,0.7257
173124,Bemidji State University,Bemidji,MN,4,1,3,4,33.0,0.0,3139.0,0.5598,1090.0,22744.0,10237.0,10237.0,0.4787,0.7267,0.2832,0.4217,13809,53755.0,0.6101
173142,Bethany Lutheran College,Mankato,MN,4,2,3,4,13.0,0.0,669.0,0.3897,1150.0,41013.0,31360.0,31360.0,0.5486,0.7196,0.2247,0.4376,15935,46110.0,0.5172
173160,Bethel University,Saint Paul,MN,4,2,3,4,21.0,0.0,1871.0,0.878,1249.0,58569.0,44226.0,44226.0,0.7138,0.8571,0.1852,0.4386,18272,63764.0,0.551
173203,Central Lakes College-Brainerd,Brainerd,MN,4,1,2,2,33.0,0.0,1614.0,,,19543.0,6249.0,6249.0,,,0.1445,0.1196,8439,42162.0,0.5384
173258,Carleton College,Northfield,MN,4,2,3,3,32.0,0.0,2086.0,0.2041,1517.0,84893.0,68892.0,68892.0,0.896,0.9647,0.1653,0.434,15960,75525.0,0.5034
173300,Concordia College at Moorhead,Moorhead,MN,4,2,3,4,22.0,0.0,1829.0,0.6265,1190.0,45942.0,31170.0,31170.0,0.6107,0.8356,0.1907,0.5309,20895,59317.0,0.5314
173328,Concordia University-Saint Paul,Saint Paul,MN,4,2,3,4,11.0,0.0,3018.0,0.7887,,37239.0,25600.0,25600.0,0.459,0.6739,0.3522,0.5248,12166,59871.0,0.6746
173416,Dakota County Technical College,Rosemount,MN,4,1,2,2,41.0,0.0,2168.0,,,18552.0,6679.0,6679.0,,,0.2727,0.2521,8250,51938.0,0.4317
173452,Martin Luther College,New Ulm,MN,4,2,3,4,32.0,0.0,725.0,0.8717,1090.0,29250.0,18120.0,18120.0,0.715,0.8467,0.2705,0.6797,16606,47491.0,0.5366
173461,Lake Superior College,Duluth,MN,4,1,2,2,13.0,0.0,2471.0,,,19723.0,5785.0,5785.0,,,0.192,0.2142,8820,46449.0,0.5386
173559,Minnesota State Community and Technical College,Fergus Falls,MN,4,1,2,2,41.0,0.0,2942.0,,,17194.0,5908.0,5908.0,,,0.2482,0.2309,9360,45591.0,0.6118
173638,Minnesota West Community and Technical College,Granite Falls,MN,4,1,1,2,43.0,0.0,1762.0,,,17408.0,6491.0,6491.0,,,0.1632,0.1274,9500,45285.0,0.4279
173647,Gustavus Adolphus College,Saint Peter,MN,4,2,3,3,31.0,0.0,1878.0,0.6099,1290.0,67613.0,56076.0,56076.0,0.7665,0.8798,0.207,0.54,23250,65607.0,0.5309
173665,Hamline University,Saint Paul,MN,4,2,3,4,11.0,0.0,1776.0,0.8763,1160.0,58110.0,50004.0,50004.0,0.6045,0.7823,0.407,0.5795,15750,61106.0,0.6396
173683,Hazelden Betty Ford Graduate School,Center City,MN,4,2,4,4,41.0,0.0,,,,,,,,,,,PS,,
173708,Hennepin Technical College,Brooklyn Park,MN,4,1,1,2,21.0,0.0,3157.0,,,16032.0,5940.0,5940.0,,,0.2863,0.1956,9500,49460.0,0.3605
173735,Minnesota North College,Hibbing,MN,4,1,2,2,33.0,0.0,2013.0,,,16346.0,6022.0,6022.0,,,0.3106,0.2937,8694,45570.0,0.4918
173744,Aveda Arts & Sciences Institute Minneapolis,Minneapolis,MN,4,3,1,1,11.0,0.0,623.0,,,,,,,,0.2517,0.3933,6023,34659.0,0.9615
173799,Inver Hills Community College,Inver Grove Heights,MN,4,1,2,2,21.0,0.0,2193.0,,,17103.0,6146.0,6146.0,,,0.2375,0.1483,9315,49898.0,0.6179
173896,Luther Seminary,Saint Paul,MN,4,2,4,4,11.0,0.0,,,,,,,,,,,PS,,
173902,Macalester College,Saint Paul,MN,4,2,3,3,11.0,0.0,2131.0,0.2852,1440.0,82991.0,68104.0,68104.0,0.871,0.9228,0.1723,0.3557,19500,63878.0,0.5659
173911,South Central College,North Mankato,MN,4,1,2,2,23.0,0.0,1946.0,,,15401.0,6146.0,6146.0,,,0.3265,0.1961,8250,45068.0,0.6095
173920,Minnesota State University-Mankato,Mankato,MN,4,1,3,4,13.0,0.0,11703.0,0.8844,1150.0,23995.0,9572.0,18942.0,0.5395,0.8025,0.2096,0.4038,14000,56922.0,0.547
173957,Mayo Clinic College of Medicine and Science,Rochester,MN,4,2,1,4,12.0,0.0,309.0,0.3901,,,3257.0,3257.0,,,0.0203,0.1085,9066,79652.0,0.7896
174020,Metropolitan State University,Saint Paul,MN,4,1,3,4,11.0,0.0,5616.0,0.9871,1020.0,25172.0,9840.0,9840.0,0.4357,0.6754,0.4755,0.3107,12900,64705.0,0.5689
174066,University of Minnesota-Twin Cities,Minneapolis,MN,4,1,3,4,11.0,0.0,31855.0,0.7975,1362.0,30061.0,17214.0,38362.0,0.8528,0.9112,0.1765,0.283,16727,69020.0,0.5399
174075,University of Minnesota-Crookston,Crookston,MN,4,1,3,3,32.0,0.0,1729.0,0.8786,,26068.0,13288.0,13288.0,0.4976,0.8,0.2025,0.2617,12500,58056.0,0.5778
174127,Minneapolis College of Art and Design,Minneapolis,MN,4,2,3,4,11.0,0.0,705.0,0.4848,1161.0,59972.0,45484.0,45484.0,0.5116,0.7456,0.4211,0.7468,19225,40873.0,0.6993
174136,Minneapolis Community and Technical College,Minneapolis,MN,4,1,1,2,11.0,0.0,5268.0,,,19683.0,6161.0,6161.0,,,0.4012,0.1976,10500,40086.0,0.5744
174154,Herzing University-Minneapolis,St. Louis Park,MN,4,2,3,4,13.0,0.0,740.0,0.9375,,26163.0,13450.0,13450.0,0.4667,0.6957,0.5668,0.7901,11756,36909.0,0.8932
174233,University of Minnesota-Duluth,Duluth,MN,4,1,3,4,13.0,0.0,7336.0,0.8875,1251.0,27680.0,14610.0,20130.0,0.6472,0.8114,0.1879,0.4391,16000,62616.0,0.4881
174251,University of Minnesota-Morris,Morris,MN,4,1,3,3,33.0,0.0,936.0,0.7493,1150.0,27039.0,14526.0,16710.0,0.625,0.739,0.3255,0.3627,12377,50919.0,0.5203
174321,Model College of Hair Design,Saint Cloud,MN,4,3,1,1,13.0,0.0,199.0,,,,,,,,0.3944,0.4883,5500,25410.0,0.995
174358,Minnesota State University Moorhead,Moorhead,MN,4,1,3,4,22.0,0.0,3072.0,0.5876,1090.0,25197.0,10428.0,10428.0,0.5732,0.7496,0.2795,0.4846,15000,50527.0,0.6299
174376,North Hennepin Community College,Brooklyn Park,MN,4,1,2,2,21.0,0.0,3451.0,,,17470.0,5061.0,5061.0,,,0.2868,0.1465,9000,51142.0,0.6062
174428,Normandale Community College,Bloomington,MN,4,1,2,2,13.0,0.0,7044.0,,,18694.0,6329.0,6329.0,,,0.2801,0.112,8000,50207.0,0.5653
174437,North Central University,Minneapolis,MN,4,2,3,4,11.0,0.0,709.0,0.9898,,44475.0,32220.0,32220.0,0.6634,0.8221,0.4256,0.5862,16750,45064.0,0.5458
174473,Northland Community and Technical College,Thief River Falls,MN,4,1,2,2,33.0,0.0,1554.0,,,19638.0,6289.0,6289.0,,,0.2168,0.2313,9500,44425.0,0.5637
174491,University of Northwestern-St Paul,Saint Paul,MN,4,2,3,4,21.0,0.0,1442.0,0.9347,1173.0,51325.0,37920.0,37920.0,0.6813,0.8287,0.1573,0.2714,17750,50755.0,0.5583
174507,Northwestern Health Sciences University,Bloomington,MN,4,2,2,4,13.0,0.0,271.0,,,39863.0,12015.0,12015.0,0.0,,0.2772,0.3723,8250,48666.0,0.7786
174525,Oak Hills Christian College,Bemidji,MN,4,2,3,3,41.0,0.0,75.0,,,33958.0,19440.0,19440.0,0.2273,0.45,0.4701,0.6838,9500,35983.0,0.3867
174570,Pine Technical & Community College,Pine City,MN,4,1,1,2,43.0,0.0,574.0,,,18479.0,4738.0,4738.0,,,0.1453,0.0889,9933,41232.0,0.5331
174738,Rochester Community and Technical College,Rochester,MN,4,1,2,2,12.0,0.0,3365.0,,,19639.0,6389.0,6389.0,,,0.2766,0.1937,9250,45287.0,0.6196
174747,College of Saint Benedict,Saint Joseph,MN,4,2,3,4,22.0,0.0,1370.0,0.9152,1151.0,68453.0,55756.0,55756.0,0.7712,0.8628,0.1986,0.622,23250,63260.0,1.0
174756,St Cloud Technical and Community College,Saint Cloud,MN,4,1,2,2,13.0,0.0,3113.0,,,14325.0,6124.0,6124.0,,,0.3442,0.2303,8265,46874.0,0.6161
174783,Saint Cloud State University,Saint Cloud,MN,4,1,3,4,13.0,0.0,5088.0,0.948,1092.0,21116.0,10245.0,10245.0,0.4032,0.7065,0.2167,0.2351,14362,55813.0,0.5377
174792,Saint Johns University,Collegeville,MN,4,2,3,4,41.0,0.0,1395.0,0.9062,1183.0,68521.0,55816.0,55816.0,0.7538,0.8575,0.1803,0.5476,23250,76786.0,0.0
174817,Saint Mary's University of Minnesota,Winona,MN,4,2,3,4,32.0,0.0,1073.0,0.9278,,57380.0,45080.0,45080.0,0.6601,0.7463,0.2452,0.4591,16099,58170.0,0.5536
174844,St Olaf College,Northfield,MN,4,2,3,3,32.0,0.0,3093.0,0.4832,1380.0,71843.0,59760.0,59760.0,0.84,0.9223,0.2121,0.4196,23250,65543.0,0.5842
174862,Crown College,Saint Bonifacius,MN,4,2,3,4,41.0,0.0,796.0,0.2278,,46598.0,31410.0,31410.0,0.4539,0.6984,0.2444,0.388,15225,48057.0,0.4837
174899,The College of Saint Scholastica,Duluth,MN,4,2,3,4,13.0,0.0,1765.0,0.9296,1120.0,55103.0,41778.0,41778.0,0.7053,0.8184,0.2484,0.5328,17125,65934.0,0.6516
174914,University of St Thomas,Saint Paul,MN,4,2,3,4,11.0,0.0,6245.0,0.8536,1296.0,66116.0,54398.0,54398.0,0.7638,0.8845,0.2177,0.4401,19500,73739.0,0.4983
174978,Empire Beauty School-Bloomington,Bloomington,MN,4,3,1,1,13.0,0.0,128.0,,,,,,,,0.5444,0.5444,6333,23589.0,0.9688
175005,St Catherine University,Saint Paul,MN,4,2,3,4,11.0,0.0,2473.0,0.9185,1147.0,60476.0,51454.0,51454.0,0.6125,0.8034,0.4007,0.5886,19716,59282.0,0.9579
175014,Rasmussen University-Minnesota,St. Cloud,MN,4,3,1,4,13.0,0.0,8617.0,,,25221.0,11490.0,11490.0,0.5349,1.0,0.5957,0.6938,13000,39080.0,0.8541
175041,Saint Paul College,Saint Paul,MN,4,1,1,2,11.0,0.0,3813.0,,,18261.0,6326.0,6326.0,,,0.3994,0.1686,9000,38399.0,0.5959
175078,Southwest Minnesota State University,Marshall,MN,4,1,3,4,33.0,0.0,2315.0,0.6218,1050.0,24757.0,10361.0,10361.0,0.451,0.7371,0.1207,0.1541,14250,51342.0,0.6713
175120,Summit Academy Opportunities Industrialization Center,Minneapolis,MN,4,2,1,1,11.0,0.0,360.0,,,,,,,,0.7056,0.0,PS,22606.0,0.2917
175139,United Theological Seminary of the Twin Cities,St. Paul,MN,4,2,4,4,11.0,0.0,,,,,,,,,,,,,
175227,Dunwoody College of Technology,Minneapolis,MN,4,2,2,3,11.0,0.0,1533.0,0.9887,1120.0,36587.0,27836.0,27836.0,0.6606,0.7619,0.3167,0.5471,12000,61511.0,0.2127
175236,Ridgewater College,Willmar,MN,4,1,2,2,33.0,0.0,2162.0,,,15694.0,6121.0,6121.0,,,0.3243,0.2525,9196,43827.0,0.6203
175263,Minnesota State College Southeast,Winona,MN,4,1,1,2,32.0,0.0,1388.0,,,21397.0,6432.0,6432.0,,,0.2515,0.2218,9500,43613.0,0.5756
175272,Winona State University,Winona,MN,4,1,3,4,32.0,0.0,5144.0,0.7549,,23683.0,10576.0,17308.0,0.5694,0.7904,0.2422,0.4865,15000,58532.0,0.6866
175281,Mitchell Hamline School of Law,Saint Paul,MN,4,2,4,4,11.0,0.0,,,,,,,,,,,PS,,
175315,Century College,White Bear Lake,MN,4,1,1,2,21.0,0.0,6280.0,,,15983.0,6214.0,6214.0,,,0.3121,0.1765,9500,46424.0,0.5739
175342,Alcorn State University,Alcorn State,MS,5,1,3,4,43.0,1.0,2363.0,0.4533,904.0,23751.0,8785.0,8785.0,0.5736,0.7665,0.6978,0.6669,17021,36421.0,0.6661
175421,Belhaven University,Jackson,MS,5,2,3,4,12.0,0.0,1471.0,0.4975,1124.0,39793.0,30250.0,30250.0,0.4854,0.6781,0.4865,0.6788,18549,46440.0,0.6343
175430,Blue Mountain Christian University,Blue Mountain,MS,5,2,3,4,42.0,0.0,498.0,0.8895,1090.0,33197.0,20180.0,20180.0,0.5476,0.6792,0.2877,0.5011,13750,40421.0,0.492
175494,Chris Beauty College,Gulfport,MS,5,3,1,1,13.0,0.0,73.0,,,,,,,,0.4817,0.0,PS,18468.0,0.7534
175519,Coahoma Community College,Clarksdale,MS,5,1,1,2,41.0,1.0,1144.0,,,9444.0,3490.0,3490.0,,,0.5697,0.0,PS,24289.0,0.5944
175573,Copiah-Lincoln Community College,Wesson,MS,5,1,2,2,42.0,0.0,1922.0,,,12490.0,4000.0,5000.0,,,0.4041,0.0966,5500,31241.0,0.589
175616,Delta State University,Cleveland,MS,5,1,3,4,33.0,0.0,1620.0,1.0,1050.0,22445.0,8605.0,8605.0,0.4806,0.6667,0.4175,0.4435,15000,41991.0,0.5302
175643,East Central Community College,Decatur,MS,5,1,2,2,43.0,0.0,1520.0,,,13255.0,4160.0,6260.0,,,0.3911,0.0629,4481,32421.0,0.6013
175652,East Mississippi Community College,Scooba,MS,5,1,2,2,43.0,0.0,2838.0,,,11353.0,4095.0,7445.0,,,0.4481,0.1661,5790,33772.0,0.5747
175698,Fosters Cosmetology College,Ripley,MS,5,3,1,1,43.0,0.0,23.0,,,,,,,,0.8,0.6333,6044,,0.3913
175722,Academy of Hair Design-Grenada,Grenada,MS,5,3,1,1,41.0,0.0,21.0,,,,,,,,0.7857,0.6667,6500,22284.0,0.9524
175786,Hinds Community College,Raymond,MS,5,1,2,2,42.0,0.0,6397.0,,,11036.0,4250.0,7300.0,,,0.5051,0.3345,5951,30774.0,0.6089
175810,Holmes Community College,Goodman,MS,5,1,2,2,43.0,0.0,3958.0,,,12875.0,3710.0,6610.0,,,0.4281,0.1188,5500,32922.0,0.6913
175829,Itawamba Community College,Fulton,MS,5,1,2,2,43.0,0.0,4167.0,,,12079.0,3420.0,5820.0,,,0.4675,0.1055,5500,32912.0,0.6395
175856,Jackson State University,Jackson,MS,5,1,3,4,12.0,1.0,4600.0,0.9315,965.0,32415.0,8965.0,11965.0,0.5091,0.6235,0.7232,0.8222,24751,39060.0,0.6317
175883,Jones County Junior College,Ellisville,MS,5,1,2,2,32.0,0.0,3535.0,,,13670.0,4806.0,6806.0,,,0.3763,0.0799,5500,33377.0,0.6303
175935,Meridian Community College,Meridian,MS,5,1,2,2,33.0,0.0,2156.0,,,14334.0,4078.0,6478.0,,,0.3916,0.1072,4500,31002.0,0.6985
175980,Millsaps College,Jackson,MS,5,2,3,4,12.0,0.0,549.0,0.4312,1181.0,60061.0,44680.0,44680.0,0.5714,0.5802,0.3694,0.5911,19500,53848.0,0.4536
176008,Mississippi Delta Community College,Moorhead,MS,5,1,2,2,42.0,0.0,1413.0,,,11379.0,3540.0,3540.0,,,0.4605,0.0,PS,28421.0,0.6207
176017,University of Mississippi,University,MS,5,1,3,4,33.0,0.0,21473.0,0.9658,1184.0,28660.0,9772.0,28600.0,0.7174,0.8721,0.2173,0.3717,15250,50994.0,0.5723
176035,Mississippi University for Women,Columbus,MS,5,1,3,4,33.0,0.0,1605.0,0.9031,1090.0,22225.0,8492.0,8492.0,0.4677,0.6731,0.403,0.407,13000,46128.0,0.7988
176044,Mississippi Valley State University,Itta Bena,MS,5,1,3,4,42.0,1.0,1439.0,0.9238,870.0,21154.0,7692.0,7692.0,0.2676,0.6975,0.5636,0.4938,19203,31919.0,0.5038
176053,Mississippi Christian University,Clinton,MS,5,2,3,4,21.0,0.0,2518.0,0.2911,1090.0,41214.0,23500.0,23500.0,0.5934,0.7776,0.2964,0.3544,17759,47485.0,0.5766
176062,Hatfield's Mississippi College of Beauty Culture,Laurel,MS,5,3,1,1,32.0,0.0,57.0,,,,,,,,0.6,0.48,6500,13849.0,1.0
176071,Mississippi Gulf Coast Community College,Perkinston,MS,5,1,2,2,42.0,0.0,6353.0,,,12978.0,4250.0,7850.0,,,0.3921,0.1721,6625,33017.0,0.6205
176080,Mississippi State University,Mississippi State,MS,5,1,3,4,33.0,0.0,18397.0,0.7764,1219.0,29267.0,10202.0,27637.0,0.6667,0.825,0.2933,0.3869,16324,51513.0,0.5081
176169,Northeast Mississippi Community College,Booneville,MS,5,1,2,2,33.0,0.0,2698.0,,,15873.0,4470.0,7710.0,,,0.53,0.1459,5500,34081.0,0.6227
176178,Northwest Mississippi Community College,Senatobia,MS,5,1,2,2,32.0,0.0,5452.0,,,13857.0,3740.0,3740.0,,,0.3004,0.1218,5500,36396.0,0.622
176239,Pearl River Community College,Poplarville,MS,5,1,2,2,43.0,0.0,4903.0,,,14832.0,3700.0,6100.0,,,0.5167,0.2806,6250,33019.0,0.6804
176318,Rust College,Holly Springs,MS,5,2,3,3,32.0,1.0,467.0,0.4867,,23107.0,13265.0,13265.0,0.1179,0.8438,0.7146,0.6961,13777,32275.0,0.5225
176336,Southeastern Baptist College,Laurel,MS,5,2,2,3,32.0,0.0,93.0,1.0,,13325.0,7425.0,7425.0,0.8,0.65,0.5476,0.0,PS,26946.0,0.2366
176354,Southwest Mississippi Community College,Summit,MS,5,1,2,2,41.0,0.0,1474.0,,,11644.0,4080.0,6780.0,,,0.561,0.0,PS,33227.0,0.5916
176372,University of Southern Mississippi,Hattiesburg,MS,5,1,3,4,13.0,0.0,10075.0,0.9912,1190.0,26566.0,9998.0,11998.0,0.4906,0.7209,0.4628,0.4775,14250,44140.0,0.6247
176406,Tougaloo College,Tougaloo,MS,5,2,3,4,12.0,1.0,639.0,0.5985,,24239.0,12407.0,12407.0,0.3311,0.832,0.6273,0.602,23098,34724.0,0.5806
176433,Vaughn Beauty College,Aberdeen,MS,5,3,1,1,42.0,0.0,63.0,,,,,,,,0.3978,0.1505,PS,,0.9841
176451,Wesley Biblical Seminary,Ridgeland,MS,5,2,3,4,21.0,0.0,24.0,,,,7500.0,7500.0,,,,,PS,,0.375
176479,William Carey University,Hattiesburg,MS,5,2,3,4,13.0,0.0,2201.0,0.6029,1122.0,29651.0,15480.0,15480.0,0.5978,0.7794,0.2711,0.2486,15796,43087.0,0.6942
176600,Aquinas Institute of Theology,Saint Louis,MO,4,2,4,4,11.0,0.0,,,,,,,,,,,PS,,
176628,Avila University,Kansas City,MO,4,2,3,4,11.0,0.0,1312.0,0.878,972.0,50096.0,42000.0,42000.0,0.5238,0.7053,0.5635,0.6087,19230,52773.0,0.6433
176664,Mission University,Springfield,MO,4,2,3,4,12.0,0.0,381.0,,,28448.0,16950.0,16950.0,0.4444,0.5941,0.5585,0.6784,16000,38641.0,0.3622
176716,House of Heavilin Beauty College-Blue Springs,Blue Springs,MO,4,3,1,1,21.0,0.0,109.0,,,,,,,,0.4412,0.4265,7463,24840.0,0.9908
176770,Cox College,Springfield,MO,4,2,2,4,12.0,0.0,540.0,1.0,,,14822.0,14822.0,1.0,0.0,0.3579,0.5761,18000,56867.0,0.8519
176789,Calvary University,Kansas City,MO,4,2,3,4,11.0,0.0,154.0,0.7174,1050.0,23938.0,14094.0,14094.0,0.5217,0.5455,0.3131,0.2374,12500,45421.0,0.5519
176798,Cape Girardeau Career and Technology Center,Cape Girardeau,MO,4,1,1,1,13.0,0.0,159.0,,,,,,,,0.414,0.2372,6944,44369.0,0.566
176910,Central Christian College of the Bible,Moberly,MO,4,2,3,4,32.0,0.0,154.0,,,24748.0,12200.0,12200.0,0.2195,0.6875,0.461,0.4091,10125,34675.0,0.3117
176947,Central Methodist University-College of Liberal Arts and Sciences,Fayette,MO,4,2,3,3,42.0,0.0,1040.0,0.5687,1048.0,43635.0,28260.0,28260.0,0.5123,0.6184,0.4028,0.611,13292,48991.0,0.5125
176965,University of Central Missouri,Warrensburg,MO,4,1,3,4,32.0,0.0,5648.0,0.638,1050.0,22947.0,10050.0,18600.0,0.5408,0.7363,0.2678,0.3238,15750,49560.0,0.5266
176983,Grand River Technical School,Chillicothe,MO,4,1,1,1,33.0,0.0,65.0,0.8837,,,,,,,0.4545,0.0,PS,40665.0,0.2154
177038,Cleveland University-Kansas City,Overland Park,KS,4,2,3,4,12.0,0.0,95.0,0.6923,,40764.0,14400.0,14400.0,1.0,0.5,0.5349,0.9302,9500,52304.0,0.6737
177065,Columbia College,Columbia,MO,4,2,3,4,12.0,0.0,4950.0,,,37207.0,25826.0,25826.0,0.4219,0.7509,0.4465,0.4099,14750,45378.0,0.5945
177083,Conception Seminary College,Conception,MO,4,2,3,3,43.0,0.0,40.0,0.3182,,42698.0,26206.0,26206.0,0.5,0.75,0.1951,0.0244,PS,50430.0,0.0
177092,Concordia Seminary,Saint Louis,MO,4,2,4,4,21.0,0.0,,,,,,,,,,,PS,,
177117,Cottey College,Nevada,MO,4,2,3,3,33.0,0.0,254.0,0.6918,,39269.0,27562.0,27562.0,0.5625,0.6724,0.4624,0.6053,11000,35422.0,1.0
177126,Covenant Theological Seminary,Saint Louis,MO,4,2,4,4,21.0,0.0,,,,,,,,,,,PS,,
177135,Crowder College,Neosho,MO,4,1,2,2,32.0,0.0,2570.0,,,16291.0,6180.0,8280.0,,,0.3571,0.0981,5500,35987.0,0.6428
177144,Culver-Stockton College,Canton,MO,4,2,3,4,43.0,0.0,807.0,0.991,,44112.0,30875.0,30875.0,0.3916,0.672,0.3935,0.7161,15000,46092.0,0.4523
177214,Drury University,Springfield,MO,4,2,3,4,12.0,0.0,1383.0,0.5758,1218.0,48846.0,36745.0,36745.0,0.618,0.7917,0.2558,0.4963,13000,40694.0,0.5148
177250,East Central College,Union,MO,4,1,2,2,32.0,0.0,1639.0,,,19386.0,4272.0,7680.0,,,0.3328,0.0773,6590,36916.0,0.6333
177278,Eden Theological Seminary,Webster Groves,MO,4,2,4,4,21.0,0.0,,,,,,,,,,,PS,,
177302,Pinnacle Career Institute,Kansas City,MO,4,3,1,2,11.0,0.0,619.0,,,,,,,,0.7686,0.7298,8146,34213.0,0.1018
177339,Evangel University,Springfield,MO,4,2,3,4,12.0,0.0,1229.0,0.7161,1188.0,39956.0,28548.0,28548.0,0.6503,0.7636,0.3125,0.7428,17495,46573.0,0.5012
177436,Four Rivers Career Center,Washington,MO,4,1,1,1,32.0,0.0,30.0,,,37936.0,18345.0,18345.0,,,0.6538,0.9615,8745,48199.0,0.8
177472,Ozarks Technical Community College,Springfield,MO,4,1,2,3,12.0,0.0,8165.0,,,13188.0,4512.0,7200.0,0.3254,1.0,0.3818,0.1798,6500,36455.0,0.5822
177542,Hannibal-LaGrange University,Hannibal,MO,4,2,3,4,33.0,0.0,410.0,0.7263,1090.0,40839.0,26880.0,26880.0,0.5039,0.7833,0.3683,0.4802,13688,42643.0,0.5049
177551,Harris-Stowe State University,Saint Louis,MO,4,1,3,3,11.0,1.0,960.0,,,21493.0,7008.0,11640.0,0.2756,0.684,0.7368,0.6093,13500,31088.0,0.6708
177588,House of Heavilin Beauty College-Kansas City,Kansas City,MO,4,3,1,1,11.0,0.0,55.0,,,,,,,,0.7083,0.5313,11024,17269.0,0.9636
177603,Summit Salon Academy Kansas City,Independence,MO,4,3,1,1,21.0,0.0,157.0,,,,,,,,0.6722,0.7111,9500,24811.0,0.9873
177676,Jefferson College,Hillsboro,MO,4,1,2,2,41.0,0.0,2552.0,,,13572.0,5250.0,8850.0,,,0.299,0.0785,6000,40782.0,0.5956
177685,Paul Mitchell the School-Missouri Columbia,Columbia,MO,4,3,1,1,12.0,0.0,107.0,,,,,,,,0.5578,0.5378,7666,27715.0,0.8505
177719,Barnes-Jewish College Goldfarb School of Nursing,Saint Louis,MO,4,2,3,4,11.0,0.0,446.0,,,,,,,,0.2441,0.6737,15000,84393.0,0.8834
177746,Kansas City Art Institute,Kansas City,MO,4,2,3,3,11.0,0.0,812.0,0.5476,,57410.0,44550.0,44550.0,0.5797,0.7833,0.4373,0.6946,21500,37032.0,0.782
177816,Kenrick Glennon Seminary,Saint Louis,MO,4,2,4,4,21.0,0.0,,,,,,,,,,,PS,,
177834,A T Still University of Health Sciences,Kirksville,MO,4,2,4,4,33.0,0.0,,,,,,,,,,,PS,,
177931,Lex La-Ray Technical Center,Lexington,MO,4,1,1,1,42.0,0.0,25.0,0.6667,,,,,,,0.4545,0.4091,13889,52142.0,1.0
177940,Lincoln University,Jefferson City,MO,4,1,3,4,13.0,1.0,1392.0,,,23704.0,9796.0,17692.0,0.2085,0.5986,0.4868,0.4382,19000,39463.0,0.579
177968,Lindenwood University,Saint Charles,MO,4,2,3,4,13.0,0.0,4624.0,0.5684,1190.0,35436.0,21600.0,21600.0,0.4933,0.6563,0.2998,0.4898,20500,53278.0,0.6032
177977,State Technical College of Missouri,Linn,MO,4,1,2,2,42.0,0.0,2123.0,,,19026.0,8160.0,14610.0,,,0.328,0.3692,8500,55901.0,0.1696
177986,Logan University,Chesterfield,MO,4,2,3,4,21.0,0.0,229.0,0.6429,,26928.0,9000.0,9000.0,0.2222,0.5,0.4044,0.7022,7767,55838.0,0.7074
177995,Metropolitan Community College-Kansas City,Kansas City,MO,4,1,2,2,11.0,0.0,10649.0,,,14665.0,3630.0,9600.0,,,0.3095,0.0409,6500,40796.0,0.6032
178059,Maryville University of Saint Louis,Saint Louis,MO,4,2,3,4,21.0,0.0,5658.0,0.9508,,41959.0,27166.0,27166.0,0.6622,0.8467,0.3641,0.5267,10041,62105.0,0.6706
178077,Missouri College of Cosmetology and Esthetics,Jefferson City,MO,4,3,1,1,13.0,0.0,97.0,,,,,,,,0.5352,0.507,6125,26738.0,0.9588
178183,Midwest Institute,Earth City,MO,4,3,1,2,21.0,0.0,177.0,0.8718,,,,,,,0.4958,0.5042,9500,30414.0,0.9209
178208,Midwestern Baptist Theological Seminary,Kansas City,MO,4,2,3,4,11.0,0.0,747.0,0.964,,29080.0,10120.0,10120.0,0.4828,0.8148,0.3008,0.2409,9995,50535.0,0.2892
178217,Mineral Area College,Park Hills,MO,4,1,2,2,32.0,0.0,1592.0,,,18497.0,5660.0,8570.0,,,0.3223,0.1021,7815,35352.0,0.6043
178244,Missouri Baptist University,Saint Louis,MO,4,2,3,4,21.0,0.0,1488.0,0.686,910.0,49257.0,34612.0,34612.0,0.4758,0.6534,0.1113,0.1892,17726,46660.0,0.5511
178341,Missouri Southern State University,Joplin,MO,4,1,3,4,13.0,0.0,3019.0,0.9703,1065.0,19568.0,8960.0,17080.0,0.4158,0.6278,0.3402,0.3326,11650,42620.0,0.6045
178369,Missouri Valley College,Marshall,MO,4,2,3,4,33.0,0.0,1443.0,0.6918,974.0,37899.0,23700.0,23700.0,0.2244,0.5297,0.32,0.4198,10250,43221.0,0.4137
178387,Missouri Western State University,Saint Joseph,MO,4,1,3,4,13.0,0.0,2219.0,,,21595.0,10306.0,20866.0,0.3854,0.5379,0.2844,0.2794,11920,42647.0,0.5935
178396,University of Missouri-Columbia,Columbia,MO,4,1,3,4,12.0,0.0,23929.0,0.7847,1247.0,31713.0,14837.0,36056.0,0.7494,0.9268,0.2007,0.3528,16500,63403.0,0.5502
178402,University of Missouri-Kansas City,Kansas City,MO,4,1,3,4,11.0,0.0,6817.0,0.7218,1204.0,25320.0,12587.0,30227.0,0.5546,0.7536,0.2639,0.2391,14835,59637.0,0.6006
178411,Missouri University of Science and Technology,Rolla,MO,4,1,3,4,33.0,0.0,5521.0,0.7255,1317.0,29231.0,14984.0,33248.0,0.6437,0.8656,0.2279,0.4,19000,82957.0,0.2295
178420,University of Missouri-St Louis,Saint Louis,MO,4,1,3,4,21.0,0.0,5024.0,0.6267,1199.0,31199.0,14112.0,35112.0,0.5664,0.7361,0.1835,0.1925,16500,53037.0,0.5478
178448,Moberly Area Community College,Moberly,MO,4,1,2,2,32.0,0.0,3100.0,,,14134.0,4110.0,8640.0,,,0.2493,0.0548,8000,37537.0,0.6319
178518,Nazarene Theological Seminary,Kansas City,MO,4,2,4,4,11.0,0.0,,,,,,,,,,,,,
178527,Neosho Beauty and Barber College,Neosho,MO,4,3,1,1,32.0,0.0,47.0,,,,,,,,0.5843,0.4157,7917,18280.0,0.9149
178615,Truman State University,Kirksville,MO,4,1,3,4,33.0,0.0,2513.0,0.8377,1320.0,25115.0,9838.0,18566.0,0.6853,0.8474,0.1654,0.2744,16679,56280.0,0.5997
178624,Northwest Missouri State University,Maryville,MO,4,1,3,4,33.0,0.0,4378.0,0.8609,1119.0,24945.0,10611.0,17324.0,0.5423,0.7392,0.2727,0.4153,14927,47885.0,0.6083
178679,Ozark Christian College,Joplin,MO,4,2,3,4,13.0,0.0,602.0,0.9361,,28485.0,16000.0,16000.0,0.6364,0.8345,0.4251,0.5407,9784,41297.0,0.4684
178697,College of the Ozarks,Point Lookout,MO,4,2,3,3,32.0,0.0,1444.0,0.1199,1118.0,33734.0,22320.0,22320.0,0.6369,0.9023,0.4919,0.0,PS,41592.0,0.5533
178721,Park University,Parkville,MO,4,2,3,4,21.0,0.0,4555.0,,,29427.0,17500.0,17500.0,0.3843,0.5762,0.4092,0.3099,12500,56309.0,0.4435
178767,Stevens-The Institute of Business & Arts,Saint Louis,MO,4,3,3,3,11.0,0.0,89.0,1.0,,24808.0,14332.0,14332.0,0.1429,,0.6737,0.8,21000,29058.0,0.8315
178891,Ranken Technical College,Saint Louis,MO,4,2,1,3,11.0,0.0,1780.0,,,29450.0,18008.0,18008.0,0.5313,1.0,0.4682,0.5949,9813,55955.0,0.086
178989,Research College of Nursing,Kansas City,MO,4,3,3,4,11.0,0.0,177.0,,,,,,,,0.1767,0.3896,12500,85910.0,0.8531
179043,Rockhurst University,Kansas City,MO,4,2,3,4,11.0,0.0,1580.0,0.6959,1120.0,59898.0,44966.0,44966.0,0.7456,0.7912,0.2008,0.3506,12500,67102.0,0.6278
179159,Saint Louis University,Saint Louis,MO,4,2,3,4,11.0,0.0,7267.0,0.7504,1317.0,71932.0,55760.0,55760.0,0.7953,0.8784,0.1689,0.2966,19500,70783.0,0.5919
179195,Salem College of Hairstyling,Rolla,MO,4,3,1,1,33.0,0.0,31.0,,,,,,,,0.3478,0.0,PS,18275.0,1.0
179265,University of Health Sciences and Pharmacy in St. Louis,Saint Louis,MO,4,2,3,4,11.0,0.0,337.0,0.8984,1131.0,54802.0,32550.0,32550.0,0.6168,0.6923,0.3127,0.68,14000,137047.0,0.5875
179308,Saint Louis Community College,Bridgeton,MO,4,1,2,2,21.0,0.0,11788.0,,,14560.0,3660.0,6990.0,0.2132,,0.2911,0.0457,3839,35325.0,0.6873
179317,Saint Paul School of Theology,Leawood,KS,4,2,4,4,21.0,0.0,,,,,,,,,,,PS,,
179326,Southwest Baptist University,Bolivar,MO,4,2,3,4,32.0,0.0,1341.0,0.6839,1088.0,40301.0,30566.0,30566.0,0.5532,0.6482,0.3627,0.5034,14000,43112.0,0.6212
179344,Missouri State University-West Plains,West Plains,MO,4,1,2,2,33.0,0.0,965.0,,,16592.0,5936.0,8106.0,,,0.2932,0.0857,5750,36922.0,0.6694
179511,St Louis College of Health Careers-St Louis,Saint Louis,MO,4,3,1,1,11.0,0.0,153.0,,,,,,,,0.7783,0.7241,9500,32217.0,0.9477
179539,State Fair Community College,Sedalia,MO,4,1,2,2,33.0,0.0,2694.0,,,14719.0,4176.0,7416.0,,,0.3556,0.1129,6500,35562.0,0.6719
179548,Stephens College,Columbia,MO,4,2,3,4,12.0,0.0,391.0,0.7722,,46643.0,28300.0,28300.0,0.4274,0.7838,0.4522,0.6174,19489,43071.0,0.9616
179557,Southeast Missouri State University,Cape Girardeau,MO,4,1,3,4,13.0,0.0,6373.0,0.7352,950.0,25177.0,9903.0,9903.0,0.5793,0.7576,0.304,0.3295,14750,44030.0,0.5887
179566,Missouri State University-Springfield,Springfield,MO,4,1,3,4,12.0,0.0,13313.0,0.9053,1122.0,25048.0,9502.0,18770.0,0.5791,0.7725,0.2201,0.2892,16200,49827.0,0.6135
179645,Three Rivers College,Poplar Bluff,MO,4,1,2,2,33.0,0.0,1844.0,,,18637.0,4950.0,6180.0,,,0.4881,0.1264,7061,32442.0,0.7001
179715,North Central Missouri College,Trenton,MO,4,1,2,2,33.0,0.0,1286.0,,,18498.0,5370.0,8820.0,,,0.3525,0.1673,8000,40837.0,0.7644
179812,Kansas City University,Kansas City,MO,4,2,4,4,11.0,0.0,,,,,,,,,,,PS,,
179867,Washington University in St Louis,St. Louis,MO,4,2,3,4,21.0,0.0,7857.0,0.1206,1530.0,88488.0,65790.0,65790.0,0.9426,0.9495,0.1775,0.1176,15000,86182.0,0.5449
179894,Webster University,Saint Louis,MO,4,2,3,4,21.0,0.0,2304.0,0.8623,1102.0,51188.0,31750.0,31750.0,0.6439,0.6866,0.2882,0.4581,18500,50876.0,0.572
179946,Westminster College,Fulton,MO,4,2,3,3,32.0,0.0,638.0,0.792,1118.0,51532.0,35214.0,35214.0,0.5549,0.7097,0.3828,0.9123,19463,52199.0,0.4122
179955,William Jewell College,Liberty,MO,4,2,3,4,21.0,0.0,924.0,0.3836,1095.0,35785.0,20610.0,20610.0,0.6766,0.738,0.3157,0.4804,19250,59268.0,0.4957
179964,William Woods University,Fulton,MO,4,2,3,4,32.0,0.0,1300.0,0.7096,,49094.0,30340.0,30340.0,0.4681,0.5797,0.3482,0.4941,14425,42401.0,0.6054
179991,Academy of Cosmetology Inc,Bozeman,MT,7,3,1,1,13.0,0.0,39.0,,,,,,,,0.2449,0.5918,6948,,1.0
180054,Blackfeet Community College,Browning,MT,7,2,2,3,43.0,0.0,286.0,,,11405.0,3610.0,3610.0,0.623,0.75,0.4929,0.0,PS,22953.0,0.6888
180081,Highlands College of Montana Tech,Butte,MT,7,1,1,2,33.0,0.0,342.0,,,18476.0,4130.0,10950.0,,,0.1345,0.2089,9847,54329.0,0.4123
180090,Crevier's Academy of Cosmetology Arts,Kalispell,MT,7,3,1,1,33.0,0.0,79.0,,,,,,,,0.4685,0.4775,8167,14047.0,0.9873
180106,Carroll College,Helena,MT,7,2,3,4,13.0,0.0,1092.0,0.7093,1200.0,55626.0,41484.0,41484.0,0.6929,0.8205,0.2024,0.4482,21000,61772.0,0.5861
180151,Dawson Community College,Glendive,MT,7,1,2,2,33.0,0.0,189.0,,,16105.0,5010.0,9810.0,,,0.2389,0.1773,5500,41951.0,0.5238
180160,Chief Dull Knife College,Lame Deer,MT,7,1,2,2,43.0,0.0,183.0,,,17734.0,1960.0,1960.0,,,0.3306,0.0,PS,20073.0,0.6557
180179,Montana State University Billings,Billings,MT,7,1,3,4,12.0,0.0,2626.0,,,20054.0,7280.0,22897.0,0.3004,0.5556,0.2544,0.2831,10086,44296.0,0.6455
180197,Flathead Valley Community College,Kalispell,MT,7,1,2,2,33.0,0.0,1202.0,,,14882.0,4912.0,11659.0,,,0.1858,0.0992,6719,38520.0,0.5874
180203,Aaniiih Nakoda College,Harlem,MT,7,1,2,3,43.0,0.0,106.0,,,14974.0,3080.0,3080.0,0.3421,,0.6466,0.0,PS,30528.0,0.5566
180212,Fort Peck Community College,Poplar,MT,7,1,2,2,43.0,0.0,282.0,,,10164.0,2250.0,2250.0,,,0.1985,0.0,PS,14747.0,0.6454
180249,Great Falls College Montana State University,Great Falls,MT,7,1,2,2,13.0,0.0,894.0,,,16664.0,4028.0,12911.0,,,0.3134,0.2982,7992,38034.0,0.7327
180258,University of Providence,Great Falls,MT,7,2,3,4,13.0,0.0,528.0,0.5028,980.0,43477.0,30448.0,30448.0,0.2794,0.7216,0.3292,0.4822,12500,48296.0,0.5966
180276,Helena College University of Montana,Helena,MT,7,1,2,2,13.0,0.0,585.0,,,15819.0,4146.0,11318.0,,,0.1832,0.1737,9500,40738.0,0.6188
180328,Little Big Horn College,Crow Agency,MT,7,1,2,2,43.0,0.0,253.0,,,11635.0,3200.0,3200.0,,,0.3666,0.0,PS,21152.0,0.6877
180373,Miles Community College,Miles City,MT,7,1,2,2,33.0,0.0,332.0,,,17452.0,5818.0,10626.0,,,0.206,0.2269,8025,42862.0,0.6928
180416,Montana Technological University,Butte,MT,7,1,3,4,33.0,0.0,1480.0,0.9105,1126.0,22786.0,8340.0,26150.0,0.5824,0.7674,0.2376,0.3923,9847,54329.0,0.3723
180461,Montana State University,Bozeman,MT,7,1,3,4,13.0,0.0,14451.0,0.8214,1183.0,25905.0,8460.0,33287.0,0.5708,0.7852,0.1639,0.3141,13748,53263.0,0.465
180489,The University of Montana,Missoula,MT,7,1,3,4,13.0,0.0,7488.0,0.9586,1190.0,23570.0,8552.0,33671.0,0.4796,0.7477,0.2803,0.4107,15000,44511.0,0.5737
180522,Montana State University-Northern,Havre,MT,7,1,3,4,33.0,0.0,761.0,,,16578.0,6982.0,21875.0,0.4111,0.6386,0.3309,0.2929,10560,49505.0,0.4021
180595,Rocky Mountain College,Billings,MT,7,2,3,4,12.0,0.0,840.0,0.6961,1083.0,46093.0,35582.0,35582.0,0.4841,0.6905,0.3111,0.5466,12000,49036.0,0.4536
180647,Salish Kootenai College,Pablo,MT,7,1,2,4,42.0,0.0,580.0,,,13047.0,4311.0,11583.0,0.2762,0.8235,0.5755,0.1604,8450,32725.0,0.681
180692,The University of Montana-Western,Dillon,MT,7,1,3,4,33.0,0.0,1198.0,0.9978,,21403.0,6670.0,20130.0,0.5125,0.7857,0.3521,0.3444,12000,43229.0,0.6377
180814,Bellevue University,Bellevue,NE,4,2,3,4,21.0,0.0,10220.0,,,23531.0,9903.0,9903.0,0.3295,0.5793,0.3004,0.2311,11000,61289.0,0.5324
180832,Clarkson College,Omaha,NE,4,2,3,4,11.0,0.0,622.0,0.7818,,24670.0,16104.0,16104.0,0.4667,0.6087,0.4013,0.8108,19500,64876.0,0.8376
180878,Bryan College of Health Sciences,Lincoln,NE,4,2,3,4,11.0,0.0,553.0,0.6737,,32845.0,20640.0,20640.0,0.7,0.7111,0.2787,0.6361,22250,70845.0,0.9295
180902,Central Community College,Grand Island,NE,4,1,1,2,13.0,0.0,3353.0,,,14128.0,3360.0,4800.0,,,0.1919,0.0874,5500,39429.0,0.5914
180948,Chadron State College,Chadron,NE,4,1,3,4,33.0,0.0,1540.0,,,21132.0,8290.0,8290.0,0.5041,0.6317,0.3759,0.4958,11343,47002.0,0.6526
180957,College of Hair Design-Downtown,Lincoln,NE,4,3,1,1,11.0,0.0,53.0,,,,,,,,0.6762,0.4857,8031,28376.0,0.2264
180984,Concordia University-Nebraska,Seward,NE,4,2,3,4,32.0,0.0,1283.0,0.8572,,53292.0,40640.0,40640.0,0.6489,0.7953,0.1138,0.2635,18750,52415.0,0.5105
181002,Creighton University,Omaha,NE,4,2,3,4,11.0,0.0,4348.0,0.7975,1321.0,63423.0,48856.0,48856.0,0.8336,0.9415,0.1152,0.4195,21500,73911.0,0.5793
181020,Doane University,Crete,NE,4,2,3,4,32.0,0.0,978.0,0.9801,,57836.0,43985.0,43985.0,0.5714,0.7925,0.2678,0.6625,19500,53316.0,0.4519
181127,Hastings College,Hastings,NE,4,2,3,4,32.0,0.0,891.0,0.7165,1320.0,51422.0,37770.0,37770.0,0.4885,0.6563,0.2737,0.6131,15595,51303.0,0.4871
181145,CHI Health School of Radiologic Technology,Omaha,NE,4,2,3,3,11.0,0.0,29.0,,,,,,,,0.12,0.48,PS,48110.0,0.931
181190,Joseph's College Cosmetology,Lincoln,NE,4,3,1,1,11.0,0.0,92.0,,,,,,,,0.6204,0.5401,10000,23032.0,0.913
181215,University of Nebraska at Kearney,Kearney,NE,4,1,3,4,32.0,0.0,4088.0,0.8949,1118.0,25808.0,8676.0,15284.0,0.5774,0.7996,0.3693,0.3539,13070,50105.0,0.6169
181297,Nebraska Methodist College of Nursing & Allied Health,Omaha,NE,4,2,3,4,11.0,0.0,781.0,0.7341,,32835.0,17885.0,17885.0,0.5952,0.8571,0.3085,0.6476,21784,65071.0,0.9014
181303,Metropolitan Community College Area,Omaha,NE,4,1,2,2,11.0,0.0,8775.0,,,11667.0,3375.0,4950.0,,,0.1859,0.0693,4061,38773.0,0.5292
181312,Mid-Plains Community College,North Platte,NE,4,1,2,2,41.0,0.0,937.0,,,13197.0,3600.0,4530.0,,,0.1796,0.1079,6291,40059.0,0.5848
181330,Midland University,Fremont,NE,4,2,3,4,32.0,0.0,1159.0,0.6612,1086.0,55719.0,42050.0,42050.0,0.4212,0.6926,0.2806,0.6167,15000,52163.0,0.4374
181394,University of Nebraska at Omaha,Omaha,NE,4,1,3,4,11.0,0.0,11488.0,0.8698,1120.0,21120.0,8718.0,23206.0,0.4708,0.7787,0.3465,0.2629,12750,53909.0,0.5554
181419,Nebraska Indian Community College,Macy,NE,4,1,2,2,42.0,0.0,327.0,,,32757.0,4080.0,4080.0,0.2222,,0.3221,0.0,PS,31458.0,0.7278
181428,University of Nebraska Medical Center,Omaha,NE,4,1,3,4,11.0,0.0,938.0,,,,,,,,0.2196,0.466,14000,76833.0,0.8795
181446,Nebraska Wesleyan University,Lincoln,NE,4,2,3,4,11.0,0.0,1453.0,0.7982,1189.0,53569.0,43572.0,43572.0,0.6612,0.75,0.3357,0.5434,17500,56405.0,0.543
181464,University of Nebraska-Lincoln,Lincoln,NE,4,1,3,4,11.0,0.0,19178.0,0.8749,1191.0,26697.0,10434.0,28584.0,0.6697,0.8599,0.2277,0.3255,14750,56887.0,0.4977
181491,Northeast Community College,Norfolk,NE,4,1,2,2,33.0,0.0,2387.0,,,14437.0,3840.0,5130.0,,,0.163,0.1264,7244,42634.0,0.5463
181534,Peru State College,Peru,NE,4,1,3,4,43.0,0.0,1092.0,,,22240.0,8640.0,8640.0,0.3761,0.6445,0.3685,0.4442,12000,47071.0,0.5449
181543,Summit Christian College,Gering,NE,4,2,2,2,33.0,0.0,21.0,0.4167,,,8278.0,8278.0,0.25,1.0,0.381,0.0,PS,,0.5714
181604,College of Saint Mary,Omaha,NE,4,2,3,4,11.0,0.0,445.0,0.4465,1150.0,35971.0,24510.0,24510.0,0.605,0.7978,0.388,0.4959,17500,54338.0,1.0
181640,Southeast Community College Area,Lincoln,NE,4,1,1,2,11.0,0.0,6773.0,,,13186.0,3690.0,4320.0,,,0.2205,0.1349,6672,43405.0,0.5123
181738,Union Adventist University,Lincoln,NE,4,2,3,4,11.0,0.0,471.0,1.0,,42099.0,29334.0,29334.0,0.5226,0.8354,0.3077,0.6084,18750,55045.0,0.5817
181765,Nebraska College of Technical Agriculture,Curtis,NE,4,1,2,2,43.0,0.0,196.0,,,19998.0,5926.0,5926.0,,,0.387,0.3487,14750,56887.0,0.6429
181783,Wayne State College,Wayne,NE,4,1,3,4,32.0,0.0,3010.0,,,22565.0,8216.0,8216.0,0.5215,0.7239,0.258,0.3238,12240,47075.0,0.5678
181817,Western Nebraska Community College,Scottsbluff,NE,4,1,2,2,33.0,0.0,893.0,,,13939.0,3840.0,4410.0,,,0.2719,0.0769,5500,38729.0,0.6114
181853,York University,York,NE,4,2,3,4,33.0,0.0,428.0,0.5188,1022.0,34268.0,23000.0,23000.0,0.5221,0.687,0.4018,0.6411,14250,44130.0,0.472
181880,Academy of Hair Design-Las Vegas,Las Vegas,NV,8,3,1,1,11.0,0.0,183.0,,,,,,,,0.6487,0.7365,6211,24391.0,0.9126
182005,College of Southern Nevada,Las Vegas,NV,8,1,2,3,11.0,0.0,27252.0,,,13665.0,4358.0,13024.0,0.1914,,0.2966,0.0998,4500,38087.0,0.5735
182148,Las Vegas College,Las Vegas,NV,8,3,2,3,21.0,0.0,536.0,,,34126.0,17495.0,17495.0,,,0.5119,0.6771,7951,31398.0,0.8601
182281,University of Nevada-Las Vegas,Las Vegas,NV,8,1,3,4,12.0,0.0,24622.0,0.9617,1094.0,19638.0,9748.0,27411.0,0.5051,0.7922,0.401,0.255,12500,55037.0,0.5588
182290,University of Nevada-Reno,Reno,NV,8,1,3,4,11.0,0.0,15599.0,0.7371,1132.0,25786.0,9578.0,27720.0,0.6124,0.7966,0.2289,0.2395,13000,60614.0,0.5407
182306,Great Basin College,Elko,NV,8,1,1,3,33.0,0.0,1900.0,,,12947.0,3923.0,13883.0,0.4086,0.5882,0.2282,0.0497,8973,39289.0,0.6632
182500,Truckee Meadows Community College,Reno,NV,8,1,1,3,11.0,0.0,7681.0,,,15247.0,3352.0,12018.0,0.3214,,0.1648,0.0261,6999,44573.0,0.5454
182564,Western Nevada College,Carson City,NV,8,1,2,3,13.0,0.0,1910.0,,,20248.0,4168.0,12834.0,0.41,,0.1754,0.0282,9000,41987.0,0.5953
182634,Colby-Sawyer College,New London,NH,1,2,3,4,43.0,0.0,771.0,0.8008,,38527.0,19125.0,19125.0,0.5745,0.7674,0.2278,0.6571,19500,46474.0,0.6926
182670,Dartmouth College,Hanover,NH,1,2,3,4,33.0,0.0,4541.0,0.054,1534.0,87793.0,68268.0,68268.0,0.9554,0.9842,0.1435,0.1203,15157,97434.0,0.4823
182704,Empire Beauty School-Laconia,Laconia,NH,1,3,1,1,32.0,0.0,92.0,,,,,,,,0.3534,0.5259,7461,33546.0,0.9565
182722,Empire Beauty School-Somersworth,Somersworth,NH,1,3,1,1,23.0,0.0,184.0,,,,,,,,0.2851,0.383,6333,,0.9293
182795,Franklin Pierce University,Rindge,NH,1,2,3,4,42.0,0.0,992.0,0.9347,1175.0,64185.0,46442.0,46442.0,0.5351,0.7434,0.293,0.7032,19500,53353.0,0.4748
182829,University of New Hampshire-Franklin Pierce School of Law,Concord,NH,1,1,4,4,31.0,0.0,,,,,,,,,,,22498,66479.0,
182892,Keene Beauty Academy,Keene,NH,1,3,1,1,32.0,0.0,50.0,,,,,,,,0.3723,0.5745,8371,,1.0
182980,New England College,Henniker,NH,1,2,3,4,42.0,0.0,1022.0,0.9213,,59350.0,41938.0,41938.0,0.3451,0.6128,0.36,0.715,15603,42092.0,0.5714
183026,Southern New Hampshire University,Manchester,NH,1,2,3,4,22.0,0.0,163164.0,0.9951,,40918.0,17200.0,17200.0,0.4283,0.6112,0.4875,0.5821,9169,50318.0,0.632
183044,University of New Hampshire-Main Campus,Durham,NH,1,1,3,4,31.0,0.0,11261.0,0.8816,1218.0,35537.0,19202.0,39852.0,0.7607,0.8727,0.1813,0.5663,22498,66479.0,0.5579
183062,Keene State College,Keene,NH,1,1,3,4,32.0,0.0,2699.0,0.9033,,29993.0,14784.0,26840.0,0.6006,0.7868,0.2616,0.6656,19500,54368.0,0.5128
183071,University of New Hampshire at Manchester,Manchester,NH,1,1,3,4,12.0,0.0,443.0,0.8087,1100.0,20020.0,15838.0,36418.0,0.5,0.8529,0.2882,0.4313,22498,66479.0,0.4334
183080,Plymouth State University,Plymouth,NH,1,1,3,4,33.0,0.0,3153.0,0.8754,,29644.0,14626.0,25566.0,0.5203,0.6845,0.2809,0.6912,17000,57304.0,0.4818
183099,NHTI-Concord's Community College,Concord,NH,1,1,2,2,31.0,0.0,2154.0,,,23726.0,7200.0,15450.0,,,0.2828,0.3509,9168,48943.0,0.6713
183105,White Mountains Community College,Berlin,NH,1,1,1,2,33.0,0.0,450.0,,,21739.0,7050.0,15300.0,,,0.4016,0.3169,8400,35037.0,0.66
183114,River Valley Community College,Claremont,NH,1,1,2,2,41.0,0.0,608.0,,,23244.0,6940.0,15190.0,,,0.3976,0.4169,10000,44700.0,0.8174
183123,Lakes Region Community College,Laconia,NH,1,1,2,2,32.0,0.0,482.0,,,21494.0,6720.0,14970.0,,,0.2691,0.2748,9500,51182.0,0.4876
183132,Manchester Community College,Manchester,NH,1,1,2,2,12.0,0.0,1587.0,,,20703.0,7090.0,15340.0,,,0.25,0.2599,9500,49063.0,0.5035
183141,Nashua Community College,Nashua,NH,1,1,2,2,13.0,0.0,1135.0,,,29014.0,7140.0,15390.0,,,0.2401,0.2036,7833,46164.0,0.5665
183150,Great Bay Community College,Portsmouth,NH,1,1,2,2,23.0,0.0,1259.0,,,21963.0,7200.0,15450.0,,,0.2576,0.2347,7466,42397.0,0.5957
183202,Paul Mitchell the School-Portsmouth,Portsmouth,NH,1,3,1,1,23.0,0.0,73.0,,,,,,,,0.27,0.55,9833,,0.9726
183211,Rivier University,Nashua,NH,1,2,3,4,13.0,0.0,1231.0,0.8259,1070.0,53499.0,39488.0,39488.0,0.5167,0.7571,0.2831,0.6974,21000,52248.0,0.7287
183239,Saint Anselm College,Manchester,NH,1,2,3,4,22.0,0.0,2087.0,0.7805,1201.0,67213.0,48920.0,48920.0,0.8003,0.8813,0.1135,0.6852,26987,73371.0,0.5942
183248,St Joseph School of Nursing,Nashua,NH,1,2,2,2,13.0,0.0,93.0,,,,23438.0,23438.0,,,0.1923,0.5288,14125,,0.7634
183257,University of New Hampshire College of Professional Studies Online,Manchester,NH,1,1,3,4,12.0,0.0,1157.0,,,15451.0,7724.0,9284.0,0.2955,0.625,0.3182,0.3309,22498,66479.0,0.7373
183275,Thomas More College of Liberal Arts,Merrimack,NH,1,2,3,3,22.0,0.0,97.0,,,42082.0,30400.0,30400.0,0.625,0.88,0.4455,0.8218,22475,53565.0,0.5361
183488,Eastwick College-Hackensack,Hackensack,NJ,2,3,2,3,21.0,0.0,1171.0,,,33359.0,18075.0,18075.0,0.4254,,0.7059,0.5526,10617,39762.0,0.8984
183600,Assumption College for Sisters,Denville,NJ,2,2,2,2,21.0,0.0,30.0,,,,6000.0,6000.0,,,0.0,0.0,,,1.0
183655,Atlantic Cape Community College,Mays Landing,NJ,2,1,2,2,41.0,0.0,3755.0,,,15597.0,6068.0,9068.0,,,0.5015,0.0761,7382,34241.0,0.6394
183725,Fortis Institute-Wayne,Wayne,NJ,2,3,1,1,21.0,0.0,502.0,,,,,,,,0.7298,0.7176,9100,36920.0,0.3924
183743,Bergen Community College,Paramus,NJ,2,1,2,2,21.0,0.0,10557.0,,,17184.0,4913.0,9294.0,,,0.3482,0.1853,8250,46624.0,0.5404
183789,Berkeley College-Woodland Park,Woodland Park,NJ,2,3,3,4,21.0,0.0,1778.0,,,44691.0,29800.0,29800.0,0.4371,0.5455,0.6184,0.6816,15414,40251.0,0.7683
183804,Beth Medrash Govoha,Lakewood,NJ,2,2,3,4,13.0,0.0,4027.0,,,,,,,,0.7449,0.0,5500,47544.0,0.0
183822,Bloomfield College of Montclair State University,Bloomfield,NJ,2,1,3,3,21.0,0.0,781.0,0.6974,,42035.0,15912.0,26022.0,0.3811,0.5944,0.7036,0.8858,17500,61415.0,0.5723
183859,Brookdale Community College,Lincroft,NJ,2,1,2,2,21.0,0.0,7901.0,,,18143.0,6270.0,10140.0,,,0.2408,0.0718,8341,44379.0,0.5311
183877,Rowan College at Burlington County,Mount Laurel,NJ,2,1,2,2,21.0,0.0,6267.0,,,12243.0,6990.0,9510.0,,,0.308,0.0825,7000,44745.0,0.6084
183910,Caldwell University,Caldwell,NJ,2,2,3,4,21.0,0.0,1575.0,0.7134,1260.0,54073.0,40848.0,40848.0,0.5749,0.7726,0.4862,0.6409,18500,53843.0,0.5771
183938,Camden County College,Blackwood,NJ,2,1,2,2,21.0,0.0,6636.0,,,12535.0,4320.0,4416.0,,,0.4388,0.0912,6750,41212.0,0.607
183974,Centenary University,Hackettstown,NJ,2,2,3,4,21.0,0.0,910.0,0.8308,,52362.0,37732.0,37732.0,0.5605,0.7784,0.3828,0.633,19321,53726.0,0.6
183983,Adult and Continuing Education-BCTS,Hackensack,NJ,2,1,1,1,21.0,0.0,106.0,,,,,,,,0.271,0.2968,3500,49739.0,0.0094
184056,Lincoln Technical Institute-Iselin,Iselin,NJ,2,3,1,1,21.0,0.0,638.0,,,,,,,,0.6651,0.822,9000,31914.0,0.7931
184092,American Institute-Clifton,CLIFTON,NJ,2,3,1,1,21.0,0.0,778.0,,,,,,,,0.8561,0.8971,9304,28710.0,0.7918
184180,County College of Morris,Randolph,NJ,2,1,2,2,21.0,0.0,5360.0,,,15033.0,6210.0,14310.0,,,0.2679,0.142,5750,50243.0,0.4951
184205,Rowan College of South Jersey-Cumberland Campus,Vineland,NJ,2,1,2,2,13.0,0.0,2074.0,,,16069.0,5160.0,6000.0,,,0.4341,0.1744,7664,41751.0,0.6678
184348,Drew University,Madison,NJ,2,2,3,4,21.0,0.0,1533.0,0.6783,1227.0,65301.0,47100.0,47100.0,0.7048,0.8837,0.2894,0.4458,21000,63646.0,0.5558
184427,Lincoln Technical Institute-South Plainfield,South Plainfield,NJ,2,3,1,1,21.0,0.0,335.0,,,,,,,,0.5274,0.7183,9524,46396.0,0.0627
184481,Essex County College,Newark,NJ,2,1,2,2,11.0,0.0,5855.0,,,12506.0,5415.0,9523.0,,,0.4686,0.0,PS,37230.0,0.6039
184506,Empire Beauty School-Union,Union,NJ,2,3,1,1,21.0,0.0,103.0,,,,,,,,0.7447,0.6011,7667,23925.0,0.9029
184603,Fairleigh Dickinson University-Metropolitan Campus,Teaneck,NJ,2,2,3,4,21.0,0.0,2627.0,0.9071,,50305.0,38004.0,38004.0,0.5332,0.7698,0.2195,0.2079,19500,57273.0,0.501
184612,Felician University,Lodi,NJ,2,2,3,4,21.0,0.0,1774.0,,,50316.0,39300.0,39300.0,0.4722,0.7571,0.5247,0.5504,19250,57602.0,0.7018
184694,Fairleigh Dickinson University-Florham Campus,Madison,NJ,2,2,3,4,21.0,0.0,1990.0,0.9519,,54204.0,38004.0,38004.0,0.6662,0.7821,0.3645,0.5463,19500,57273.0,0.5322
184746,Hohokus School of Trade and Technical Sciences,Paterson,NJ,2,3,1,1,21.0,0.0,146.0,,,,,,,,0.6471,0.6335,7600,43917.0,0.0479
184773,Georgian Court University,Lakewood,NJ,2,2,3,4,13.0,0.0,1195.0,0.7884,,50671.0,37260.0,37260.0,0.5357,0.7611,0.3315,0.4865,16984,53096.0,0.6904
184782,Rowan University,Glassboro,NJ,2,1,3,4,21.0,0.0,15841.0,0.7766,1212.0,35842.0,16574.0,26932.0,0.6736,0.8234,0.3306,0.4337,16750,59988.0,0.4953
184791,Rowan College of South Jersey-Gloucester Campus,Sewell,NJ,2,1,2,2,21.0,0.0,4234.0,,,16151.0,5160.0,6000.0,,,0.2994,0.5058,7664,41751.0,0.5928
184816,Empire Beauty School-Cherry Hill,Cherry Hill,NJ,2,3,1,1,21.0,0.0,139.0,,,,,,,,0.6837,0.586,6756,24397.0,0.8633
184959,Eastwick College-Ramsey,Ramsey,NJ,2,3,2,3,21.0,0.0,1203.0,,,32704.0,18057.0,18057.0,0.7547,,0.4543,0.6932,13771,51725.0,0.8761
184968,Holy Name Medical Center-Sister Claire Tynan School of Nursing,Englewood Cliffs,NJ,2,2,1,1,21.0,0.0,178.0,0.2,,,23914.0,23914.0,,,0.3069,0.6772,14750,87408.0,0.8764
184995,Hudson County Community College,Jersey City,NJ,2,1,2,2,11.0,0.0,6626.0,,,15469.0,5384.0,9248.0,,,0.5643,0.0293,6000,34333.0,0.6105
185129,New Jersey City University,Jersey City,NJ,2,1,3,4,11.0,0.0,3681.0,0.9838,,28255.0,14460.0,14460.0,0.3389,0.6482,0.5248,0.2834,14250,52745.0,0.552
185262,Kean University,Union,NJ,2,1,3,4,21.0,0.0,11433.0,0.759,1040.0,26949.0,14299.0,22446.0,0.4657,0.7607,0.4793,0.4113,17199,57237.0,0.6067
185396,Lincoln Technical Institute-Union,Union,NJ,2,3,1,1,21.0,0.0,1785.0,,,,,,,,0.5605,0.7287,9524,46396.0,0.037
185466,Rizzieri Aveda School for Beauty and Wellness,Voorhees,NJ,2,3,1,1,21.0,0.0,346.0,,,,,,,,0.3128,0.4443,5500,29601.0,0.9769
185509,Mercer County Community College,West Windsor,NJ,2,1,2,2,41.0,0.0,5404.0,,,12545.0,5310.0,9174.0,,,0.298,0.1315,7000,43264.0,0.5337
185536,Middlesex College,Edison,NJ,2,1,2,2,21.0,0.0,8469.0,,,10054.0,4764.0,7356.0,,,0.3249,0.0399,5500,46861.0,0.5459
185572,Monmouth University,West Long Branch,NJ,2,2,3,4,21.0,0.0,3684.0,0.8902,1223.0,62904.0,46552.0,46552.0,0.719,0.7986,0.3045,0.6072,23250,67991.0,0.6333
185590,Montclair State University,Montclair,NJ,2,1,3,4,21.0,0.0,18376.0,0.8789,1070.0,28305.0,15912.0,26022.0,0.6466,0.7789,0.4699,0.4051,17500,61415.0,0.5854
185679,JFK Muhlenberg Harold B. and Dorothy A. Snyder Schools,Plainfield,NJ,2,2,1,1,21.0,0.0,188.0,0.5857,,47124.0,24916.0,31336.0,,,0.4808,0.7465,21000,73894.0,0.6596
185721,Eastwick College-Nutley,Nutley,NJ,2,3,2,2,21.0,0.0,618.0,,,26454.0,15848.0,15848.0,,,0.6601,0.7193,9500,42827.0,0.835
185758,New Brunswick Theological Seminary,New Brunswick,NJ,2,2,4,4,13.0,0.0,,,,,,,,,,,PS,,
185767,Robert Fiance Beauty Schools-West New York,West New York,NJ,2,3,1,1,21.0,0.0,271.0,,,,,,,,0.4408,0.4571,6333,18123.0,0.8376
185828,New Jersey Institute of Technology,Newark,NJ,2,1,3,4,11.0,0.0,9019.0,0.6507,1337.0,32859.0,19974.0,37664.0,0.7276,0.8954,0.3956,0.3118,17500,84276.0,0.2835
185873,Ocean County College,Toms River,NJ,2,1,2,2,21.0,0.0,5424.0,,,18207.0,4906.0,6970.0,,,0.2703,0.0602,8500,45210.0,0.5819
185970,P B Cosmetology Education Center,Gloucester,NJ,2,3,1,1,21.0,0.0,120.0,,,,,,,,0.3944,0.5056,6333,26800.0,0.9583
186016,Parisian Beauty School,Hackensack,NJ,2,3,1,1,21.0,0.0,441.0,,,,,,,,0.6073,0.5965,6333,27767.0,0.932
186034,Passaic County Community College,Paterson,NJ,2,1,2,2,21.0,0.0,4260.0,,,13754.0,6300.0,10560.0,,,0.6105,0.1065,5500,36972.0,0.6192
186052,Pennco Tech-Blackwood,Blackwood,NJ,2,3,1,1,21.0,0.0,875.0,,,,,,,,0.7122,0.6315,5922,42013.0,0.1554
186122,Princeton Theological Seminary,Princeton,NJ,2,2,4,4,13.0,0.0,,,,,,,,,,,PS,,
186131,Princeton University,Princeton,NJ,2,2,3,4,13.0,0.0,5709.0,0.0462,1553.0,84040.0,62688.0,62688.0,0.9761,0.9835,0.1924,0.0197,10000,110066.0,0.5038
186186,Rabbinical College of America,Morristown,NJ,2,2,3,4,21.0,0.0,181.0,0.9515,,27300.0,10650.0,10650.0,0.2222,0.7547,0.4365,0.0,PS,34990.0,0.0
186201,Ramapo College of New Jersey,Mahwah,NJ,2,1,3,4,21.0,0.0,4898.0,0.7064,1211.0,29483.0,16777.0,27708.0,0.6981,0.8361,0.2823,0.376,15000,67541.0,0.5841
186274,Robert Fiance Beauty Schools,Boynton Beach,FL,5,3,1,1,21.0,0.0,310.0,,,,,,,,0.4192,0.4293,6333,27359.0,0.8742
186283,Rider University,Lawrenceville,NJ,2,2,3,4,21.0,0.0,3106.0,0.7864,1227.0,55967.0,41120.0,41120.0,0.6133,0.7836,0.3473,0.5829,20500,62208.0,0.5631
186371,Rutgers University-Camden,Camden,NJ,2,1,3,4,13.0,0.0,3753.0,0.6629,1178.0,35178.0,17764.0,37276.0,0.6667,0.8,0.4771,0.4702,19000,74479.0,0.5995
186380,Rutgers University-New Brunswick,New Brunswick,NJ,2,1,3,4,13.0,0.0,37751.0,0.5815,1410.0,36993.0,17929.0,37441.0,0.8363,0.9302,0.279,0.3479,19000,74479.0,0.5012
186399,Rutgers University-Newark,Newark,NJ,2,1,3,4,11.0,0.0,7709.0,0.7136,,35654.0,17250.0,36762.0,0.6375,0.8382,0.5881,0.3183,19000,74479.0,0.5267
186405,Capital Health School of Radiologic Technology,Trenton,NJ,2,2,1,1,13.0,0.0,16.0,,,,,,,,0.2667,0.4667,PS,,0.9375
186423,Capital Health School of Nursing,Trenton,NJ,2,2,1,1,13.0,0.0,66.0,,,,,,,,0.0,0.0,PS,,0.8939
186432,Saint Peter's University,Jersey City,NJ,2,2,3,4,11.0,0.0,2135.0,0.903,,50272.0,42552.0,42552.0,0.5826,0.7178,0.5198,0.2856,16091,57815.0,0.5892
186469,Salem Community College,Carneys Point,NJ,2,1,2,2,21.0,0.0,910.0,,,17857.0,6360.0,10260.0,,,0.3951,0.121,8250,38020.0,0.6989
186584,Seton Hall University,South Orange,NJ,2,2,3,4,21.0,0.0,6036.0,0.7326,1322.0,68263.0,53170.0,53170.0,0.6949,0.8145,0.3249,0.5043,17886,70196.0,0.5621
186593,Shore Beauty School,Egg Harbor Township,NJ,2,3,1,1,21.0,0.0,188.0,,,,,,,,0.6585,0.6829,6333,21377.0,0.8245
186618,Saint Elizabeth University,Morristown,NJ,2,2,3,4,21.0,0.0,557.0,0.7103,,53075.0,36741.0,36741.0,0.511,0.6471,0.5791,0.6567,13000,53038.0,0.5961
186645,Raritan Valley Community College,Branchburg,NJ,2,1,2,2,41.0,0.0,5416.0,,,13832.0,5664.0,7584.0,,,0.2625,0.0339,6000,48145.0,0.4891
186867,Stevens Institute of Technology,Hoboken,NJ,2,2,3,4,21.0,0.0,4222.0,0.4758,1446.0,79790.0,63462.0,63462.0,0.8688,0.9364,0.2043,0.5271,23250,108772.0,0.3382
186876,Stockton University,Galloway,NJ,2,1,3,4,41.0,0.0,7537.0,0.8894,1139.0,35139.0,16266.0,24524.0,0.6854,0.7859,0.4228,0.493,16380,57602.0,0.6025
186900,Talmudical Academy-New Jersey,Adelphia,NJ,2,2,2,3,21.0,0.0,72.0,0.4348,,25100.0,15800.0,15800.0,0.6,0.9,0.5128,0.0,PS,40344.0,0.0
187000,Aviation Institute of Maintenance-Teterboro,Hasbrouck Heights,NJ,2,3,1,1,21.0,0.0,695.0,,,29400.0,16757.0,16757.0,,,0.308,0.266,12827,73971.0,0.0791
187046,Thomas Edison State University,Trenton,NJ,2,1,3,4,13.0,0.0,6707.0,,,,6838.0,8856.0,,,0.2367,0.2418,7813,69331.0,0.3899
187134,The College of New Jersey,Ewing,NJ,2,1,3,4,21.0,0.0,7105.0,0.6229,1246.0,38860.0,19632.0,25752.0,0.8585,0.9132,0.2097,0.4756,21500,73323.0,0.5593
187198,UCNJ Union College of Union County New Jersey,Cranford,NJ,2,1,2,2,21.0,0.0,7939.0,,,13569.0,5280.0,9500.0,,,0.4339,0.0657,8500,41595.0,0.6231
187444,William Paterson University of New Jersey,Wayne,NJ,2,1,3,4,21.0,0.0,6614.0,0.9008,,28476.0,15704.0,25344.0,0.4396,0.7394,0.4653,0.4285,15750,57780.0,0.6126
187532,Central New Mexico Community College,Albuquerque,NM,6,1,1,2,11.0,0.0,15203.0,,,11600.0,2060.0,8684.0,,,0.2676,0.1624,4500,36869.0,0.6292
187596,Navajo Technical University,Crownpoint,NM,6,1,1,4,43.0,0.0,1124.0,,,13049.0,4346.0,4346.0,0.1188,0.3793,0.4944,0.0,PS,26364.0,0.6379
187620,New Mexico State University-Dona Ana,Las Cruces,NM,6,1,2,2,12.0,0.0,5177.0,,,14397.0,2322.0,6360.0,,,0.3535,0.0946,10250,39067.0,0.6156
187639,Clovis Community College,Clovis,NM,6,1,1,2,33.0,0.0,1309.0,,,10043.0,1592.0,3344.0,,,0.3007,0.0296,5750,34020.0,0.7471
187648,Eastern New Mexico University-Main Campus,Portales,NM,6,1,3,4,33.0,0.0,3357.0,0.9166,964.0,18940.0,7194.0,9174.0,0.4509,0.6203,0.3571,0.1891,11000,38550.0,0.6279
187666,Eastern New Mexico University-Roswell Campus,Roswell,NM,6,1,1,2,33.0,0.0,1300.0,,,11816.0,2256.0,5616.0,,,0.2434,0.0152,11000,38550.0,0.6854
187745,Institute of American Indian and Alaska Native Culture and Arts Development,Santa Fe,NM,6,1,3,4,41.0,0.0,334.0,0.9747,,24854.0,5920.0,5920.0,0.1463,0.7027,0.2252,0.0,PS,24505.0,0.6557
187897,New Mexico Highlands University,Las Vegas,NM,6,1,3,4,33.0,0.0,1451.0,,,20868.0,7416.0,12336.0,0.2618,0.4977,0.4509,0.176,9500,45937.0,0.621
187903,New Mexico Junior College,Hobbs,NM,6,1,2,2,33.0,0.0,2175.0,,,9258.0,1440.0,2280.0,,,0.2653,0.0184,5500,34233.0,0.6589
187912,New Mexico Military Institute,Roswell,NM,6,1,2,2,33.0,0.0,331.0,0.526,,19121.0,7190.0,14156.0,,,0.244,0.0436,4549,57410.0,0.1964
187958,University of New Mexico-Gallup Campus,Gallup,NM,6,1,2,2,33.0,0.0,808.0,,,11620.0,2906.0,5682.0,,,0.3587,0.1088,13698,44792.0,0.6411
187967,New Mexico Institute of Mining and Technology,Socorro,NM,6,1,3,4,33.0,0.0,995.0,0.4449,1207.0,24967.0,9476.0,27247.0,0.5705,0.7703,0.295,0.3122,11057,76489.0,0.2834
187976,University of New Mexico-Los Alamos Campus,Los Alamos,NM,6,1,2,2,32.0,0.0,218.0,,,17783.0,2214.0,5686.0,,,0.1549,0.1359,13698,44792.0,0.4817
187985,University of New Mexico-Main Campus,Albuquerque,NM,6,1,3,4,11.0,0.0,17244.0,0.9518,1038.0,21259.0,10140.0,33060.0,0.5469,0.7617,0.3873,0.4408,13698,44792.0,0.5731
187994,New Mexico State University-Alamogordo,Alamogordo,NM,6,1,2,2,41.0,0.0,591.0,,,15728.0,2616.0,6072.0,,,0.296,0.0404,10250,39067.0,0.6887
188003,Southeast New Mexico College,Carlsbad,NM,6,1,2,2,41.0,0.0,469.0,,,13604.0,1176.0,4008.0,,,0.1178,0.0171,,,0.7207
188021,New Mexico State University-Grants,Grants,NM,6,1,1,2,33.0,0.0,356.0,,,8514.0,2136.0,4272.0,,,0.2362,0.0132,10250,39067.0,0.7079
188030,New Mexico State University-Main Campus,Las Cruces,NM,6,1,3,4,22.0,0.0,11946.0,0.8897,1011.0,23274.0,8183.0,25307.0,0.5517,0.7338,0.3849,0.1993,10250,39067.0,0.5793
188049,University of New Mexico-Valencia County Campus,Los Lunas,NM,6,1,2,2,41.0,0.0,525.0,,,13469.0,1878.0,5130.0,,,0.2313,0.0463,13698,44792.0,0.6667
188058,Northern New Mexico College,Espanola,NM,6,1,2,3,32.0,0.0,926.0,,,19702.0,6400.0,14328.0,0.2866,0.5227,0.3181,0.0342,6500,38112.0,0.6911
188100,San Juan College,Farmington,NM,6,1,1,2,41.0,0.0,4304.0,,,15140.0,1928.0,5412.0,,,0.3209,0.0515,6253,36513.0,0.6849
188137,Santa Fe Community College,Santa Fe,NM,6,1,1,2,41.0,0.0,3369.0,,,18405.0,1851.0,4131.0,,,0.1702,0.0118,9604,38005.0,0.6278
188182,University of the Southwest,Hobbs,NM,6,2,3,4,33.0,0.0,346.0,,,28210.0,16670.0,16670.0,0.1698,0.5506,0.5519,0.6409,14000,45389.0,0.474
188207,Southwestern College,Santa Fe,NM,6,2,4,4,13.0,0.0,,,,,,,,,,,PS,,
188216,Southwestern Indian Polytechnic Institute,Albuquerque,NM,6,1,2,2,21.0,0.0,215.0,,,12125.0,1095.0,1095.0,,,0.4807,0.0,PS,27660.0,0.6093
188225,University of New Mexico-Taos Campus,Ranchos de Taos,NM,6,1,1,2,41.0,0.0,377.0,,,16228.0,2136.0,5136.0,,,0.2877,0.1292,13698,44792.0,0.6844
188261,Mesalands Community College,Tucumcari,NM,6,1,1,2,33.0,0.0,411.0,,,15975.0,2136.0,3408.0,,,0.1706,0.0216,5295,32272.0,0.2968
188289,Vogue College of Cosmetology-Santa Fe,Santa Fe,NM,6,3,1,1,13.0,0.0,55.0,,,,,,,,0.6552,0.4598,6333,,0.9273
188304,Western New Mexico University,Silver City,NM,6,1,3,4,33.0,0.0,2026.0,,,21562.0,7856.0,14342.0,0.3223,0.5805,0.4345,0.2151,12500,39095.0,0.6742
188340,Vaughn College of Aeronautics and Technology,Flushing,NY,2,2,2,4,11.0,0.0,1302.0,,,47346.0,29810.0,29810.0,0.3919,0.8393,0.4967,0.4651,14000,64973.0,0.1398
188429,Adelphi University,Garden City,NY,2,2,3,4,21.0,0.0,5276.0,0.6591,1219.0,63189.0,49110.0,49110.0,0.6715,0.8286,0.3103,0.5865,20500,75482.0,0.6668
188438,SUNY Adirondack,Queensbury,NY,2,1,2,2,23.0,0.0,1844.0,,,17087.0,6844.0,9616.0,,,0.3177,0.2317,8494,41267.0,0.5586
188517,Bryant & Stratton College-Albany,Albany,NY,2,2,2,3,21.0,0.0,240.0,,,23359.0,18374.0,18374.0,0.2857,1.0,0.6245,0.6957,9500,32568.0,0.575
188526,Albany College of Pharmacy and Health Sciences,Albany,NY,2,2,3,4,12.0,0.0,481.0,0.5269,1252.0,54899.0,41475.0,41475.0,0.6754,0.8582,0.2888,0.8336,25000,131426.0,0.6424
188535,Albany Law School,Albany,NY,2,2,4,4,12.0,0.0,,,,,,,,,,,PS,,
188580,Albany Medical College,Albany,NY,2,2,4,4,12.0,0.0,,,,,,,,,,,PS,,
188641,Alfred University,Alfred,NY,2,2,3,4,42.0,0.0,1423.0,0.7384,1279.0,57445.0,41500.0,41500.0,0.5698,0.7752,0.3854,0.6414,17751,54897.0,0.5228
188650,Allen School-Brooklyn,Brooklyn,NY,2,3,1,1,11.0,0.0,192.0,,,,,,,,0.9081,0.8905,9500,34186.0,0.9167
188669,The Ailey School,New York,NY,2,2,1,1,11.0,0.0,94.0,0.3248,,41968.0,14817.0,14817.0,,,0.2386,0.3636,13399,22782.0,0.8191
188678,American Academy of Dramatic Arts-New York,New York,NY,2,2,2,2,11.0,0.0,187.0,0.9196,,62554.0,40650.0,40650.0,,,0.2889,0.5111,12000,27019.0,0.7166
188687,American Academy McAllister Institute of Funeral Service,New York,NY,2,2,2,2,11.0,0.0,270.0,,,26418.0,20018.0,20018.0,,,0.3369,0.5355,11000,54695.0,0.6296
188854,American Musical and Dramatic Academy,New York,NY,2,2,1,4,11.0,0.0,1438.0,0.2448,,65647.0,46928.0,46928.0,0.7164,0.8333,0.3276,0.5885,12000,26975.0,0.7197
188890,Apex Technical School,Long Island City,NY,2,2,1,1,11.0,0.0,1400.0,,,,,,,,0.5907,0.53,9500,41093.0,0.0271
188915,Arnot Ogden Medical Center,Elmira,NY,2,2,2,2,13.0,0.0,52.0,0.6667,,,,,,,0.6207,0.8621,10750,70775.0,0.8462
188942,Associated Beth Rivkah Schools,Brooklyn,NY,2,2,1,2,11.0,0.0,254.0,0.8411,,32924.0,11200.0,11200.0,0.7746,0.8523,0.6367,0.0,PS,17686.0,1.0
189015,Bank Street College of Education,New York,NY,2,2,4,4,11.0,0.0,,,,,,,,,,,PS,,
189088,Bard College,Annandale-On-Hudson,NY,2,2,3,4,41.0,0.0,2414.0,0.5212,1380.0,84553.0,66436.0,66436.0,0.6756,0.8458,0.1667,0.3168,19000,46543.0,0.5704
189097,Barnard College,New York,NY,2,2,3,3,11.0,0.0,3264.0,0.0884,1520.0,89538.0,69888.0,69888.0,0.9302,0.9657,0.1586,0.2569,15750,80516.0,1.0
189219,Berk Trade and Business School,Long Island City,NY,2,3,1,1,11.0,0.0,152.0,,,,,,,,0.367,0.2477,6200,49748.0,0.0329
189228,Berkeley College-New York,New York,NY,2,3,3,4,11.0,0.0,1449.0,,,45041.0,29800.0,29800.0,0.4401,0.5517,0.5228,0.5695,19000,45884.0,0.7067
189255,Berkowits School of Electrolysis,Forest Hills,NY,2,3,1,1,11.0,0.0,102.0,,,,,,,,0.1277,0.1135,6333,,0.9902
189273,Beth Hamedrash Shaarei Yosher Institute,Brooklyn,NY,2,2,2,3,11.0,0.0,91.0,0.8974,,24208.0,12000.0,12000.0,0.125,0.9259,0.7349,0.0,PS,,0.0
189282,Mount Sinai Phillips School of Nursing,New York,NY,2,2,3,3,11.0,0.0,311.0,,,,,,1.0,,0.0073,0.989,18750,96980.0,0.8746
189404,Brittany Beauty Academy,Brooklyn,NY,2,3,1,1,11.0,0.0,89.0,,,,,,,,0.5706,0.4294,6333,17992.0,0.9551
189413,Boricua College,New York,NY,2,2,3,4,11.0,0.0,391.0,,,24213.0,13025.0,13025.0,0.806,0.8649,0.8603,0.1372,6347,35348.0,0.8159
189468,Brittany Beauty Academy,Levittown,NY,2,3,1,1,21.0,0.0,141.0,,,,,,,,0.5714,0.6696,6333,18753.0,0.9645
189477,American Beauty School,Bronx,NY,2,3,1,1,11.0,0.0,113.0,,,,,,,,0.4865,0.3874,3169,21111.0,0.9646
189501,Brooklyn Law School,Brooklyn,NY,2,2,4,4,11.0,0.0,,,,,,,,,,,PS,,
189547,SUNY Broome Community College,Binghamton,NY,2,1,2,2,22.0,0.0,3055.0,,,16640.0,8624.0,14288.0,,,0.3126,0.281,7727,39710.0,0.6295
189565,Bryant & Stratton College-Syracuse North,Liverpool,NY,2,2,3,3,21.0,0.0,458.0,,,25249.0,18768.0,18768.0,0.3163,0.3333,0.6204,0.7182,9500,32568.0,0.7402
189583,Bryant & Stratton College-Buffalo,Buffalo,NY,2,2,2,3,11.0,0.0,743.0,,,24969.0,18910.0,18910.0,0.2121,,0.6923,0.6857,9500,32568.0,0.751
189592,Bryant & Stratton College-Greece,Rochester,NY,2,2,2,3,21.0,0.0,363.0,,,24114.0,20073.0,20073.0,0.1,,0.5971,0.7086,9500,32568.0,0.7163
189705,Canisius University,Buffalo,NY,2,2,3,4,11.0,0.0,1685.0,0.7236,,44322.0,34500.0,34500.0,0.6639,0.7262,0.322,0.5328,19000,60681.0,0.5098
189714,Capri Cosmetology Learning Centers,Nanuet,NY,2,3,1,1,21.0,0.0,285.0,,,,,,,,0.4688,0.3768,5826,30190.0,0.9825
189811,St Paul's School of Nursing-Queens,Rego Park,NY,2,3,2,2,11.0,0.0,1056.0,,,34498.0,17433.0,17433.0,,,0.5115,0.7667,20000,104403.0,0.8343
189839,Cayuga County Community College,Auburn,NY,2,1,2,2,32.0,0.0,1187.0,,,16709.0,7056.0,12336.0,,,0.1634,0.1176,6462,38709.0,0.5906
189857,Central Yeshiva Tomchei Tmimim Lubavitz,Brooklyn,NY,2,2,3,4,11.0,0.0,863.0,0.8743,,29697.0,8400.0,8400.0,0.0513,0.7871,0.6395,0.0,PS,35023.0,0.0
189990,Christine Valmy International School for Esthetics Skin Care & Makeup,New York,NY,2,3,1,1,11.0,0.0,641.0,,,,,,,,0.3066,0.2765,5477,,0.9922
190008,Circle in the Square Theatre School,New York,NY,2,2,1,1,11.0,0.0,39.0,0.08,,41990.0,25610.0,25610.0,,,0.1,0.48,20000,39899.0,0.6154
190044,Clarkson University,Potsdam,NY,2,2,3,4,33.0,0.0,2196.0,0.7736,1304.0,79022.0,59398.0,59398.0,0.7491,0.8478,0.2157,0.6188,21714,89696.0,0.3051
190053,Clinton Community College,Plattsburgh,NY,2,1,2,2,32.0,0.0,400.0,,,16318.0,6831.0,6831.0,,,0.2322,0.1334,8125,39246.0,0.55
190071,Cochran School of Nursing,Yonkers,NY,2,2,2,2,21.0,0.0,117.0,,,,,,,,0.4474,0.7719,17796,99503.0,0.8889
190080,Colgate Rochester Crozer Divinity School,Rochester,NY,2,2,4,4,12.0,0.0,,,,,,,,,,,PS,,
190099,Colgate University,Hamilton,NY,2,2,3,4,42.0,0.0,3180.0,0.1388,1508.0,87070.0,70306.0,70306.0,0.9117,0.9343,0.1252,0.1226,13000,85139.0,0.5679
190114,Metropolitan College of New York,New York,NY,2,2,3,4,11.0,0.0,402.0,0.9,,34203.0,20188.0,20188.0,0.4,0.2,0.6512,0.7093,20000,46236.0,0.6915
190150,Columbia University in the City of New York,New York,NY,2,2,3,4,11.0,0.0,8973.0,0.0399,1553.0,89472.0,71845.0,71845.0,0.961,0.98,0.2271,0.1371,18750,102491.0,0.498
190169,Columbia-Greene Community College,Hudson,NY,2,1,2,2,41.0,0.0,876.0,,,14261.0,6048.0,11448.0,,,0.2642,0.0772,9000,44441.0,0.5639
190239,Empire Beauty School-Queens,Astoria,NY,2,3,1,1,11.0,0.0,172.0,,,,,,,,0.6728,0.6176,6756,24397.0,0.9477
190318,Continental School of Beauty Culture-Rochester,Rochester,NY,2,3,1,1,21.0,0.0,194.0,,,,,,,,0.6693,0.6194,6333,23906.0,0.9639
190372,The Cooper Union for the Advancement of Science and Art,New York,NY,2,2,3,4,11.0,0.0,842.0,0.2071,1410.0,64190.0,46820.0,46820.0,0.8111,0.9194,0.2786,0.2098,12375,83847.0,0.5273
190415,Cornell University,Ithaca,NY,2,2,3,4,13.0,0.0,15995.0,0.0876,1535.0,88140.0,69314.0,69314.0,0.9538,0.9838,0.1841,0.1781,13000,104043.0,0.5456
190424,Weill Medical College of Cornell University,New York,NY,2,2,4,4,11.0,0.0,,,,,,,,,,,13000,104043.0,
190442,SUNY Corning Community College,Corning,NY,2,1,2,2,41.0,0.0,1138.0,,,14197.0,6534.0,10326.0,,,0.1798,0.1518,8750,38817.0,0.594
190451,Pomeroy College of Nursing at Crouse Hospital,East Syracuse,NY,2,2,2,2,21.0,0.0,173.0,0.7778,,,21213.0,21213.0,,,0.3352,0.5754,12000,83972.0,0.8671
190503,Culinary Institute of America,Hyde Park,NY,2,2,2,4,21.0,0.0,3011.0,0.9115,1060.0,58790.0,39850.0,39850.0,0.6292,0.6997,0.2894,0.5323,12000,47475.0,0.5028
190512,CUNY Bernard M Baruch College,New York,NY,2,1,3,4,11.0,0.0,16154.0,0.4752,1280.0,14170.0,7464.0,15414.0,0.7212,0.886,0.5688,0.1113,10000,75971.0,0.4986
190521,CUNY Borough of Manhattan Community College,New York,NY,2,1,2,2,11.0,0.0,18623.0,,,12866.0,5170.0,8050.0,,,0.567,0.0416,5550,42306.0,0.5672
190530,CUNY Bronx Community College,Bronx,NY,2,1,2,2,11.0,0.0,5964.0,,,12677.0,5206.0,8086.0,,,0.5961,0.051,6430,41307.0,0.5647
190549,CUNY Brooklyn College,Brooklyn,NY,2,1,3,4,11.0,0.0,10543.0,0.5836,1140.0,14151.0,7452.0,15402.0,0.5386,0.8012,0.5702,0.0671,9218,60752.0,0.5442
190558,College of Staten Island CUNY,Staten Island,NY,2,1,3,4,11.0,0.0,9657.0,0.9234,1040.0,14795.0,7490.0,15440.0,0.3393,0.757,0.4959,0.1044,8846,53501.0,0.5134
190567,CUNY City College,New York,NY,2,1,3,4,11.0,0.0,12505.0,0.6002,1260.0,14403.0,7340.0,15290.0,0.5682,0.7926,0.6054,0.1112,9775,66039.0,0.5126
190576,CUNY Graduate School and University Center,New York,NY,2,1,3,4,11.0,0.0,3254.0,0.6849,,,7235.0,15185.0,,,0.3846,0.1424,9800,65991.0,0.7253
190585,CUNY Hostos Community College,Bronx,NY,2,1,2,2,11.0,0.0,4900.0,,,13069.0,5254.0,8134.0,,,0.6303,0.0603,6000,40485.0,0.6796
190594,CUNY Hunter College,New York,NY,2,1,3,4,11.0,0.0,16289.0,0.538,1280.0,13905.0,7382.0,15332.0,0.5686,0.7765,0.5589,0.0673,8812,63163.0,0.659
190600,CUNY John Jay College of Criminal Justice,New York,NY,2,1,3,4,11.0,0.0,11590.0,0.5711,1080.0,14212.0,7470.0,15420.0,0.5583,0.816,0.5979,0.0813,9250,56195.0,0.636
190619,CUNY Kingsborough Community College,Brooklyn,NY,2,1,2,2,11.0,0.0,7670.0,,,13580.0,5252.0,8132.0,,,0.2457,0.0254,5500,42621.0,0.5671
190628,CUNY LaGuardia Community College,Long Island City,NY,2,1,2,2,11.0,0.0,11254.0,,,13648.0,5218.0,8098.0,,,0.3785,0.0247,5217,41653.0,0.5898
190637,CUNY Lehman College,Bronx,NY,2,1,3,4,11.0,0.0,10696.0,0.5658,970.0,14121.0,7410.0,15360.0,0.5128,0.7307,0.5994,0.1165,8500,58013.0,0.65
190646,CUNY Medgar Evers College,Brooklyn,NY,2,1,3,3,11.0,0.0,3233.0,0.8605,920.0,14771.0,7352.0,15302.0,0.1977,0.4974,0.5632,0.1045,7400,46498.0,0.7312
190655,CUNY New York City College of Technology,Brooklyn,NY,2,1,3,3,11.0,0.0,13580.0,0.8029,1010.0,14110.0,7332.0,15282.0,0.2147,0.6487,0.5507,0.0522,7000,49365.0,0.4694
190664,CUNY Queens College,Queens,NY,2,1,3,4,11.0,0.0,12550.0,0.6435,1120.0,14367.0,7538.0,15488.0,0.5325,0.7868,0.4717,0.0835,8580,62763.0,0.5094
190673,CUNY Queensborough Community College,Bayside,NY,2,1,2,2,11.0,0.0,8940.0,,,12392.0,5210.0,8090.0,,,0.4438,0.0382,5500,44214.0,0.5264
190682,CUNY School of Law,Long Island City,NY,2,1,4,4,11.0,0.0,,,,,,,,,,,PS,,
190691,CUNY York College,Jamaica,NY,2,1,3,4,11.0,0.0,4345.0,0.641,880.0,14330.0,7358.0,15308.0,0.3225,0.5744,0.4008,0.0623,7500,56945.0,0.647
190707,CVPH Medical Center School of Radiologic Technology,Plattsburgh,NY,2,2,1,1,32.0,0.0,20.0,0.8571,,,,,,,0.3684,0.4211,PS,,0.8
190716,D'Youville  University,Buffalo,NY,2,2,3,4,11.0,0.0,1258.0,0.8137,1130.0,48539.0,34940.0,34940.0,0.6749,0.7344,0.3918,0.652,19750,66942.0,0.7289
190725,Daemen University,Amherst,NY,2,2,3,4,21.0,0.0,1643.0,0.6826,,45192.0,35218.0,35218.0,0.5888,0.7567,0.4618,0.6323,15041,61808.0,0.7365
190752,Yeshiva of Far Rockaway Derech Ayson Rabbinical Seminary,Far Rockaway,NY,2,2,3,3,11.0,0.0,60.0,0.92,,21150.0,10800.0,10800.0,0.2,1.0,0.193,0.0,PS,,0.0
190761,Dominican University New York,Orangeburg,NY,2,2,3,4,21.0,0.0,1105.0,0.633,,47802.0,34220.0,34220.0,0.5251,0.6644,0.4839,0.7658,18250,61171.0,0.629
190840,Dutchess Community College,Poughkeepsie,NY,2,1,2,2,21.0,0.0,3824.0,,,17159.0,5670.0,10670.0,,,0.2201,0.1314,5500,43929.0,0.5411
190956,Belanger School of Nursing,Schenectady,NY,2,2,2,2,13.0,0.0,162.0,0.0,,18492.0,12444.0,12444.0,,,0.2519,0.2137,11750,79677.0,0.8704
190983,Elmira College,Elmira,NY,2,2,3,4,13.0,0.0,708.0,0.7696,1314.0,52449.0,38976.0,38976.0,0.6471,0.6975,0.3791,0.7173,20230,57550.0,0.6638
191083,Erie Community College,Buffalo,NY,2,1,2,2,11.0,0.0,6099.0,,,14348.0,6100.0,11300.0,,,0.3803,0.2317,5500,41228.0,0.5283
191126,Fashion Institute of Technology,New York,NY,2,1,2,4,11.0,0.0,7637.0,0.6024,,26838.0,6294.0,16874.0,0.8068,0.907,0.3202,0.2977,12000,62696.0,0.8183
191199,Finger Lakes Community College,Canandaigua,NY,2,1,2,2,41.0,0.0,2980.0,,,19900.0,6234.0,8418.0,,,0.273,0.2558,8250,40054.0,0.5644
191205,Five Towns College,Dix Hills,NY,2,3,3,4,21.0,0.0,547.0,0.5382,,42458.0,30250.0,30250.0,0.5532,0.6966,0.3444,0.4215,12750,35887.0,0.3291
191241,Fordham University,Bronx,NY,2,2,3,4,11.0,0.0,10512.0,0.5931,1418.0,82762.0,64915.0,64915.0,0.8191,0.8852,0.2142,0.4741,20500,85569.0,0.61
191302,Fulton-Montgomery Community College,Johnstown,NY,2,1,2,2,41.0,0.0,1001.0,,,14226.0,6198.0,6798.0,,,0.2737,0.1692,8500,39535.0,0.6224
191311,Gemological Institute of America-New York,New York,NY,2,2,1,1,11.0,0.0,160.0,,,,,,,,0.0351,0.0596,8233,42588.0,0.6
191339,Genesee Community College,Batavia,NY,2,1,2,2,32.0,0.0,1973.0,,,15959.0,5900.0,6500.0,,,0.2232,0.2057,6549,39674.0,0.6513
191515,Hamilton College,Clinton,NY,2,2,3,3,22.0,0.0,2030.0,0.1362,1506.0,84230.0,68960.0,68960.0,0.9063,0.9481,0.1772,0.2925,15015,78411.0,0.5557
191533,Hartwick College,Oneonta,NY,2,2,3,3,33.0,0.0,1087.0,0.696,1200.0,68614.0,54962.0,54962.0,0.5332,0.7444,0.3561,0.8076,17500,61107.0,0.6164
191597,Helene Fuld College of Nursing,New York,NY,2,2,2,3,11.0,0.0,914.0,0.1695,,51340.0,25852.0,25852.0,,0.6667,0.4363,0.8213,14292,111027.0,0.8665
191612,Herkimer County Community College,Herkimer,NY,2,1,2,2,31.0,0.0,1168.0,,,20149.0,5776.0,5776.0,,,0.3924,0.2786,6500,39199.0,0.482
191621,Hilbert College,Hamburg,NY,2,2,3,4,21.0,0.0,921.0,0.972,,42114.0,33740.0,33740.0,0.5631,0.638,0.4824,0.7316,15000,48309.0,0.5831
191630,Hobart William Smith Colleges,Geneva,NY,2,2,3,4,32.0,0.0,1786.0,0.6399,1319.0,82602.0,65117.0,65117.0,0.7725,0.8636,0.2509,0.7367,24250,68831.0,0.5353
191649,Hofstra University,Hempstead,NY,2,2,3,4,21.0,0.0,6488.0,0.6808,1319.0,70624.0,57660.0,57660.0,0.6854,0.8362,0.2527,0.4434,18518,69039.0,0.5746
191676,Houghton University,Houghton,NY,2,2,3,4,43.0,0.0,753.0,0.8866,1284.0,31143.0,18430.0,18430.0,0.6522,0.8398,0.285,0.4777,20313,46721.0,0.5976
191719,Hudson Valley Community College,Troy,NY,2,1,2,2,13.0,0.0,6499.0,,,15757.0,6796.0,11852.0,,,0.305,0.2073,5713,45460.0,0.5058
191728,Hunter Business School,Levittown,NY,2,3,1,1,21.0,0.0,1261.0,,,,,,,,0.6494,0.6935,6333,36312.0,0.8335
191931,Iona University,New Rochelle,NY,2,2,3,4,21.0,0.0,2951.0,0.8694,1217.0,60247.0,47260.0,47260.0,0.56,0.7693,0.2827,0.4375,19500,73595.0,0.5456
191940,Isabella Graham Hart School of Practical Nursing,Rochester,NY,2,2,1,1,21.0,0.0,85.0,,,,,,,,0.6099,0.5495,PS,48143.0,0.9294
191968,Ithaca College,Ithaca,NY,2,2,3,4,23.0,0.0,4242.0,0.6901,1312.0,68699.0,53540.0,53540.0,0.7623,0.8467,0.1905,0.6451,19500,63548.0,0.5427
191986,Jamestown Community College,Jamestown,NY,2,1,2,2,32.0,0.0,1739.0,,,18243.0,6840.0,6840.0,,,0.2455,0.1379,6037,38242.0,0.5733
192022,Jefferson Community College,Watertown,NY,2,1,2,2,13.0,0.0,1499.0,,,19286.0,6264.0,11700.0,,,0.3375,0.2229,7685,39991.0,0.5871
192040,Jewish Theological Seminary of America,New York,NY,2,2,3,4,11.0,0.0,172.0,0.4861,1500.0,85945.0,67357.0,67357.0,0.9032,0.9574,0.0407,0.1163,14976,92751.0,0.5581
192110,The Juilliard School,New York,NY,2,2,3,4,11.0,0.0,468.0,0.0915,,83892.0,57950.0,57950.0,0.9256,0.9789,0.1389,0.2116,25000,37827.0,0.4551
192165,Kehilath Yakov Rabbinical Seminary,Ossining,NY,2,2,3,3,41.0,0.0,205.0,,,17850.0,13200.0,13200.0,0.6341,1.0,0.8204,0.0,PS,36442.0,0.0
192192,Keuka College,Keuka Park,NY,2,2,3,4,32.0,0.0,966.0,0.6808,,54760.0,39332.0,39332.0,0.5836,0.7336,0.4989,0.7516,21418,58289.0,0.7557
192271,LIM College,New York,NY,2,3,3,4,11.0,0.0,1187.0,0.959,1035.0,53064.0,33504.0,33504.0,0.5087,0.7333,0.3771,0.6194,17500,58956.0,0.8863
192323,Le Moyne College,Syracuse,NY,2,2,3,4,21.0,0.0,2439.0,0.8298,1255.0,53183.0,40330.0,40330.0,0.7313,0.8355,0.3098,0.6372,18435,62731.0,0.5937
192448,Long Island University,Brookville,NY,2,2,3,4,21.0,0.0,5520.0,0.8616,1224.0,55424.0,42432.0,42432.0,0.5707,0.7719,0.1714,0.2889,19500,59950.0,0.6569
192484,Long Island Beauty School-Hempstead,Hempstead,NY,2,3,1,1,21.0,0.0,101.0,,,,,,,,0.1582,0.1633,6333,17378.0,0.9604
192624,Machzikei Hadath Rabbinical College,Brooklyn,NY,2,2,3,3,11.0,0.0,131.0,1.0,,30053.0,13500.0,13500.0,0.3333,0.76,0.9134,0.0,PS,41527.0,0.0
192688,Mandl School-The College of Allied Health,New York,NY,2,3,2,2,11.0,0.0,497.0,,,43113.0,21700.0,21700.0,,,0.8559,0.9419,12000,39108.0,0.8209
192703,Manhattan University,Riverdale,NY,2,2,3,4,11.0,0.0,2744.0,0.7894,1270.0,64348.0,53400.0,53400.0,0.6371,0.7598,0.36,0.1551,21500,86316.0,0.402
192712,Manhattan School of Music,New York,NY,2,2,3,4,11.0,0.0,539.0,0.4078,,77703.0,57050.0,57050.0,0.7832,0.9296,0.1197,0.3315,25125,26878.0,0.5028
192749,Manhattanville University,Purchase,NY,2,2,3,4,21.0,0.0,1362.0,0.8734,,53499.0,44604.0,44604.0,0.5842,0.7387,0.3514,0.7856,20090,58832.0,0.6043
192785,Maria College of Albany,Albany,NY,2,2,2,4,12.0,0.0,656.0,0.4448,,21798.0,18740.0,18740.0,0.3,0.3333,0.5576,0.845,14708,55458.0,0.907
192800,Marion S Whelan School of Nursing of Geneva General Hospital,Geneva,NY,2,2,1,1,32.0,0.0,14.0,1.0,,14370.0,12085.0,12085.0,,,0.7,1.0,14751,70771.0,0.8571
192819,Marist University,Poughkeepsie,NY,2,2,3,4,21.0,0.0,5182.0,0.5651,1295.0,67574.0,47750.0,47750.0,0.796,0.8609,0.1445,0.4624,21500,77819.0,0.5805
192864,Marymount Manhattan College,New York,NY,2,2,3,3,11.0,0.0,1577.0,0.8261,1214.0,65767.0,41870.0,41870.0,0.4904,0.7018,0.284,0.7112,19250,49131.0,0.8263
192961,St. Peter's Hospital College of Nursing,Albany,NY,2,2,2,2,12.0,0.0,123.0,1.0,,,15358.0,15358.0,,,0.248,0.52,13322,62588.0,0.8862
193016,Mercy University,Dobbs Ferry,NY,2,2,3,4,21.0,0.0,5735.0,0.8584,,32596.0,22880.0,22880.0,0.4571,0.7572,0.5005,0.4554,15000,52055.0,0.682
193052,Mesivta Torah Vodaath Rabbinical Seminary,Brooklyn,NY,2,2,3,4,11.0,0.0,399.0,0.8,,21810.0,15200.0,15200.0,0.5,0.7667,0.5875,0.0,PS,,0.0
193061,Mesivta of Eastern Parkway-Yeshiva Zichron Meilech,Brooklyn,NY,2,2,2,3,11.0,0.0,39.0,0.5556,,21300.0,10100.0,10100.0,0.6667,1.0,0.5854,0.0,PS,,0.0
193070,Mesivtha Tifereth Jerusalem of America,New York,NY,2,2,3,4,11.0,0.0,51.0,0.6,,18560.0,13250.0,13250.0,0.0667,0.8571,0.4,0.0,PS,,0.0
193201,Mildred Elley School-Albany Campus,Albany,NY,2,3,1,2,12.0,0.0,369.0,,,31734.0,15865.0,15865.0,,,0.6208,0.6909,12000,38830.0,0.8835
193247,Mirrer Yeshiva Cent Institute,Brooklyn,NY,2,2,2,4,11.0,0.0,120.0,0.8929,,20614.0,13600.0,13600.0,0.7273,0.963,0.3585,0.0,PS,41192.0,0.0
193265,Modern Welding School,Schenectady,NY,2,3,1,1,13.0,0.0,58.0,,,,,,,,0.4186,0.5698,5500,48703.0,0.1379
193283,Mohawk Valley Community College,Utica,NY,2,1,2,2,13.0,0.0,2950.0,,,16656.0,6218.0,8851.0,,,0.3108,0.1666,7467,39850.0,0.559
193292,Molloy University,Rockville Centre,NY,2,2,3,4,21.0,0.0,3162.0,0.8174,1187.0,50720.0,39790.0,39790.0,0.6993,0.8517,0.3366,0.6465,24250,77789.0,0.7318
193308,Monroe University,Bronx,NY,2,3,2,4,11.0,0.0,5701.0,0.6751,,28285.0,18464.0,18464.0,0.5655,0.6651,0.5508,0.4431,12672,41236.0,0.6771
193326,Monroe Community College,Rochester,NY,2,1,2,2,21.0,0.0,7623.0,,,14606.0,6006.0,11056.0,,,0.5042,0.3006,6500,40174.0,0.5908
193353,Mount Saint Mary College,Newburgh,NY,2,2,3,4,13.0,0.0,1148.0,0.8888,1150.0,55014.0,43450.0,43450.0,0.6546,0.7363,0.2225,0.447,22250,67705.0,0.6821
193380,Montefiore School of Nursing,Mount Vernon,NY,2,2,2,2,21.0,0.0,121.0,,,,,,,,0.2832,0.7788,20000,,0.8678
193399,University of Mount Saint Vincent,Bronx,NY,2,2,3,4,11.0,0.0,2692.0,0.8511,1090.0,54170.0,44540.0,44540.0,0.5683,0.7305,0.4621,0.5329,18500,65756.0,0.7708
193405,Icahn School of Medicine at Mount Sinai,New York,NY,2,2,4,4,11.0,0.0,,,,,,,,,,,PS,,
193478,Nassau Community College,Garden City,NY,2,1,2,2,21.0,0.0,10630.0,,,14983.0,6330.0,12130.0,,,0.3858,0.1753,6000,48248.0,0.5096
193584,Nazareth University,Rochester,NY,2,2,3,4,21.0,0.0,1873.0,0.7472,1216.0,58254.0,42450.0,42450.0,0.7279,0.8482,0.2626,0.6979,22500,56458.0,0.7144
193609,Neighborhood Playhouse School of the Theater,New York City,NY,2,2,1,1,11.0,0.0,67.0,0.5333,,44715.0,19000.0,19000.0,,,0.169,0.4507,12000,29382.0,0.5075
193654,The New School,New York,NY,2,2,3,4,11.0,0.0,6563.0,0.6347,,88284.0,58694.0,58694.0,0.6937,0.8476,0.1501,0.2501,15498,52901.0,0.7678
193751,Northeast College of Health Sciences,Seneca Falls,NY,2,2,4,4,41.0,0.0,71.0,,,,17250.0,17250.0,,,,,PS,,0.9155
193821,New York Law School,New York,NY,2,2,4,4,11.0,0.0,,,,,,,,,,,PS,,
193830,New York Medical College,Valhalla,NY,2,2,4,4,21.0,0.0,,,,,,,,,,,PS,,
193858,New York School for Medical and Dental Assistants,Long Island City,NY,2,3,1,2,11.0,0.0,277.0,,,,,,,,0.9179,0.6691,6887,38899.0,0.917
193900,New York University,New York,NY,2,2,3,4,11.0,0.0,28663.0,0.0923,1520.0,84374.0,62796.0,62796.0,0.8757,0.9577,0.1788,0.1908,18500,82509.0,0.5926
193946,Niagara County Community College,Sanborn,NY,2,1,2,2,41.0,0.0,3084.0,,,13908.0,6894.0,12030.0,,,0.3251,0.2011,7070,42285.0,0.6518
193973,Niagara University,Niagara University,NY,2,2,3,4,21.0,0.0,2653.0,0.8737,1168.0,51632.0,39345.0,39345.0,0.7451,0.8038,0.2719,0.545,20312,56196.0,0.6649
193991,Empire Beauty School-Peekskill,Peekskill,NY,2,3,1,1,21.0,0.0,49.0,,,,,,,,0.4643,0.5357,6222,27916.0,0.9388
194028,North Country Community College,Saranac Lake,NY,2,1,2,2,33.0,0.0,819.0,,,18051.0,6682.0,9370.0,,,0.3851,0.1963,9500,38276.0,0.6422
194073,New York College of Podiatric Medicine,New York,NY,2,2,4,4,11.0,0.0,,,,,,,,,,,PS,,
194091,New York Institute of Technology,Old Westbury,NY,2,2,3,4,41.0,0.0,3440.0,0.8102,1311.0,56976.0,46560.0,46560.0,0.5877,0.7799,0.451,0.4462,17000,70080.0,0.386
194116,New York School of Interior Design,New York,NY,2,2,1,4,11.0,0.0,427.0,0.6289,,48730.0,32330.0,32330.0,0.6923,1.0,0.1523,0.2432,12750,48041.0,0.9415
194189,Ohr Hameir Theological Seminary,Peekskill,NY,2,2,2,3,21.0,0.0,100.0,1.0,,,10150.0,10150.0,,,0.5745,0.0,PS,,0.0
194222,Onondaga Community College,Syracuse,NY,2,1,2,2,21.0,0.0,4456.0,,,16585.0,6102.0,11392.0,,,0.2777,0.1823,5500,41190.0,0.5377
194240,Orange County Community College,Middletown,NY,2,1,2,2,23.0,0.0,3989.0,,,14807.0,6526.0,12334.0,,,0.2883,0.1981,6500,44117.0,0.6185
194259,Otsego Area BOCES-Practical Nursing Program,Oneonta,NY,2,1,1,1,33.0,0.0,31.0,,,,,,,,,,9500,45248.0,0.8387
194310,Pace University,New York,NY,2,2,3,4,11.0,0.0,7665.0,0.7592,1266.0,69550.0,53290.0,53290.0,0.6003,0.7549,0.2725,0.4492,17750,70378.0,0.6541
194392,Paul Smiths College of Arts and Science,Paul Smiths,NY,2,2,3,4,42.0,0.0,579.0,0.7653,,51506.0,33009.0,33009.0,0.5055,0.7519,0.3625,0.7234,17062,46145.0,0.3661
194435,Continental School of Beauty Culture-West Seneca,West Seneca,NY,2,3,1,1,21.0,0.0,78.0,,,,,,,,0.6513,0.625,6333,22193.0,1.0
194499,Plaza College,Forest Hills,NY,2,3,2,3,11.0,0.0,984.0,0.3,,26525.0,15450.0,15450.0,0.6762,,0.8499,0.8002,13348,31519.0,0.7998
194569,Davis College,Pottersville,NY,2,2,3,3,42.0,0.0,106.0,0.5625,,24830.0,18000.0,18000.0,0.2667,1.0,0.4015,0.2263,17290,38450.0,0.4528
194578,Pratt Institute-Main,Brooklyn,NY,2,2,3,4,11.0,0.0,3910.0,0.7325,1290.0,80049.0,61845.0,61845.0,0.7354,0.8826,0.1886,0.3456,20500,54295.0,0.7207
194657,Rabbinical Academy Mesivta Rabbi Chaim Berlin,Brooklyn,NY,2,2,3,4,11.0,0.0,141.0,0.9362,,20400.0,10800.0,10800.0,0.4615,0.925,0.1813,0.0,PS,,0.0
194666,Rabbinical College Bobover Yeshiva Bnei Zion,Brooklyn,NY,2,2,3,4,11.0,0.0,473.0,,,20075.0,10000.0,10000.0,0.8286,0.9878,0.8952,0.0,PS,20707.0,0.0
194693,Rabbinical College Beth Shraga,Monsey,NY,2,2,2,3,21.0,0.0,52.0,0.9167,,,16850.0,16850.0,0.5,0.64,0.0625,0.0,PS,,0.0
194718,Rabbinical Seminary Mkor Chaim,Lakewood,NJ,2,2,3,3,21.0,0.0,96.0,0.9063,,17750.0,8450.0,8450.0,0.0,0.871,0.7531,0.0,PS,,0.0
194736,Rabbinical College of Long Island,Long Beach,NY,2,2,2,3,21.0,0.0,159.0,1.0,,21600.0,10290.0,10290.0,0.2273,0.9111,0.3292,0.0,PS,,0.0
194763,Rabbinical Seminary of America,Flushing,NY,2,2,3,4,11.0,0.0,397.0,0.9845,,19700.0,10000.0,10000.0,0.3026,0.802,0.1636,0.0,PS,,0.0
194824,Rensselaer Polytechnic Institute,Troy,NY,2,2,3,4,13.0,0.0,5714.0,0.6347,1456.0,82404.0,64081.0,64081.0,0.8362,0.9072,0.1992,0.5099,21995,102051.0,0.3113
194958,Roberts Wesleyan University,Rochester,NY,2,2,3,4,21.0,0.0,1149.0,0.7063,1170.0,52919.0,38826.0,38826.0,0.6667,0.836,0.3542,0.6051,19000,55031.0,0.6606
195003,Rochester Institute of Technology,Rochester,NY,2,2,3,4,21.0,0.0,13215.0,0.6693,1383.0,74626.0,59274.0,59274.0,0.6989,0.8879,0.2724,0.5291,20872,76571.0,0.3511
195030,University of Rochester,Rochester,NY,2,2,3,4,12.0,0.0,6331.0,0.4008,1488.0,85962.0,67080.0,67080.0,0.8543,0.9069,0.1725,0.3974,19000,79042.0,0.5272
195049,The Rockefeller University,New York,NY,2,2,4,4,11.0,0.0,,,,,,,,,,,,,
195058,Rockland Community College,Suffern,NY,2,1,2,2,21.0,0.0,3834.0,,,18713.0,6862.0,6862.0,,,0.2624,0.0694,5500,50243.0,0.5409
195067,Empire Beauty School-Manhattan,New York,NY,2,3,1,1,11.0,0.0,388.0,,,,,,,,0.7099,0.6046,6222,24022.0,0.9639
195128,Russell Sage College,Troy,NY,2,2,3,4,13.0,0.0,1244.0,0.5326,,50607.0,38164.0,38164.0,0.561,0.7789,0.4204,0.7815,18000,58316.0,0.672
195155,St Bernard's School of Theology and Ministry,Rochester,NY,2,2,4,4,21.0,0.0,,,,,,,,,,,PS,,
195164,St Bonaventure University,Saint Bonaventure,NY,2,2,3,4,33.0,0.0,2012.0,0.8165,1197.0,57271.0,41735.0,41735.0,0.6673,0.8589,0.2675,0.9326,19500,57214.0,0.4791
195173,St. Francis College,Brooklyn,NY,2,2,3,4,11.0,0.0,1684.0,,,38098.0,28775.0,28775.0,0.5464,0.6475,0.5569,0.2901,12693,58099.0,0.6781
195191,St. Joseph's College of Nursing,Syracuse,NY,2,2,2,2,12.0,0.0,313.0,1.0,,,23816.0,23816.0,,,0.3604,0.8163,12000,81908.0,0.8882
195216,St Lawrence University,Canton,NY,2,2,3,4,33.0,0.0,1918.0,0.5434,1371.0,82000.0,65900.0,65900.0,0.7906,0.9083,0.2136,0.5398,22670,67258.0,0.525
195243,St. Thomas Aquinas College,Sparkill,NY,2,2,3,4,21.0,0.0,972.0,0.9305,1000.0,53370.0,39450.0,39450.0,0.5404,0.7336,0.2162,0.2836,17500,62909.0,0.4547
195289,Samaritan Hospital School of Nursing,Troy,NY,2,2,2,2,13.0,0.0,129.0,1.0,,,15358.0,15358.0,,,0.3864,0.7045,14250,64383.0,0.8837
195304,Sarah Lawrence College,Bronxville,NY,2,2,3,4,21.0,0.0,1530.0,0.6173,1366.0,82467.0,66862.0,66862.0,0.7133,0.8735,0.1183,0.4043,19500,53603.0,0.7993
195322,Schenectady County Community College,Schenectady,NY,2,1,2,2,13.0,0.0,1507.0,,,16830.0,6190.0,8974.0,,,0.2286,0.0941,6887,40902.0,0.5707
195438,Sh'or Yoshuv Rabbinical College,Lawrence,NY,2,2,3,3,21.0,0.0,156.0,,,,11700.0,11700.0,0.0,,0.0411,0.0,PS,,0.0
195474,Siena University,Loudonville,NY,2,2,3,4,21.0,0.0,3409.0,0.6902,1254.0,64870.0,46580.0,46580.0,0.7473,0.8269,0.2449,0.6601,21471,76079.0,0.5412
195526,Skidmore College,Saratoga Springs,NY,2,2,3,3,23.0,0.0,2694.0,0.2105,1405.0,85270.0,67290.0,67290.0,0.8257,0.8965,0.1275,0.3303,15000,69363.0,0.5987
195544,St. Joseph's University-New York,Brooklyn,NY,2,2,3,4,11.0,0.0,3144.0,0.7205,1190.0,41897.0,36550.0,36550.0,0.6878,0.807,0.3399,0.5206,17750,63905.0,0.6641
195580,Saint Vladimirs Orthodox Theological Seminary,Yonkers,NY,2,2,4,4,21.0,0.0,,,,,,,,,,,PS,,
195702,Saint Elizabeth College of Nursing,Utica,NY,2,2,2,2,13.0,0.0,153.0,1.0,,,20180.0,30000.0,,,0.3904,0.6575,12000,72122.0,0.8497
195720,St. John Fisher University,Rochester,NY,2,2,3,4,21.0,0.0,2565.0,0.664,1214.0,55201.0,41190.0,41190.0,0.7417,0.8642,0.2869,0.678,19500,66944.0,0.5774
195784,St Paul's School of Nursing-Staten Island,Staten Island,NY,2,3,2,2,11.0,0.0,656.0,,,44677.0,17492.0,17492.0,,,0.5135,0.7545,18500,86693.0,0.8262
195809,St. John's University-New York,Queens,NY,2,2,3,4,11.0,0.0,9477.0,0.8343,1244.0,65527.0,53020.0,53020.0,0.6609,0.787,0.2419,0.2752,19500,69571.0,0.5523
195988,Sullivan County Community College,Loch Sheldrake,NY,2,1,2,2,41.0,0.0,836.0,,,16601.0,6468.0,12132.0,,,0.2805,0.1148,6200,38354.0,0.6053
196006,SUNY College of Technology at Alfred,Alfred,NY,2,1,2,3,42.0,0.0,3563.0,0.7568,1094.0,25385.0,8892.0,16837.0,0.5506,0.6546,0.4497,0.5703,12000,50445.0,0.3752
196015,SUNY College of Technology at Canton,Canton,NY,2,1,3,3,33.0,0.0,2741.0,0.9215,,24906.0,8742.0,13572.0,0.3845,0.6949,0.5042,0.5857,12500,47860.0,0.5659
196024,SUNY College of Technology at Delhi,Delhi,NY,2,1,2,4,43.0,0.0,2843.0,0.8901,1004.0,26944.0,8772.0,12762.0,0.4543,0.5694,0.4901,0.554,12000,51629.0,0.5139
196033,SUNY College of Agriculture and Technology at Cobleskill,Cobleskill,NY,2,1,3,3,32.0,0.0,1904.0,0.8402,,27786.0,8768.0,18678.0,0.4234,0.6871,0.4329,0.5558,11000,45030.0,0.5714
196042,Farmingdale State College,Farmingdale,NY,2,1,3,4,21.0,0.0,9552.0,0.6329,1147.0,18966.0,8626.0,18536.0,0.5278,0.8157,0.3625,0.2291,11000,69781.0,0.4089
196051,SUNY Morrisville,Morrisville,NY,2,1,2,3,42.0,0.0,1923.0,0.9154,1130.0,26833.0,8825.0,19245.0,0.2808,0.5749,0.5959,0.7095,12000,43295.0,0.4498
196060,University at Albany,Albany,NY,2,1,3,4,12.0,0.0,12564.0,0.691,,28802.0,10866.0,31256.0,0.6145,0.8344,0.4369,0.5092,15059,67979.0,0.5415
196079,Binghamton University,Vestal,NY,2,1,3,4,22.0,0.0,14655.0,0.3861,1415.0,30345.0,10567.0,30447.0,0.8162,0.8938,0.2812,0.3942,15000,80596.0,0.5207
196088,University at Buffalo,Buffalo,NY,2,1,3,4,21.0,0.0,20112.0,0.7418,1295.0,30785.0,10936.0,31536.0,0.7518,0.8521,0.3313,0.3974,14250,70814.0,0.4578
196097,Stony Brook University,Stony Brook,NY,2,1,3,4,21.0,0.0,18101.0,0.4904,1419.0,30539.0,10931.0,32741.0,0.7556,0.8981,0.3944,0.353,15000,74502.0,0.5123
196103,SUNY College of Environmental Science and Forestry,Syracuse,NY,2,1,3,4,12.0,0.0,1839.0,0.6328,,28133.0,9303.0,22263.0,0.6632,0.8702,0.1965,0.3082,13000,55763.0,0.5334
196112,SUNY Polytechnic Institute,Utica,NY,2,1,3,4,22.0,0.0,1849.0,0.8135,1201.0,23741.0,8625.0,21215.0,0.5508,0.6915,0.3965,0.4217,12000,64355.0,0.3218
196121,SUNY Brockport,Brockport,NY,2,1,3,4,31.0,0.0,5784.0,0.7068,1193.0,26046.0,8752.0,15822.0,0.5513,0.7177,0.4019,0.6001,15000,54496.0,0.5794
196130,SUNY Buffalo State University,Buffalo,NY,2,1,3,4,11.0,0.0,5097.0,0.7295,1070.0,24279.0,8533.0,19653.0,0.3331,0.5772,0.556,0.501,12500,52334.0,0.556
196149,State University of New York at Cortland,Cortland,NY,2,1,3,4,32.0,0.0,5901.0,0.5979,,28108.0,8874.0,18784.0,0.6803,0.8109,0.2742,0.6066,17500,60236.0,0.5286
196158,SUNY at Fredonia,Fredonia,NY,2,1,3,4,32.0,0.0,2755.0,0.777,1250.0,25879.0,8831.0,19771.0,0.5021,0.7624,0.3883,0.651,17500,54247.0,0.5623
196167,SUNY College at Geneseo,Geneseo,NY,2,1,3,4,32.0,0.0,3869.0,0.6645,1286.0,27709.0,8999.0,19569.0,0.7145,0.8699,0.2764,0.5072,14836,67316.0,0.6449
196176,State University of New York at New Paltz,New Paltz,NY,2,1,3,4,31.0,0.0,6086.0,0.6161,1265.0,28428.0,8572.0,18822.0,0.716,0.8502,0.319,0.42,15000,58073.0,0.6324
196185,SUNY Oneonta,Oneonta,NY,2,1,3,4,33.0,0.0,4643.0,0.696,1230.0,28821.0,8831.0,19781.0,0.6881,0.7551,0.3602,0.5729,15000,60386.0,0.5888
196194,State University of New York at Oswego,Oswego,NY,2,1,3,4,32.0,0.0,5473.0,0.8055,1187.0,27052.0,8825.0,18735.0,0.6036,0.7045,0.3965,0.5228,15750,57566.0,0.5138
196200,SUNY College at Potsdam,Potsdam,NY,2,1,3,4,33.0,0.0,1823.0,0.777,,25083.0,8768.0,18678.0,0.453,0.7767,0.4034,0.55,18166,47866.0,0.5634
196219,SUNY at Purchase College,Purchase,NY,2,1,3,4,21.0,0.0,3197.0,0.7405,1312.0,29043.0,8953.0,19203.0,0.6277,0.8031,0.3551,0.4193,15194,45092.0,0.584
196228,SUNY College of Optometry,New York,NY,2,1,4,4,11.0,0.0,,,,,,,,,,,PS,,
196237,SUNY Old Westbury,Old Westbury,NY,2,1,3,4,21.0,0.0,4162.0,0.8363,,21287.0,8422.0,18842.0,0.4457,0.7177,0.4927,0.282,12000,58526.0,0.575
196246,State University of New York at Plattsburgh,Plattsburgh,NY,2,1,3,4,32.0,0.0,3769.0,0.7841,1165.0,28244.0,9035.0,18945.0,0.5851,0.732,0.4056,0.5692,15000,56403.0,0.5959
196255,SUNY Downstate Health Sciences University,Brooklyn,NY,2,1,3,4,11.0,0.0,293.0,,,,,,,,0.0315,0.4266,12500,109601.0,0.785
196264,Empire State University,Saratoga Springs,NY,2,1,3,4,23.0,0.0,7585.0,,,19699.0,7648.0,17558.0,0.4123,0.6571,0.3683,0.3387,11000,54080.0,0.6813
196291,SUNY Maritime College,Throggs Neck,NY,2,1,3,4,11.0,0.0,1285.0,0.7241,1214.0,29786.0,8589.0,19159.0,0.6439,0.8346,0.2212,0.3878,15875,95951.0,0.1206
196307,Upstate Medical University,Syracuse,NY,2,1,3,4,12.0,0.0,159.0,,,,,,,,0.2712,0.5593,15000,92257.0,0.761
196389,Swedish Institute a College of Health Sciences,New York,NY,2,3,2,2,11.0,0.0,1227.0,,,35629.0,27066.0,27066.0,,,0.75,0.4336,13834,29699.0,0.8077
196413,Syracuse University,Syracuse,NY,2,2,3,4,12.0,0.0,15477.0,0.4592,1375.0,84517.0,65528.0,65528.0,0.8361,0.9013,0.1707,0.3242,23697,79164.0,0.5584
196431,Talmudical Seminary Oholei Torah,Brooklyn,NY,2,2,3,3,11.0,0.0,400.0,0.7719,,20353.0,8750.0,8750.0,0.2222,0.8056,0.6459,0.0,PS,39230.0,0.0
196440,Talmudical Institute of Upstate New York,Rochester,NY,2,2,3,3,12.0,0.0,13.0,1.0,,16850.0,6150.0,6150.0,,0.3333,0.375,0.0,PS,,0.0
196468,Teachers College at Columbia University,New York,NY,2,2,4,4,11.0,0.0,,,,,,,,,,,PS,73294.0,
196565,Tompkins Cortland Community College,Dryden,NY,2,1,2,2,42.0,0.0,1469.0,,,20222.0,6970.0,12855.0,,,0.1675,0.1343,8250,40707.0,0.6181
196583,Torah Temimah Talmudical Seminary,Staten Island,NY,2,2,2,3,11.0,0.0,82.0,0.5556,,34000.0,9600.0,9600.0,0.0,1.0,0.52,0.0,PS,,0.0
196592,Touro University,New York,NY,2,2,3,4,11.0,0.0,4040.0,0.6083,1348.0,40500.0,22450.0,22450.0,0.7239,0.8883,0.302,0.2449,12500,53419.0,0.7035
196653,Trocaire College,Buffalo,NY,2,2,2,3,11.0,0.0,984.0,0.9749,,29845.0,20640.0,20640.0,0.3086,,0.5027,0.7092,16617,55318.0,0.8659
196680,Excelsior University,Albany,NY,2,2,3,4,12.0,0.0,11550.0,,,,,,,,0.2824,0.3397,10870,78493.0,0.5284
196699,Ulster County Community College,Stone Ridge,NY,2,1,2,2,41.0,0.0,1341.0,,,14925.0,6666.0,12146.0,,,0.1626,0.0513,6266,41896.0,0.5585
196866,Union College,Schenectady,NY,2,2,3,3,13.0,0.0,2046.0,0.4392,1395.0,84561.0,69039.0,69039.0,0.8039,0.9018,0.1436,0.4404,21085,88604.0,0.4687
196884,Union Theological Seminary in the City of New York,New York,NY,2,2,4,4,11.0,0.0,,,,,,,,,,,PS,,
197018,United Talmudical Seminary,Brooklyn,NY,2,2,3,3,11.0,0.0,2241.0,,,22754.0,15000.0,15000.0,0.5813,0.9085,0.8744,0.0,PS,25113.0,0.0
197027,United States Merchant Marine Academy,Kings Point,NY,0,1,3,4,21.0,0.0,962.0,0.3424,1207.0,9168.0,895.0,895.0,0.8238,0.8446,0.0781,0.0602,6500,90610.0,0.1819
197036,United States Military Academy,West  Point,NY,0,1,3,3,31.0,0.0,4408.0,0.1245,1355.0,,,,0.8706,0.9463,,,,,0.2221
197045,Utica University,Utica,NY,2,2,3,4,13.0,0.0,2278.0,0.9195,1110.0,37205.0,26930.0,26930.0,0.5624,0.7071,0.3337,0.6605,17538,63277.0,0.554
197133,Vassar College,Poughkeepsie,NY,2,2,3,3,21.0,0.0,2444.0,0.1857,1494.0,87419.0,71030.0,71030.0,0.9108,0.949,0.1924,0.3876,17500,71366.0,0.617
197142,Villa Maria College,Buffalo,NY,2,2,3,3,13.0,0.0,603.0,0.8659,,36335.0,28670.0,28670.0,0.3145,0.7647,0.6477,0.5229,10511,38857.0,0.5174
197151,School of Visual Arts,New York,NY,2,3,3,4,11.0,0.0,3244.0,0.9264,1320.0,78051.0,51400.0,51400.0,0.7568,0.8548,0.1557,0.2568,22000,46459.0,0.7352
197197,Wagner College,Staten Island,NY,2,2,3,4,11.0,0.0,1651.0,0.88,1243.0,65574.0,53200.0,53200.0,0.6514,0.8342,0.2385,0.5343,21000,74360.0,0.6111
197221,Webb Institute,Glen Cove,NY,2,2,3,3,21.0,0.0,106.0,0.1404,1496.0,81950.0,63214.0,63214.0,0.88,0.9259,0.0857,0.2095,PS,,0.2453
197285,The College of Westchester,White Plains,NY,2,3,3,3,13.0,0.0,759.0,0.9442,,31660.0,25191.0,25191.0,0.3765,0.7931,0.6229,0.5645,16875,42215.0,0.693
197294,SUNY Westchester Community College,Valhalla,NY,2,1,2,2,21.0,0.0,8078.0,,,15316.0,5948.0,12486.0,,,0.3455,0.0976,5500,46822.0,0.5301
197337,Westchester School of Beauty Culture,Mount Vernon,NY,2,3,1,1,21.0,0.0,59.0,,,,,,,,0.5595,0.3214,PS,32170.0,1.0
197531,Word of Life Bible Institute,Pottersville,NY,2,2,1,1,42.0,0.0,489.0,,,22600.0,11500.0,11500.0,,,0.4517,0.4262,5500,36173.0,0.499
197601,Yeshiva Karlin Stolin,Brooklyn,NY,2,2,3,3,11.0,0.0,139.0,,,18612.0,13300.0,13300.0,0.2286,0.7895,0.8043,0.0,PS,,0.0
197647,Yeshiva Derech Chaim,Brooklyn,NY,2,2,2,3,11.0,0.0,115.0,0.8824,,24200.0,12700.0,12700.0,0.8,0.75,0.4118,0.0,PS,,0.0
197674,Yeshiva of Nitra Rabbinical College,Chester,NY,2,2,3,3,41.0,0.0,243.0,,,23300.0,14000.0,14000.0,0.1132,0.82,0.7984,0.0,PS,41785.0,0.0
197692,Yeshivath Shaar Hatorah,Kew Gardens,NY,2,2,3,3,11.0,0.0,76.0,0.7222,,22150.0,19550.0,19550.0,0.5333,0.8621,0.0714,0.0,PS,,0.0
197708,Yeshiva University,New York,NY,2,2,3,4,11.0,0.0,2852.0,0.5562,1426.0,70892.0,51800.0,51800.0,0.832,0.9153,0.1344,0.1607,14000,71353.0,0.4551
197735,Yeshivath Viznitz,Monsey,NY,2,2,3,3,21.0,0.0,1159.0,,,20397.0,12000.0,12000.0,0.6932,0.9591,0.9278,0.0,PS,,0.0
197744,Yeshivath Zichron Moshe,South Fallsburg,NY,2,2,2,3,32.0,0.0,201.0,0.3,,20440.0,10880.0,10880.0,0.7,1.0,0.5227,0.0,PS,,0.0
197814,College of the Albemarle,Elizabeth City,NC,5,1,2,2,32.0,0.0,2001.0,,,13621.0,2242.0,7652.0,,,0.1731,0.0,PS,33234.0,0.6172
197850,South Piedmont Community College,Polkton,NC,5,1,2,2,42.0,0.0,1833.0,,,16111.0,2022.0,6630.0,,,0.1736,0.0,PS,37308.0,0.6759
197869,Appalachian State University,Boone,NC,5,1,3,4,32.0,0.0,19444.0,0.9014,1214.0,23169.0,7579.0,25212.0,0.7453,0.8369,0.2642,0.366,15750,51836.0,0.5534
197887,Asheville-Buncombe Technical Community College,Asheville,NC,5,1,1,2,13.0,0.0,5110.0,,,16061.0,2882.0,9026.0,,,0.3619,0.03,10000,36048.0,0.6153
197911,Barton College,Wilson,NC,5,2,3,4,31.0,0.0,982.0,0.942,,51935.0,37250.0,37250.0,0.4585,0.6548,0.3732,0.6371,15000,47913.0,0.4786
197966,Beaufort County Community College,Washington,NC,5,1,1,2,41.0,0.0,1074.0,,,16245.0,2540.0,8684.0,,,0.3322,0.0,8125,32519.0,0.7402
197984,Belmont Abbey College,Belmont,NC,5,2,3,4,22.0,0.0,1276.0,0.7465,1099.0,34788.0,19500.0,19500.0,0.4668,0.7044,0.2421,0.4764,14560,47937.0,0.4592
197993,Bennett College,Greensboro,NC,5,2,3,3,11.0,1.0,178.0,0.5066,925.0,41296.0,19140.0,19140.0,0.25,0.8571,0.7282,0.6821,17351,36654.0,1.0
198011,Bladen Community College,Dublin,NC,5,1,2,2,42.0,0.0,1030.0,,,12613.0,2618.0,8762.0,,,0.6909,0.0,PS,30591.0,0.6816
198039,Blue Ridge Community College,Flat Rock,NC,5,1,1,2,21.0,0.0,1758.0,,,13274.0,2660.0,8804.0,,,0.3505,0.0418,9280,36324.0,0.6359
198066,Brevard College,Brevard,NC,5,2,3,4,32.0,0.0,815.0,0.4216,1060.0,47288.0,32280.0,32280.0,0.4884,0.6151,0.4058,0.6911,11250,43545.0,0.3804
198084,Brunswick Community College,Bolivia,NC,5,1,2,2,42.0,0.0,1211.0,,,12836.0,2553.0,8697.0,,,0.3095,0.0,PS,36668.0,0.6251
198109,Cabarrus College of Health Sciences,Concord,NC,5,2,2,4,12.0,0.0,712.0,0.2338,1150.0,26375.0,16550.0,16550.0,0.7143,1.0,0.2874,0.8079,11499,58708.0,0.9115
198118,Caldwell Community College and Technical Institute,Hudson,NC,5,1,2,2,22.0,0.0,2393.0,,,20188.0,2526.0,6526.0,,,0.3063,0.0,6625,34515.0,0.6444
198136,Campbell University,Buies Creek,NC,5,2,3,4,31.0,0.0,2680.0,0.8718,,62187.0,41600.0,41600.0,0.6096,0.7616,0.3758,0.3882,17000,54886.0,0.5287
198154,Cape Fear Community College,Wilmington,NC,5,1,2,2,12.0,0.0,9764.0,,,14740.0,2748.0,8892.0,,,0.1769,0.0426,6334,38654.0,0.6117
198206,Carteret Community College,Morehead City,NC,5,1,1,2,32.0,0.0,1172.0,,,19621.0,2310.0,8222.0,,,0.3699,0.0,4625,33357.0,0.6536
198215,Catawba College,Salisbury,NC,5,2,3,4,21.0,0.0,1235.0,0.7521,1096.0,49516.0,34300.0,34300.0,0.4729,0.773,0.41,0.5318,13000,48793.0,0.519
198233,Catawba Valley Community College,Hickory,NC,5,1,2,2,13.0,0.0,2741.0,,,20446.0,2427.0,7803.0,,,0.2835,0.0,5125,36977.0,0.5476
198251,Central Carolina Community College,Sanford,NC,5,1,2,2,32.0,0.0,3237.0,,,14901.0,2711.0,8855.0,,,0.2569,0.0,PS,33525.0,0.6398
198260,Central Piedmont Community College,Charlotte,NC,5,1,2,2,11.0,0.0,15067.0,,,10546.0,2792.0,8936.0,,,0.291,0.0,5500,37865.0,0.5801
198303,Chowan University,Murfreesboro,NC,5,2,3,4,43.0,0.0,603.0,0.6879,,39027.0,27910.0,27910.0,0.2995,0.7081,0.5658,0.569,15250,38412.0,0.3964
198321,Cleveland Community College,Shelby,NC,5,1,1,2,32.0,0.0,1097.0,,,5565.0,2602.0,8746.0,,,0.5206,0.0,PS,33755.0,0.5889
198330,Coastal Carolina Community College,Jacksonville,NC,5,1,2,2,13.0,0.0,2724.0,,,16793.0,2512.0,8656.0,,,0.3231,0.0,PS,36444.0,0.6355
198367,Craven Community College,New Bern,NC,5,1,2,2,32.0,0.0,1989.0,,,10735.0,2022.0,6630.0,,,0.4283,0.0,5500,34231.0,0.5877
198376,Davidson-Davie Community College,Thomasville,NC,5,1,1,2,41.0,0.0,2633.0,,,14280.0,1980.0,6588.0,,,0.3447,0.1838,9500,36337.0,0.6806
198385,Davidson College,Davidson,NC,5,2,3,3,21.0,0.0,1867.0,0.1337,1469.0,79475.0,64410.0,64410.0,0.9107,0.9461,0.1759,0.0867,16511,81400.0,0.5303
198419,Duke University,Durham,NC,5,2,3,4,11.0,0.0,6442.0,0.0571,1548.0,87072.0,68758.0,68758.0,0.9678,0.9793,0.1403,0.1364,12000,97800.0,0.5368
198455,Durham Technical Community College,Durham,NC,5,1,2,2,11.0,0.0,3890.0,,,10430.0,1986.0,6594.0,,,0.314,0.0678,8719,36142.0,0.6373
198464,East Carolina University,Greenville,NC,5,1,3,4,13.0,0.0,19896.0,0.8921,1180.0,23867.0,7361.0,23638.0,0.6262,0.8272,0.318,0.387,17500,55146.0,0.5708
198491,Edgecombe Community College,Tarboro,NC,5,1,1,2,41.0,0.0,1397.0,,,9330.0,2640.0,8784.0,,,0.6921,0.2809,9500,33267.0,0.7366
198507,Elizabeth City State University,Elizabeth City,NC,5,1,3,4,32.0,1.0,1975.0,0.6422,1019.0,17701.0,6536.0,10536.0,0.4351,0.7688,0.5352,0.5396,12656,40026.0,0.5003
198516,Elon University,Elon,NC,5,2,3,4,22.0,0.0,6452.0,0.6635,1208.0,62266.0,46958.0,46958.0,0.8404,0.898,0.0993,0.2447,18500,74545.0,0.5928
198534,Fayetteville Technical Community College,Fayetteville,NC,5,1,1,2,12.0,0.0,9471.0,,,11277.0,2628.0,8772.0,,,0.328,0.1706,8000,31861.0,0.6316
198543,Fayetteville State University,Fayetteville,NC,5,1,3,4,12.0,1.0,5762.0,0.8215,959.0,16652.0,4353.0,8353.0,0.3846,0.7529,0.566,0.4597,15766,40144.0,0.6808
198552,Forsyth Technical Community College,Winston-Salem,NC,5,1,2,2,11.0,0.0,7113.0,,,14101.0,2276.0,6884.0,,,0.3935,0.1722,5888,34139.0,0.6492
198561,Gardner-Webb University,Boiling Springs,NC,5,2,3,4,42.0,0.0,1856.0,0.7721,1113.0,47091.0,34760.0,34760.0,0.5539,0.5533,0.3707,0.4717,16453,48039.0,0.6212
198570,Gaston College,Dallas,NC,5,1,1,2,22.0,0.0,3518.0,,,16866.0,3186.0,9330.0,,,0.2598,0.0,PS,35386.0,0.6549
198598,Greensboro College,Greensboro,NC,5,2,3,4,11.0,0.0,708.0,0.7014,,35165.0,21000.0,21000.0,0.462,0.6587,0.4611,0.6613,17986,46566.0,0.3814
198613,Guilford College,Greensboro,NC,5,2,3,4,11.0,0.0,1001.0,0.8,1105.0,55689.0,41362.0,41362.0,0.4581,0.6492,0.4371,0.5069,15448,47590.0,0.4795
198622,Guilford Technical Community College,Jamestown,NC,5,1,2,2,21.0,0.0,9260.0,,,20529.0,2320.0,7696.0,,,0.4305,0.2477,7915,33934.0,0.5961
198640,Halifax Community College,Weldon,NC,5,1,2,2,41.0,0.0,723.0,,,16938.0,2608.0,8752.0,,,0.3055,0.0,5670,31644.0,0.7427
198668,Haywood Community College,Clyde,NC,5,1,2,2,41.0,0.0,849.0,,,17011.0,2580.0,8724.0,,,0.2919,0.0,PS,34770.0,0.6408
198677,Heritage Bible College,Dunn,NC,5,2,3,3,41.0,0.0,22.0,,,24868.0,8688.0,8688.0,,1.0,0.5455,0.7576,PS,30672.0,0.4091
198695,High Point University,High Point,NC,5,2,3,4,12.0,0.0,5129.0,0.7531,1288.0,65548.0,45312.0,45312.0,0.737,0.8535,0.1185,0.4111,19000,61389.0,0.5551
198710,Isothermal Community College,Spindale,NC,5,1,1,2,32.0,0.0,1169.0,,,18132.0,2030.0,6638.0,,,0.3448,0.0,PS,33325.0,0.6689
198729,James Sprunt Community College,Kenansville,NC,5,1,1,2,42.0,0.0,799.0,,,11870.0,2592.0,8736.0,,,0.4641,0.0,5125,29307.0,0.7397
198756,Johnson C Smith University,Charlotte,NC,5,2,3,4,11.0,1.0,1244.0,0.4521,,34923.0,21300.0,21300.0,0.3429,0.7133,0.6947,0.7457,20500,42680.0,0.5185
198774,Johnston Community College,Smithfield,NC,5,1,2,2,31.0,0.0,3453.0,,,11230.0,2756.0,8900.0,,,0.247,0.0,6045,37310.0,0.6449
198808,Lees-McRae College,Banner Elk,NC,5,2,3,4,42.0,0.0,873.0,0.7678,,49498.0,33250.0,33250.0,0.4208,0.6884,0.3729,0.5941,12000,43415.0,0.6667
198817,Lenoir Community College,Kinston,NC,5,1,1,2,32.0,0.0,1469.0,,,14929.0,2578.0,8722.0,,,0.4206,0.0,PS,33866.0,0.71
198835,Lenoir-Rhyne University,Hickory,NC,5,2,3,4,13.0,0.0,1359.0,0.8459,,44621.0,31900.0,31900.0,0.4778,0.7553,0.392,0.5572,15750,45543.0,0.5342
198844,Leons Beauty School Inc,Greensboro,NC,5,3,1,1,11.0,0.0,102.0,,,,,,,,0.6368,0.0,PS,26958.0,0.9902
198862,Livingstone College,Salisbury,NC,5,2,3,4,21.0,1.0,924.0,0.5925,,28305.0,18296.0,18296.0,0.2819,0.7063,0.8212,0.781,26000,32600.0,0.4177
198871,Louisburg College,Louisburg,NC,5,2,2,2,42.0,0.0,402.0,0.5581,,38833.0,24120.0,24120.0,,,0.6963,0.8099,9500,34818.0,0.3035
198899,Mars Hill University,Mars Hill,NC,5,2,3,4,41.0,0.0,1044.0,0.679,,50099.0,37736.0,37736.0,0.4487,0.6933,0.4621,0.6208,18172,44781.0,0.4971
198905,Martin Community College,Williamston,NC,5,1,1,2,32.0,0.0,313.0,,,11275.0,2523.0,8667.0,,,0.2259,0.0,PS,26016.0,0.7157
198914,Mayland Community College,Spruce Pine,NC,5,1,2,2,42.0,0.0,362.0,,,14932.0,2626.0,8770.0,,,0.2468,0.0,PS,34663.0,0.6492
198923,McDowell Technical Community College,Marion,NC,5,1,2,2,41.0,0.0,608.0,,,18783.0,2032.0,6640.0,,,0.2705,0.0,PS,33035.0,0.6513
198950,Meredith College,Raleigh,NC,5,2,3,4,11.0,0.0,1188.0,0.7418,1204.0,57313.0,45630.0,45630.0,0.7007,0.7938,0.3591,0.5485,20066,51539.0,1.0
198969,Methodist University,Fayetteville,NC,5,2,3,4,12.0,0.0,1448.0,0.7514,1182.0,55796.0,41250.0,41250.0,0.4351,0.651,0.413,0.5801,12500,48050.0,0.4316
198987,Mitchell Community College,Statesville,NC,5,1,2,2,31.0,0.0,1948.0,,,16661.0,2641.0,8785.0,,,0.1941,0.0,PS,33298.0,0.5955
199023,Montgomery Community College,Troy,NC,5,1,1,2,42.0,0.0,852.0,,,17669.0,2538.0,8682.0,,,0.3318,0.0,PS,32742.0,0.5176
199032,Montreat College,Montreat,NC,5,2,3,4,21.0,0.0,762.0,0.692,,47133.0,36450.0,36450.0,0.5031,0.5888,0.3913,0.6772,13875,45151.0,0.4475
199069,University of Mount Olive,Mount Olive,NC,5,2,3,4,42.0,0.0,1796.0,0.7575,1050.0,38569.0,27366.0,27366.0,0.5178,0.7165,0.4471,0.6892,20811,47139.0,0.6604
199078,College of Wilmington,Wilmington,NC,5,3,1,1,12.0,0.0,132.0,,,,,,,,0.5212,0.4703,6228,19235.0,0.9394
199087,Nash Community College,Rocky Mount,NC,5,1,1,2,41.0,0.0,1689.0,,,10062.0,2866.0,8866.0,,,0.3258,0.0532,7199,34912.0,0.6471
199102,North Carolina A & T State University,Greensboro,NC,5,1,3,4,11.0,1.0,12182.0,0.499,1074.0,20427.0,6813.0,20673.0,0.5718,0.7752,0.5231,0.5476,20909,44440.0,0.6249
199111,University of North Carolina Asheville,Asheville,NC,5,1,3,4,13.0,0.0,2910.0,0.9192,1251.0,21685.0,7501.0,24849.0,0.5448,0.7209,0.3237,0.3856,14138,44030.0,0.5859
199120,University of North Carolina at Chapel Hill,Chapel Hill,NC,5,1,3,4,13.0,0.0,20752.0,0.1534,1439.0,26055.0,8994.0,41203.0,0.9117,0.9661,0.2004,0.1308,12989,72200.0,0.6077
199139,University of North Carolina at Charlotte,Charlotte,NC,5,1,3,4,11.0,0.0,24453.0,0.796,1231.0,23010.0,7239.0,22492.0,0.6897,0.8498,0.3394,0.3922,16500,57289.0,0.4858
199148,University of North Carolina at Greensboro,Greensboro,NC,5,1,3,4,11.0,0.0,14062.0,0.8851,1193.0,21373.0,7661.0,24012.0,0.5631,0.7891,0.5024,0.4575,16750,48160.0,0.6638
199157,North Carolina Central University,Durham,NC,5,1,3,4,11.0,1.0,6081.0,0.8696,1050.0,26556.0,6699.0,19735.0,0.4165,0.7271,0.587,0.6293,22000,42968.0,0.7035
199184,University of North Carolina School of the Arts,Winston Salem,NC,5,1,3,4,11.0,0.0,945.0,0.2997,1260.0,26470.0,9477.0,27211.0,0.7778,0.9276,0.2627,0.4667,19500,38357.0,0.5968
199193,North Carolina State University at Raleigh,Raleigh,NC,5,1,3,4,11.0,0.0,27371.0,0.4174,1376.0,26425.0,8799.0,32847.0,0.8476,0.9447,0.1958,0.3345,17320,68758.0,0.4989
199209,North Carolina Wesleyan University,Rocky Mount,NC,5,2,3,4,13.0,0.0,1214.0,0.8023,,49974.0,35736.0,35736.0,0.4197,0.5854,0.4975,0.6394,19531,45873.0,0.5313
199218,University of North Carolina Wilmington,Wilmington,NC,5,1,3,4,12.0,0.0,14922.0,0.6424,1287.0,26547.0,7277.0,24152.0,0.7059,0.8816,0.2395,0.3613,15178,54967.0,0.6329
199263,Pamlico Community College,Grantsboro,NC,5,1,1,2,42.0,0.0,165.0,,,8227.0,1867.0,6475.0,,,0.2493,0.0,PS,30005.0,0.8182
199272,William Peace University,Raleigh,NC,5,2,3,3,11.0,0.0,666.0,0.9425,1170.0,49362.0,34176.0,34176.0,0.4481,0.7358,0.3425,0.4671,15145,46643.0,0.497
199281,University of North Carolina at Pembroke,Pembroke,NC,5,1,3,4,32.0,0.0,5330.0,0.9326,1056.0,17261.0,3648.0,7648.0,0.4354,0.7164,0.5008,0.4255,15500,43407.0,0.6274
199306,Pfeiffer University,Misenheimer,NC,5,2,3,4,41.0,0.0,655.0,0.9603,,45542.0,35070.0,35070.0,0.3497,0.7231,0.5076,0.7018,15500,51562.0,0.4427
199324,Piedmont Community College,Roxboro,NC,5,1,1,2,41.0,0.0,457.0,,,12039.0,2556.0,8700.0,,,0.3072,0.0,PS,33274.0,0.7418
199333,Pitt Community College,Winterville,NC,5,1,1,2,22.0,0.0,5317.0,,,15979.0,2580.0,8724.0,,,0.3918,0.1089,8250,37259.0,0.637
199412,Queens University of Charlotte,Charlotte,NC,5,2,3,4,11.0,0.0,1211.0,0.6208,1206.0,65742.0,45846.0,45846.0,0.6131,0.7406,0.2403,0.7043,19500,57673.0,0.616
199421,Randolph Community College,Asheboro,NC,5,1,1,2,32.0,0.0,1417.0,,,16435.0,2416.0,8176.0,,,0.3048,0.0,PS,33336.0,0.6415
199449,Richmond Community College,Hamlet,NC,5,1,1,2,32.0,0.0,1352.0,,,15667.0,1956.0,6564.0,,,0.3102,0.0,PS,29951.0,0.7448
199458,Mid-Atlantic Christian University,Elizabeth City,NC,5,2,3,3,32.0,0.0,132.0,0.6216,1000.0,33011.0,17280.0,17280.0,0.2075,0.3158,0.3764,0.5281,9500,38342.0,0.1818
199467,Roanoke-Chowan Community College,Ahoskie,NC,5,1,2,2,41.0,0.0,309.0,,,9415.0,2642.0,8786.0,,,0.3198,0.0,PS,29324.0,0.7152
199476,Robeson Community College,Lumberton,NC,5,1,2,2,32.0,0.0,1551.0,,,12628.0,2581.0,8725.0,,,0.4967,0.0,9250,29036.0,0.7176
199485,Rockingham Community College,Wentworth,NC,5,1,2,2,41.0,0.0,1065.0,,,10933.0,1966.0,6574.0,,,0.444,0.0,PS,32480.0,0.631
199494,Rowan-Cabarrus Community College,Salisbury,NC,5,1,1,2,21.0,0.0,4164.0,,,17338.0,2064.0,6672.0,,,0.2846,0.0,8457,34936.0,0.6326
199582,Saint Augustine's University,Raleigh,NC,5,2,3,4,11.0,1.0,172.0,0.338,,33179.0,16896.0,16896.0,0.25,0.0,0.5054,0.371,12750,35730.0,0.564
199607,Salem College,Winston-Salem,NC,5,2,3,4,11.0,0.0,423.0,0.7667,1082.0,48532.0,33848.0,33848.0,0.5743,0.6753,0.552,0.4457,19500,44640.0,0.9953
199625,Sampson Community College,Clinton,NC,5,1,1,2,32.0,0.0,846.0,,,13142.0,2877.0,9789.0,,,0.528,0.0,PS,33409.0,0.6773
199634,Sandhills Community College,Pinehurst,NC,5,1,2,2,41.0,0.0,2539.0,,,14709.0,2040.0,6648.0,,,0.2843,0.0,PS,31656.0,0.644
199643,Shaw University,Raleigh,NC,5,2,3,4,11.0,1.0,875.0,0.8016,,30861.0,17538.0,17538.0,0.2179,0.5165,0.6643,0.7117,19000,34409.0,0.5143
199689,Paul Mitchell the School-Fayetteville,Fayetteville,NC,5,3,1,1,12.0,0.0,149.0,,,,,,,,0.6838,0.6285,9500,26696.0,0.9799
199722,Southeastern Community College,Whiteville,NC,5,1,2,2,42.0,0.0,820.0,,,15193.0,2600.0,8744.0,,,0.3958,0.0,5500,30284.0,0.7
199731,Southwestern Community College,Sylva,NC,5,1,2,2,32.0,0.0,1249.0,,,15856.0,4112.0,13184.0,,,0.3623,0.0536,7000,34145.0,0.7038
199740,Stanly Community College,Albemarle,NC,5,1,1,2,32.0,0.0,1465.0,,,15370.0,2672.0,8816.0,,,0.3059,0.0,PS,36686.0,0.714
199759,Southeastern Baptist Theological Seminary,Wake Forest,NC,5,2,3,4,21.0,0.0,585.0,0.7463,1127.0,22632.0,11318.0,11318.0,0.5806,0.8462,0.1887,0.0,PS,,0.4137
199768,Surry Community College,Dobson,NC,5,1,1,2,42.0,0.0,1475.0,,,14271.0,2668.0,8812.0,,,0.2766,0.0,PS,36012.0,0.6386
199786,Alamance Community College,Graham,NC,5,1,1,2,22.0,0.0,3080.0,,,15922.0,2592.0,8736.0,,,0.2864,0.0,PS,34241.0,0.6276
199795,Tri-County Community College,Murphy,NC,5,1,2,2,43.0,0.0,472.0,,,18830.0,2636.0,8780.0,,,0.289,0.0,PS,32232.0,0.6886
199838,Vance-Granville Community College,Henderson,NC,5,1,2,2,32.0,0.0,1665.0,,,13153.0,1944.0,6552.0,,,0.3112,0.0,4750,34304.0,0.7033
199847,Wake Forest University,Winston-Salem,NC,5,2,3,4,11.0,0.0,5485.0,0.2167,1475.0,87499.0,67642.0,67642.0,0.8915,0.9256,0.1009,0.1398,19500,78158.0,0.5515
199856,Wake Technical Community College,Raleigh,NC,5,1,1,2,21.0,0.0,19675.0,,,15953.0,2254.0,6862.0,,,0.283,0.1556,7000,41769.0,0.538
199865,Warren Wilson College,Swannanoa,NC,5,2,3,4,41.0,0.0,707.0,0.7134,1350.0,56966.0,41500.0,41500.0,0.42,0.7092,0.396,0.5262,9500,36260.0,0.6676
199883,Watts College of Nursing,Durham,NC,5,2,3,3,11.0,0.0,124.0,,,,,,,,0.3507,1.0,PS,,0.8065
199892,Wayne Community College,Goldsboro,NC,5,1,1,2,13.0,0.0,2739.0,,,11096.0,2566.0,8710.0,,,0.3722,0.0,5875,34148.0,0.6867
199908,Western Piedmont Community College,Morganton,NC,5,1,2,2,13.0,0.0,1339.0,,,16642.0,2650.0,8794.0,,,0.4539,0.0,3750,34195.0,0.6221
199926,Wilkes Community College,Wilkesboro,NC,5,1,1,2,32.0,0.0,1355.0,,,9844.0,2572.0,8716.0,,,0.4546,0.0,5600,34728.0,0.6133
199953,Wilson Community College,Wilson,NC,5,1,2,2,31.0,0.0,1373.0,,,10765.0,2572.0,8716.0,,,0.312,0.0808,9004,32973.0,0.6562
199962,Wingate University,Wingate,NC,5,2,3,4,21.0,0.0,2668.0,0.9113,1111.0,57473.0,41636.0,41636.0,0.4635,0.7048,0.4424,0.5183,12000,52649.0,0.5855
199971,Carolina Christian College,Winston Salem,NC,5,2,3,3,11.0,0.0,52.0,,,28817.0,9970.0,9970.0,0.1538,0.0,0.4815,0.6296,10000,40672.0,0.4808
199980,Winston Salem Barber School,Winston-Salem,NC,5,3,1,1,11.0,0.0,29.0,,,,,,,,0.7546,0.6852,PS,16389.0,0.1034
199999,Winston-Salem State University,Winston-Salem,NC,5,1,3,4,11.0,1.0,4170.0,0.7826,945.0,23147.0,6126.0,16782.0,0.4668,0.7725,0.6491,0.6793,18447,45344.0,0.7357
200004,Western Carolina University,Cullowhee,NC,5,1,3,4,32.0,0.0,10024.0,0.8183,1157.0,19992.0,4630.0,8630.0,0.6026,0.7911,0.3464,0.4422,15348,49458.0,0.5753
200013,Rasmussen University-North Dakota,Fargo,ND,4,3,2,3,12.0,0.0,52.0,,,,13957.0,13957.0,0.2857,,0.383,0.6809,13000,39080.0,0.75
200022,Bismarck State College,Bismarck,ND,4,1,2,3,13.0,0.0,2839.0,,,15771.0,5247.0,7331.0,0.4724,0.7681,0.1456,0.2025,6750,54277.0,0.4459
200059,Dickinson State University,Dickinson,ND,4,1,3,4,33.0,0.0,1090.0,0.3702,,20567.0,9118.0,9118.0,0.506,0.6744,0.2148,0.3412,11960,50720.0,0.5514
200086,Nueta Hidatsa Sahnish College,New Town,ND,4,1,2,3,43.0,0.0,161.0,,,14090.0,3870.0,3870.0,0.0732,,0.1921,0.0,PS,,0.6335
200110,Josef's School of Hair Skin & Body-Grand Forks,Grand Forks,ND,4,3,1,1,13.0,0.0,61.0,,,,,,,,0.5714,0.7532,6337,27987.0,1.0
200156,University of Jamestown,Jamestown,ND,4,2,3,4,33.0,0.0,1041.0,0.8808,,38013.0,24990.0,24990.0,0.4904,0.6735,0.2552,0.6141,15897,56621.0,0.4352
200192,Lake Region State College,Devils Lake,ND,4,1,2,2,33.0,0.0,611.0,,,18731.0,5520.0,5520.0,,,0.1017,0.1348,7475,49502.0,0.6154
200208,Cankdeska Cikana Community College,Fort Totten,ND,4,1,2,2,42.0,0.0,222.0,,,11969.0,3950.0,3950.0,,,0.5692,0.0,PS,17008.0,0.7252
200217,University of Mary,Bismarck,ND,4,2,3,4,41.0,0.0,2416.0,0.753,1159.0,33672.0,22356.0,22356.0,0.666,0.8354,0.209,0.4435,18750,60909.0,0.5973
200226,Mayville State University,Mayville,ND,4,1,3,4,43.0,0.0,733.0,,,20657.0,7979.0,11237.0,0.406,0.8068,0.2736,0.3901,12268,47828.0,0.5703
200253,Minot State University,Minot,ND,4,1,3,4,13.0,0.0,2062.0,0.6462,1051.0,19339.0,8702.0,8702.0,0.4505,0.6648,0.2445,0.365,11980,51759.0,0.6125
200280,University of North Dakota,Grand Forks,ND,4,1,3,4,13.0,0.0,9981.0,0.769,,25605.0,10951.0,15570.0,0.6048,0.8402,0.1715,0.4109,15238,63552.0,0.451
200305,North Dakota State College of Science,Wahpeton,ND,4,1,2,2,33.0,0.0,1909.0,,,17265.0,5974.0,6973.0,,,0.1631,0.3045,8250,50513.0,0.3793
200314,Dakota College at Bottineau,Bottineau,ND,4,1,2,2,43.0,0.0,399.0,,,16774.0,5388.0,6294.0,,,0.1288,0.15,8421,40576.0,0.7118
200332,North Dakota State University-Main Campus,Fargo,ND,4,1,3,4,12.0,0.0,9471.0,0.9496,1150.0,23716.0,11110.0,15764.0,0.6389,0.7842,0.1973,0.5199,16750,62203.0,0.5137
200341,Williston State College,Williston,ND,4,1,2,2,33.0,0.0,651.0,,,16651.0,6128.0,6128.0,,,0.2072,0.1371,6500,44017.0,0.5914
200466,Sitting Bull College,Fort Yates,ND,4,1,2,4,43.0,0.0,257.0,,,10012.0,4010.0,4010.0,0.2162,,0.6856,0.0,PS,28488.0,0.6537
200484,Trinity Bible College and Graduate School,Ellendale,ND,4,2,3,4,43.0,0.0,141.0,0.2575,,31544.0,19700.0,19700.0,0.4595,0.6286,0.6181,0.6319,16043,35604.0,0.5532
200527,Turtle Mountain College,Belcourt,ND,4,2,1,4,43.0,0.0,543.0,,,13655.0,2794.0,2794.0,0.4341,1.0,0.583,0.0,PS,32079.0,0.6059
200554,United Tribes Technical College,Bismarck,ND,4,2,2,3,23.0,0.0,569.0,,,14309.0,4632.0,4632.0,0.2133,,0.7823,0.0,PS,25292.0,0.6626
200572,Valley City State University,Valley City,ND,4,1,3,4,33.0,0.0,958.0,0.9907,1041.0,20468.0,8514.0,13544.0,0.5333,0.7086,0.1689,0.2955,11761,52725.0,0.5355
200590,ETI Technical College of Niles,Niles,OH,3,3,1,2,21.0,0.0,179.0,,,22732.0,11350.0,11350.0,,,0.8297,0.8846,12255,34017.0,0.838
200697,Air Force Institute of Technology-Graduate School of Engineering & Management,Wright-Patterson AFB,OH,0,1,4,4,21.0,0.0,,,,,,,,,,,,,
200785,Herzing University-Akron,Akron,OH,3,2,2,3,21.0,0.0,391.0,0.9457,,27417.0,13450.0,13450.0,0.1892,0.25,0.7638,0.8346,11756,36909.0,0.913
200800,University of Akron Main Campus,Akron,OH,3,1,3,4,12.0,0.0,9052.0,0.5967,1081.0,26284.0,13135.0,20815.0,0.5186,0.7298,0.291,0.324,15250,46600.0,0.4606
200846,University of Akron Wayne College,Orrville,OH,3,1,3,3,41.0,0.0,457.0,0.8992,1040.0,15993.0,7723.0,15403.0,0.1852,0.5854,0.1249,0.0889,15250,46600.0,0.6608
200873,Allegheny Wesleyan College,Salem,OH,3,2,3,3,41.0,0.0,46.0,,,14612.0,6800.0,6800.0,0.4615,0.3636,0.5,0.0,PS,37453.0,0.5
201034,Apollo Career Center,Lima,OH,3,1,1,1,23.0,0.0,574.0,,,,,,,,0.1142,0.0748,5940,43101.0,0.5087
201061,Art Academy of Cincinnati,Cincinnati,OH,3,2,3,4,11.0,0.0,205.0,0.3449,,53879.0,41375.0,41375.0,0.4127,0.5088,0.5059,0.6902,11750,34368.0,0.7707
201098,Ashland County-West Holmes Career Center,Ashland,OH,3,1,1,1,42.0,0.0,41.0,,,,,,,,0.4773,0.4545,3666,31791.0,0.4634
201104,Ashland University,Ashland,OH,3,2,3,4,31.0,0.0,2199.0,0.764,1120.0,43434.0,31210.0,31210.0,0.6063,0.7652,0.2885,0.3794,20000,52928.0,0.5157
201131,Ashtabula County Technical and Career Campus,Jefferson,OH,3,1,1,1,42.0,0.0,103.0,,,,,,,,0.2039,0.1974,11224,42163.0,0.6214
201140,Athenaeum of Ohio,Cincinnati,OH,3,2,1,4,11.0,0.0,36.0,,,,,,,,0.0,0.0,,,0.0833
201159,Auburn Career Center,Concord Twp,OH,3,1,1,1,21.0,0.0,292.0,,,,,,,,0.1411,0.0806,6348,37032.0,0.2432
201177,Aultman College of Nursing and Health Sciences,Canton,OH,3,2,2,3,13.0,0.0,280.0,0.4588,1020.0,28979.0,20230.0,20230.0,0.5333,0.7222,0.3693,0.556,13531,63582.0,0.8786
201195,Baldwin Wallace University,Berea,OH,3,2,3,4,21.0,0.0,2842.0,0.757,1194.0,55606.0,39832.0,39832.0,0.6677,0.8384,0.2916,0.822,24250,54122.0,0.5419
201283,Belmont College,St Clairsville,OH,3,1,2,2,41.0,0.0,600.0,,,12680.0,4698.0,7200.0,,,0.2713,0.1441,5322,35329.0,0.67
201371,Bluffton University,Bluffton,OH,3,2,3,4,42.0,0.0,582.0,0.6723,976.0,51862.0,37362.0,37362.0,0.5294,0.5957,0.4468,0.7658,19500,49547.0,0.4227
201432,Bowling Green State University-Firelands,Huron,OH,3,1,2,3,41.0,0.0,1251.0,,,22070.0,6407.0,14395.0,0.1132,0.5062,0.2822,0.2998,17500,47896.0,0.6211
201441,Bowling Green State University-Main Campus,Bowling Green,OH,3,1,3,4,31.0,0.0,12812.0,0.8096,1117.0,33007.0,14460.0,22448.0,0.6373,0.8157,0.2313,0.4794,17500,47896.0,0.5692
201469,Bryant & Stratton College-Parma,Parma,OH,3,2,2,3,21.0,0.0,624.0,,,23917.0,19580.0,19580.0,0.1882,,0.7204,0.7929,9500,32568.0,0.7901
201478,Buckeye Hills Career Center,Rio Grande,OH,3,1,1,1,42.0,0.0,122.0,,,,,,,,0.4465,0.3767,6168,40264.0,0.6967
201496,Butler Technology and Career Development Schools,Monroe,OH,3,1,1,1,23.0,0.0,596.0,,,,,,,,0.2053,0.1887,6396,56645.0,0.3691
201539,Canton City Schools Adult Career and Technical Education,Canton,OH,3,1,1,1,13.0,0.0,88.0,0.625,,,,,,,0.6075,0.5514,9500,42134.0,0.9091
201548,Capital University,Columbus,OH,3,2,3,4,21.0,0.0,1585.0,0.7022,1068.0,57130.0,43234.0,43234.0,0.6027,0.7554,0.3389,0.6274,20927,54143.0,0.5685
201645,Case Western Reserve University,Cleveland,OH,3,2,3,4,11.0,0.0,6437.0,0.3654,1513.0,85851.0,66608.0,66608.0,0.8717,0.9214,0.1752,0.4741,21488,87989.0,0.4794
201654,Cedarville University,Cedarville,OH,3,2,3,4,42.0,0.0,4024.0,0.6529,1241.0,49320.0,37150.0,37150.0,0.7253,0.8958,0.1522,0.333,17500,55443.0,0.537
201672,Central Ohio Technical College,Newark,OH,3,1,2,3,23.0,0.0,1941.0,,,14764.0,5256.0,8016.0,0.3026,1.0,0.2699,0.159,6644,39168.0,0.7883
201681,Central School of Practical Nursing,Independence,OH,3,2,1,1,21.0,0.0,97.0,,,,,,,,0.5,0.5,6100,50672.0,0.9072
201690,Central State University,Wilberforce,OH,3,1,3,4,41.0,1.0,2620.0,0.9861,,21929.0,8058.0,10058.0,0.2281,0.5592,0.527,0.4164,13740,33267.0,0.6401
201803,Choffin Career  and Technical Center,Youngstown,OH,3,1,1,1,13.0,0.0,50.0,1.0,,23858.0,14415.0,14415.0,,,0.8194,0.8194,5500,34654.0,0.86
201821,The Christ College of Nursing and Health Sciences,Cincinnati,OH,3,2,3,3,11.0,0.0,713.0,0.5894,1090.0,28094.0,16836.0,16836.0,0.5571,0.6912,0.349,0.6092,19500,68303.0,0.9102
201867,Cincinnati College of Mortuary Science,Cincinnati,OH,3,2,3,3,21.0,0.0,107.0,,,,,,,,0.2621,0.6602,15000,55695.0,0.8224
201885,University of Cincinnati-Main Campus,Cincinnati,OH,3,1,3,4,11.0,0.0,29882.0,0.8529,1282.0,32171.0,13976.0,29310.0,0.7496,0.8535,0.1876,0.3732,12000,54810.0,0.503
201928,Cincinnati State Technical and Community College,Cincinnati,OH,3,1,1,3,11.0,0.0,5667.0,,,12229.0,5517.0,10044.0,0.1633,0.5,0.2969,0.2678,7966,40137.0,0.6383
201946,University of Cincinnati-Clermont College,Batavia,OH,3,1,2,3,21.0,0.0,3019.0,,,19165.0,6750.0,13982.0,0.2374,,0.1282,0.149,12000,54810.0,0.6784
201955,University of Cincinnati-Blue Ash College,Blue Ash,OH,3,1,2,3,21.0,0.0,4354.0,,,21784.0,7200.0,15998.0,0.159,,0.2218,0.2178,12000,54810.0,0.5866
201964,Ohio Christian University,Circleville,OH,3,2,3,4,41.0,0.0,862.0,0.3797,,35017.0,24600.0,24600.0,0.3394,0.6237,0.3366,0.4239,21250,39813.0,0.5812
201973,Clark State College,Springfield,OH,3,1,1,3,13.0,0.0,3456.0,,,16812.0,4393.0,8049.0,0.2176,1.0,0.3825,0.4094,6899,39584.0,0.7054
202046,Cleveland Institute of Art,Cleveland,OH,3,2,3,3,11.0,0.0,539.0,0.6135,1193.0,64587.0,49400.0,49400.0,0.5771,0.878,0.4223,0.788,26500,42509.0,0.7403
202073,Cleveland Institute of Music,Cleveland,OH,3,2,3,4,11.0,0.0,159.0,0.4731,,61212.0,52880.0,52880.0,0.7213,0.9024,0.1371,0.3249,18500,32641.0,0.5031
202134,Cleveland State University,Cleveland,OH,3,1,3,4,11.0,0.0,8969.0,0.913,,27159.0,12988.0,18510.0,0.5057,0.7032,0.4051,0.737,15333,52131.0,0.5354
202152,Columbiana County Career and Technical Center,Lisbon,OH,3,1,1,1,42.0,0.0,144.0,,,,,,,,0.6488,0.7756,9245,33552.0,0.8056
202170,Columbus College of Art & Design,Columbus,OH,3,2,3,4,11.0,0.0,882.0,0.6766,,54443.0,40825.0,40825.0,0.556,0.8032,0.3919,0.6988,20500,40664.0,0.7302
202222,Columbus State Community College,Columbus,OH,3,1,1,3,11.0,0.0,17549.0,,,13381.0,5488.0,11224.0,0.2806,,0.2596,0.1798,5993,39435.0,0.5301
202356,Cuyahoga Community College District,Cleveland,OH,3,1,1,2,11.0,0.0,13382.0,,,11189.0,3249.0,7249.0,,,0.3226,0.0935,4724,35654.0,0.6016
202435,Davis College,Toledo,OH,3,3,1,2,11.0,0.0,273.0,,,29862.0,14130.0,14130.0,0.5,,0.4526,0.5263,11996,31588.0,0.5495
202453,Dayton Barber College,Miamisburg,OH,3,3,1,1,21.0,0.0,74.0,,,,,,,,0.7207,0.0,PS,17789.0,0.2162
202480,University of Dayton,Dayton,OH,3,2,3,4,12.0,0.0,7682.0,0.6545,1335.0,65881.0,49140.0,49140.0,0.8018,0.8906,0.1581,0.4044,19500,75537.0,0.4732
202514,Defiance College,Defiance,OH,3,2,3,4,32.0,0.0,499.0,0.4755,,53667.0,29320.0,29320.0,0.3057,0.5565,0.4978,0.7241,11000,49351.0,0.3647
202523,Denison University,Granville,OH,3,2,3,3,23.0,0.0,2380.0,0.1739,1410.0,81900.0,67000.0,67000.0,0.789,0.8852,0.1255,0.505,21250,67753.0,0.5223
202648,Edison State Community College,Piqua,OH,3,1,1,2,41.0,0.0,1302.0,,,13472.0,4499.0,8346.0,0.3801,,0.1711,0.0591,9278,41360.0,0.6513
202657,EHOVE Career Center,Milan,OH,3,1,1,1,41.0,0.0,398.0,,,,,,,,0.3535,0.4434,6333,40117.0,0.6583
202763,The University of Findlay,Findlay,OH,3,2,3,4,32.0,0.0,2223.0,0.8337,,54580.0,41164.0,41164.0,0.5786,0.7374,0.1469,0.3505,19500,56996.0,0.6779
202806,Franklin University,Columbus,OH,3,2,3,4,11.0,0.0,5562.0,,,30696.0,9577.0,9577.0,0.1111,0.359,0.3718,0.4057,14238,51892.0,0.6196
202888,Gerbers Akron Beauty School,Akron,OH,3,3,1,1,12.0,0.0,39.0,,,,,,,,0.3692,0.1385,3500,20907.0,1.0
202903,Gods Bible School and College,Cincinnati,OH,3,2,2,4,11.0,0.0,281.0,0.7532,,18358.0,7710.0,7710.0,0.4048,0.8095,0.3669,0.0647,5500,37722.0,0.5018
202912,Good Samaritan College of Nursing and Health Science,Cincinnati,OH,3,2,2,3,11.0,0.0,690.0,0.4574,,26627.0,15470.0,15470.0,0.7273,,0.5098,0.7418,16013,66111.0,0.9304
202949,Great Oaks Career Campuses,Cincinnati,OH,3,1,1,1,21.0,0.0,142.0,,,,,,,,0.3205,0.4103,5500,55163.0,0.1338
203030,Adult and Community Education-Hudson,Columbus,OH,3,1,1,1,11.0,0.0,67.0,1.0,,,,,,,0.7182,0.7909,14250,51551.0,0.8358
203067,Hebrew Union College-Jewish Institute of Religion,New York,NY,2,2,4,4,11.0,0.0,,,,,,,,,,,PS,,
203085,Heidelberg University,Tiffin,OH,3,2,3,4,32.0,0.0,915.0,0.8579,,47025.0,33650.0,33650.0,0.5198,0.7413,0.366,0.9067,20500,48466.0,0.4514
203128,Hiram College,Hiram,OH,3,2,3,4,42.0,0.0,777.0,0.9353,,40572.0,27600.0,27600.0,0.5451,0.7186,0.3174,0.5585,19500,54311.0,0.4736
203146,Hobart Institute of Welding Technology,Troy,OH,3,2,1,1,31.0,0.0,356.0,,,,,,,,0.2072,0.2681,5500,60955.0,0.0843
203155,Hocking College,Nelsonville,OH,3,1,2,2,41.0,0.0,1311.0,,,19171.0,5540.0,10290.0,,,0.4561,0.5011,6701,37791.0,0.4981
203234,Ross Medical Education Center-Cincinnati,Cincinnati,OH,3,3,1,1,21.0,0.0,129.0,,,,,,,,0.6512,0.6163,9389,33079.0,0.9612
203368,John Carroll University,University Heights,OH,3,2,3,4,21.0,0.0,2274.0,0.809,1298.0,65827.0,50500.0,50500.0,0.7855,0.8288,0.2059,0.5466,21500,62860.0,0.4595
203386,Hondros College of Nursing,Columbus,OH,3,3,1,2,11.0,0.0,3857.0,0.8529,,30681.0,14817.0,14817.0,,,0.7127,0.879,12004,58636.0,0.9279
203438,Casal Aveda Institute,Niles,OH,3,3,1,1,21.0,0.0,102.0,,,,,,,,0.5503,0.8413,5206,22453.0,1.0
203447,Kent State University at Ashtabula,Ashtabula,OH,3,1,2,3,32.0,0.0,1290.0,,,17513.0,7492.0,17342.0,0.2471,0.4865,0.3324,0.3762,17500,45388.0,0.6388
203456,Kent State University at East Liverpool,East Liverpool,OH,3,1,2,3,31.0,0.0,797.0,,,18635.0,7492.0,17342.0,0.2632,0.3333,0.2233,0.2817,17500,45388.0,0.6274
203465,Kent State University at Stark,North Canton,OH,3,1,2,3,21.0,0.0,2692.0,,,15936.0,7492.0,17342.0,0.3672,0.5415,0.2909,0.3606,17500,45388.0,0.6296
203474,Kent State University at Trumbull,Warren,OH,3,1,2,3,41.0,0.0,1629.0,,,18371.0,7492.0,17342.0,0.3218,0.4684,0.3871,0.3461,17500,45388.0,0.6483
203483,Kent State University at Tuscarawas,New Philadelphia,OH,3,1,2,3,32.0,0.0,1654.0,,,17539.0,7492.0,17342.0,0.3774,0.5,0.3435,0.3732,17500,45388.0,0.5949
203492,Kent State University at Salem,Salem,OH,3,1,2,3,41.0,0.0,1164.0,,,18446.0,7492.0,17342.0,0.3087,0.4722,0.3348,0.3982,17500,45388.0,0.7148
203517,Kent State University at Kent,Kent,OH,3,1,3,4,21.0,0.0,19320.0,0.8634,1099.0,30567.0,13232.0,23082.0,0.6372,0.8094,0.2851,0.5009,17500,45388.0,0.6197
203526,Kent State University at Geauga,Burton,OH,3,1,2,3,42.0,0.0,1601.0,,,16480.0,7492.0,17342.0,0.2027,0.4912,0.247,0.2972,17500,45388.0,0.644
203535,Kenyon College,Gambier,OH,3,2,3,3,41.0,0.0,1732.0,0.3103,1429.0,87590.0,71520.0,71520.0,0.8234,0.9163,0.0952,0.212,15000,71830.0,0.5641
203544,Kettering College,Kettering,OH,3,2,3,4,13.0,0.0,549.0,0.7654,1050.0,32839.0,16320.0,16320.0,0.6512,0.7353,0.241,0.421,19456,67492.0,0.8525
203580,Lake Erie College,Painesville,OH,3,2,3,4,21.0,0.0,852.0,0.7036,,50790.0,37634.0,37634.0,0.3795,0.5936,0.3723,0.5457,13875,50417.0,0.5153
203599,Lakeland Community College,Kirtland,OH,3,1,2,2,21.0,0.0,2773.0,,,11859.0,3872.0,9235.0,,,0.2312,0.1526,7780,39612.0,0.6253
203614,Collins Career Technical Center,Chesapeake,OH,3,1,1,1,41.0,0.0,454.0,,,,,,,,0.7147,0.6609,9711,47329.0,0.8018
203678,James A. Rhodes State College,Lima,OH,3,1,1,3,41.0,0.0,1590.0,,,14578.0,4560.0,9120.0,0.4697,,0.1515,0.0774,7759,41855.0,0.7384
203720,Ohio Business College-Sheffield,Sheffield Village,OH,3,3,1,2,22.0,0.0,224.0,,,34607.0,11534.0,11534.0,,,0.5879,0.6121,10000,30389.0,0.3973
203748,Lorain County Community College,Elyria,OH,3,1,1,3,22.0,0.0,5373.0,,,9860.0,4265.0,8860.0,0.3094,,0.2552,0.0742,8917,38837.0,0.6259
203757,Lourdes University,Sylvania,OH,3,2,3,4,21.0,0.0,543.0,0.7413,,45378.0,29500.0,29500.0,0.3246,0.8712,0.2999,0.8102,19000,48150.0,0.5341
203775,Malone University,Canton,OH,3,2,3,4,13.0,0.0,798.0,0.7586,1081.0,49754.0,37160.0,37160.0,0.4498,0.7558,0.3252,0.5856,20515,48909.0,0.5689
203845,Marietta College,Marietta,OH,3,2,3,4,31.0,0.0,952.0,0.7931,1088.0,53709.0,39652.0,39652.0,0.6138,0.6943,0.3355,0.6866,12000,57180.0,0.4664
203881,Marion Technical College,Marion,OH,3,1,2,3,32.0,0.0,1475.0,,,13026.0,6595.0,11225.0,0.3062,,0.2261,0.0798,5500,41495.0,0.5756
203942,Medina County Career Center,Medina,OH,3,1,1,1,41.0,0.0,43.0,,,,,,,,0.4038,0.0,PS,41273.0,0.2558
203960,Mercy College of Ohio,Toledo,OH,3,2,3,4,11.0,0.0,939.0,0.9322,947.0,30260.0,19470.0,19470.0,0.5581,0.8667,0.3273,0.4414,15084,65409.0,0.8743
203997,Methodist Theological School in Ohio,Delaware,OH,3,2,4,4,21.0,0.0,,,,,,,,,,,PS,,
204006,Miami University-Hamilton,Hamilton,OH,3,1,3,4,21.0,0.0,2043.0,,,15352.0,7491.0,19407.0,0.2494,0.5341,0.3036,0.3245,16000,55076.0,0.5296
204015,Miami University-Middletown,Middletown,OH,3,1,3,3,23.0,0.0,837.0,,,14890.0,7491.0,19407.0,0.3175,0.6667,0.2721,0.2844,16000,55076.0,0.5197
204024,Miami University-Oxford,Oxford,OH,3,1,3,4,31.0,0.0,16656.0,0.754,1317.0,38757.0,18161.0,41221.0,0.7979,0.9014,0.1259,0.3324,16000,55076.0,0.5211
204121,Moler Hollywood Beauty Academy,Cincinnati,OH,3,3,1,1,11.0,0.0,73.0,,,,,,,,0.9359,0.9359,6333,17832.0,1.0
204176,Mount Carmel College of Nursing,Columbus,OH,3,2,3,4,11.0,0.0,532.0,0.8429,,21446.0,22080.0,22080.0,0.5385,0.8077,0.327,0.6522,21000,75103.0,0.8647
204185,University of Mount Union,Alliance,OH,3,2,3,4,31.0,0.0,1995.0,0.782,1088.0,49276.0,36600.0,36600.0,0.5865,0.7668,0.2782,0.7644,20500,53217.0,0.4932
204194,Mount Vernon Nazarene University,Mount Vernon,OH,3,2,3,4,32.0,0.0,1358.0,0.8415,1131.0,49858.0,37158.0,37158.0,0.6811,0.7941,0.3029,0.5015,19565,49555.0,0.592
204200,Mount St. Joseph University,Cincinnati,OH,3,2,3,4,21.0,0.0,1129.0,0.5912,1183.0,46719.0,38150.0,38150.0,0.5633,0.6873,0.3031,0.543,18837,51509.0,0.5385
204255,Zane State College,Zanesville,OH,3,1,2,3,32.0,0.0,715.0,,,13935.0,6006.0,11766.0,0.4648,,0.1834,0.113,3995,35006.0,0.551
204264,Muskingum University,New Concord,OH,3,2,3,4,42.0,0.0,1376.0,0.8184,1017.0,44658.0,32665.0,32665.0,0.5637,0.7346,0.3911,0.8097,16750,48440.0,0.5327
204334,National Beauty College,Canton,OH,3,3,1,1,13.0,0.0,172.0,,,,,,,,0.5738,0.5574,5310,21091.0,0.9942
204422,North Central State College,Mansfield,OH,3,1,2,3,41.0,0.0,1273.0,,,10118.0,4624.0,9103.0,0.3606,0.7143,0.2175,0.1469,4500,38158.0,0.6897
204431,Northern Institute of Cosmetology,Lorain,OH,3,3,1,1,22.0,0.0,57.0,,,,,,,,0.6585,0.0,PS,21904.0,0.7895
204440,Northwest State Community College,Archbold,OH,3,1,2,2,42.0,0.0,1115.0,,,17994.0,4698.0,9170.0,,,0.1328,0.073,5500,40004.0,0.5291
204459,Toledo Public Schools Adult and Continuing Education,Toledo,OH,3,1,1,1,11.0,0.0,33.0,,,,,,,,0.8049,0.6098,7317,51691.0,0.303
204477,Northeast Ohio Medical University,Rootstown,OH,3,1,4,4,21.0,0.0,,,,,,,,,,,PS,,
204486,University of Northwestern Ohio,Lima,OH,3,2,2,4,23.0,0.0,2494.0,,,26266.0,13875.0,13875.0,0.5402,0.6132,0.3394,0.5836,12000,50968.0,0.1772
204501,Oberlin College,Oberlin,OH,3,2,3,4,31.0,0.0,2887.0,0.3418,1447.0,87404.0,67366.0,67366.0,0.8089,0.91,0.0964,0.3102,19500,58343.0,0.5902
204608,Ohio Technical College,Cleveland,OH,3,3,1,2,11.0,0.0,683.0,,,,,,,,0.4966,0.6759,9500,48450.0,0.1171
204617,Ohio Dominican University,Columbus,OH,3,2,3,4,11.0,0.0,760.0,0.9423,,47621.0,35720.0,35720.0,0.4102,0.6396,0.3691,0.566,16557,51748.0,0.4882
204635,Ohio Northern University,Ada,OH,3,2,3,4,31.0,0.0,2489.0,0.744,1252.0,53580.0,39800.0,39800.0,0.7548,0.8433,0.206,0.5459,24250,80928.0,0.4496
204662,Ohio State University Agricultural Technical Institute,Wooster,OH,3,1,2,2,32.0,0.0,464.0,,,24595.0,9584.0,36362.0,,,0.2706,0.4156,14500,60409.0,0.5776
204671,Ohio State University-Lima Campus,Lima,OH,3,1,3,3,41.0,0.0,621.0,,,19487.0,9488.0,36266.0,0.2271,0.4231,0.295,0.3356,14500,60409.0,0.5749
204680,Ohio State University-Mansfield Campus,Mansfield,OH,3,1,2,3,41.0,0.0,736.0,,,23623.0,9488.0,36266.0,0.1531,0.3402,0.3879,0.3701,14500,60409.0,0.587
204699,Ohio State University-Marion Campus,Marion,OH,3,1,2,3,32.0,0.0,794.0,,,18928.0,9488.0,36266.0,0.2669,0.4024,0.2964,0.2964,14500,60409.0,0.5101
204705,Ohio State University-Newark Campus,Newark,OH,3,1,2,3,23.0,0.0,2396.0,,,22063.0,9488.0,36266.0,0.2915,0.2528,0.3922,0.3315,14500,60409.0,0.4871
204714,Ohio State Beauty Academy,Lima,OH,3,3,1,1,23.0,0.0,91.0,,,,,,,,0.5088,0.5614,5500,25434.0,0.967
204723,Ohio State College of Barber Styling,Columbus,OH,3,3,1,1,21.0,0.0,406.0,,,,,,,,0.4322,0.3913,8750,18341.0,0.2586
204769,The Spa School,Columbus,OH,3,3,1,1,11.0,0.0,111.0,,,,,,,,0.4853,0.6225,7814,26989.0,1.0
204778,Ohio State School of Cosmetology-Canal Winchester,CANAL WINCHESTER,OH,3,3,1,1,21.0,0.0,57.0,,,,,,,,0.5429,0.8,9700,23131.0,0.9649
204796,Ohio State University-Main Campus,Columbus,OH,3,1,3,4,11.0,0.0,45638.0,0.6057,1387.0,30305.0,13244.0,40022.0,0.8772,0.9423,0.2016,0.2877,14500,60409.0,0.505
204802,Ohio University-Eastern Campus,Saint Clairsville,OH,3,1,3,3,41.0,0.0,298.0,,,10777.0,6362.0,9444.0,0.2065,0.6289,0.0983,0.0722,15332,52581.0,0.6711
204820,Ohio University-Chillicothe Campus,Chillicothe,OH,3,1,2,3,32.0,0.0,833.0,,,11356.0,6362.0,9444.0,0.1439,0.669,0.1587,0.1834,15332,52581.0,0.6687
204839,Ohio University-Southern Campus,Ironton,OH,3,1,2,3,22.0,0.0,415.0,,,11607.0,6362.0,9444.0,0.2103,0.5361,0.1293,0.1226,15332,52581.0,0.7084
204848,Ohio University-Lancaster Campus,Lancaster,OH,3,1,3,3,41.0,0.0,691.0,,,10984.0,6362.0,9444.0,0.1441,0.5027,0.1179,0.1173,15332,52581.0,0.6454
204857,Ohio University-Main Campus,Athens,OH,3,1,3,4,32.0,0.0,19633.0,0.8499,1212.0,30586.0,14158.0,24838.0,0.6545,0.8389,0.2121,0.4753,15332,52581.0,0.6162
204866,Ohio University-Zanesville Campus,Zanesville,OH,3,1,2,3,32.0,0.0,560.0,,,11041.0,6362.0,9444.0,0.216,0.5957,0.1301,0.1362,15332,52581.0,0.7643
204884,East Ohio College,East Liverpool,OH,3,3,2,2,31.0,0.0,118.0,,,22500.0,14798.0,14798.0,,,0.7383,0.8993,10583,29342.0,0.9153
204893,Trinity Health System School of Nursing,Steubenville,OH,3,2,1,1,13.0,0.0,26.0,1.0,,14032.0,9619.0,10453.0,,,0.36,0.76,11625,71660.0,0.8846
204909,Ohio Wesleyan University,Delaware,OH,3,2,3,3,21.0,0.0,1516.0,0.556,,68424.0,53888.0,53888.0,0.5857,0.8474,0.2817,0.6205,21500,55624.0,0.564
204936,Otterbein University,Westerville,OH,3,2,3,4,21.0,0.0,2157.0,0.8453,1220.0,48321.0,35548.0,35548.0,0.6788,0.7992,0.3063,0.5314,20500,53313.0,0.6027
204945,Owens Community College,Perrysburg,OH,3,1,1,2,21.0,0.0,4361.0,,,14436.0,5870.0,10502.0,,,0.224,0.2289,8731,37275.0,0.632
204963,Paramount Beauty Academy,Portsmouth,OH,3,3,1,1,32.0,0.0,51.0,,,,,,,,0.6795,0.7436,7917,21361.0,0.902
204981,Cuyahoga Valley Career Center,Brecksville,OH,3,1,1,1,21.0,0.0,131.0,,,,,,,,0.3228,0.3545,12534,47914.0,0.6183
204990,Payne Theological Seminary,Wilberforce,OH,3,2,4,4,41.0,0.0,,,,,,,,,,,PS,,
205027,Pontifical College Josephinum,Columbus,OH,3,2,3,4,11.0,0.0,60.0,0.9583,,,28691.0,28691.0,0.3158,1.0,0.0667,0.2222,PS,,0.0
205054,Professional Skills Institute,Maumee,OH,3,3,2,3,21.0,0.0,395.0,0.8312,,27427.0,15884.0,15884.0,0.4348,0.75,0.7264,0.8607,12667,47765.0,0.9215
205090,Firelands Regional Medical Center School of Nursing,Sandusky,OH,3,2,1,1,13.0,0.0,65.0,,,,,,,,0.5211,0.6197,10000,68723.0,0.8615
205124,Rabbinical College Telshe,Wickliffe,OH,3,2,3,3,21.0,0.0,50.0,0.8333,,25000.0,18000.0,18000.0,0.5263,0.8235,0.3684,0.0,PS,,0.0
205142,Raphael's School of Beauty Culture Inc-Niles,Niles,OH,3,3,1,1,21.0,0.0,172.0,,,,,,,,0.6872,0.6784,6251,21307.0,0.6512
205179,Fortis College-Centerville,Centerville,OH,3,3,1,2,21.0,0.0,547.0,,,35305.0,14440.0,14440.0,,,0.7957,0.8087,12949,34726.0,0.7642
205203,University of Rio Grande,Rio Grande,OH,3,2,2,4,42.0,0.0,1400.0,,,33716.0,20560.0,20560.0,0.3602,0.5625,0.3363,0.5407,11750,41478.0,0.5636
205391,The Modern College of Design,Kettering,OH,3,3,2,3,13.0,0.0,211.0,0.917,,47229.0,31468.0,31468.0,0.6905,,0.5333,0.8564,12000,42187.0,0.6777
205443,Shawnee State University,Portsmouth,OH,3,1,3,4,32.0,0.0,2247.0,,,21974.0,10626.0,17358.0,0.4811,0.7199,0.3856,0.386,12885,39596.0,0.5812
205470,Sinclair Community College,Dayton,OH,3,1,1,3,12.0,0.0,13308.0,,,11003.0,3675.0,8556.0,0.4111,0.8,0.3107,0.2105,5500,37558.0,0.5654
205841,Stark State College,North Canton,OH,3,1,1,2,21.0,0.0,5749.0,,,10755.0,4790.0,7886.0,,,0.3582,0.2418,6886,34661.0,0.5888
205887,Stautzenberger College-Maumee,Maumee,OH,3,3,1,2,21.0,0.0,586.0,,,27696.0,16699.0,16699.0,,,0.8308,0.9269,13127,34104.0,0.7406
205957,Franciscan University of Steubenville,Steubenville,OH,3,2,3,4,13.0,0.0,2901.0,0.5836,1220.0,44580.0,34100.0,34100.0,0.7545,0.8748,0.2304,0.5252,18590,50030.0,0.5371
205966,Southern State Community College,Hillsboro,OH,3,1,2,2,32.0,0.0,761.0,,,15244.0,5912.0,10818.0,,,0.2165,0.132,7433,35463.0,0.7109
206011,Terra State Community College,Fremont,OH,3,1,1,2,41.0,0.0,1028.0,,,23647.0,5748.0,8544.0,,,0.2724,0.2245,8557,36612.0,0.4854
206039,Tiffin Academy of Hair Design,Tiffin,OH,3,3,1,1,32.0,0.0,48.0,,,,,,,,0.5867,0.6933,6412,25036.0,1.0
206048,Tiffin University,Tiffin,OH,3,2,3,4,32.0,0.0,2051.0,0.8005,986.0,48004.0,34790.0,34790.0,0.3987,0.7158,0.3147,0.5013,15795,35942.0,0.5027
206084,University of Toledo,Toledo,OH,3,1,3,4,11.0,0.0,9770.0,0.9202,1235.0,26512.0,12744.0,22104.0,0.5704,0.773,0.2746,0.3632,14750,50632.0,0.5121
206154,Tri-State Bible College,South Point,OH,3,2,3,3,22.0,0.0,17.0,,,,9100.0,9100.0,0.0,,0.6,0.1333,PS,31675.0,0.2353
206172,Tri-County Adult Career Center,Nelsonville,OH,3,1,1,1,41.0,0.0,7.0,,,,,,,,0.1364,0.0,PS,26129.0,0.4286
206181,Tri-Rivers Career Center,Marion,OH,3,1,1,1,41.0,0.0,151.0,,,,,,,,0.456,0.3679,9500,48707.0,0.7152
206288,United Theological Seminary,Dayton,OH,3,2,4,4,21.0,0.0,,,,,,,,,,,PS,,
206321,Upper Valley Career Center,Piqua,OH,3,1,1,1,41.0,0.0,131.0,,,,,,,,0.5474,0.5401,6333,52170.0,0.8244
206349,Ursuline College,Pepper Pike,OH,3,2,3,4,21.0,0.0,670.0,0.7493,1097.0,50523.0,38990.0,38990.0,0.6667,0.7018,0.4301,0.8524,21938,56878.0,0.9224
206437,Walsh University,North Canton,OH,3,2,3,4,21.0,0.0,1390.0,0.7074,1193.0,47575.0,35745.0,35745.0,0.585,0.7237,0.2736,0.5221,20000,59764.0,0.4712
206446,Washington State College of Ohio,Marietta,OH,3,1,2,3,31.0,0.0,1484.0,,,12847.0,4128.0,4152.0,0.3238,,0.2981,0.2169,6750,37988.0,0.6819
206491,Wilberforce University,Wilberforce,OH,3,2,3,4,41.0,1.0,822.0,0.405,,25676.0,16448.0,16448.0,0.1202,0.7417,0.7409,0.9734,12000,38298.0,0.5304
206507,Wilmington College,Wilmington,OH,3,2,3,4,32.0,0.0,1006.0,0.924,1029.0,43431.0,32082.0,32082.0,0.4727,0.7203,0.3885,0.7608,14782,48491.0,0.5298
206516,Winebrenner Theological Seminary,Findlay,OH,3,2,4,4,32.0,0.0,,,,,,,,,,,PS,,
206525,Wittenberg University,Springfield,OH,3,2,3,4,13.0,0.0,1215.0,0.7235,1179.0,57799.0,45940.0,45940.0,0.5269,0.6345,0.3486,0.854,23252,54947.0,0.4765
206589,The College of Wooster,Wooster,OH,3,2,3,3,32.0,0.0,1730.0,0.5953,1353.0,75656.0,61640.0,61640.0,0.7394,0.8208,0.209,0.4467,21115,59629.0,0.5283
206604,Wright State University-Main Campus,Dayton,OH,3,1,3,4,21.0,0.0,6762.0,0.9633,,24373.0,11522.0,21222.0,0.4169,0.6793,0.3447,0.4174,15854,49500.0,0.5535
206613,Wright State University-Lake Campus,Celina,OH,3,1,3,3,41.0,0.0,892.0,,,16340.0,7728.0,17428.0,0.4091,0.6059,0.2117,0.2382,15854,49500.0,0.6087
206622,Xavier University,Cincinnati,OH,3,2,3,4,11.0,0.0,4207.0,0.8641,1217.0,65476.0,50640.0,50640.0,0.6865,0.7747,0.1627,0.5254,18750,64873.0,0.5498
206695,Youngstown State University,Youngstown,OH,3,1,3,4,13.0,0.0,7961.0,0.8445,1120.0,21708.0,11113.0,11473.0,0.5048,0.7573,0.3378,0.3846,15750,41544.0,0.5503
206835,Oklahoma Wesleyan University,Bartlesville,OK,6,2,3,4,32.0,0.0,673.0,0.6617,,44743.0,33550.0,33550.0,0.3476,0.5,0.2925,0.5194,16679,59841.0,0.4591
206862,Southern Nazarene University,Bethany,OK,6,2,3,4,21.0,0.0,1455.0,,,46465.0,31190.0,31190.0,0.5051,0.7286,0.4696,0.6038,17337,54951.0,0.5485
206905,Pontotoc Technology Center,Ada,OK,6,1,1,1,41.0,0.0,72.0,,,,,,,,0.1292,0.0,PS,40955.0,0.4306
206914,Cameron University,Lawton,OK,6,1,3,4,13.0,0.0,2492.0,,,19862.0,7095.0,16515.0,0.3067,0.672,0.3884,0.2605,11000,40118.0,0.6348
206923,Carl Albert State College,Poteau,OK,6,1,2,2,32.0,0.0,1308.0,,,23617.0,4380.0,9098.0,,,0.5427,0.1438,6496,34117.0,0.7102
206932,Central Oklahoma College,Oklahoma City,OK,6,3,1,2,11.0,0.0,477.0,,,,,,,,0.6828,0.7358,6254,21213.0,0.9224
206941,University of Central Oklahoma,Edmond,OK,6,1,3,4,21.0,0.0,10170.0,0.7812,1090.0,26392.0,8818.0,19704.0,0.3676,0.6523,0.3649,0.3317,13000,48351.0,0.6215
206996,Connors State College,Warner,OK,6,1,1,2,43.0,0.0,2076.0,,,17957.0,3792.0,7530.0,,,0.2541,0.2216,8500,38469.0,0.6922
207041,East Central University,Ada,OK,6,1,3,4,33.0,0.0,2467.0,0.5815,1049.0,18459.0,8032.0,17842.0,0.3442,0.6061,0.45,0.3593,11250,44962.0,0.5967
207050,Eastern Oklahoma State College,Wilburton,OK,6,1,2,2,43.0,0.0,964.0,,,18546.0,4947.0,8384.0,,,0.4373,0.1463,8750,38658.0,0.7085
207069,Redlands Community College,El Reno,OK,6,1,2,2,32.0,0.0,946.0,,,15510.0,5385.0,7951.0,,,0.2232,0.0633,5500,37224.0,0.667
207087,Formations Institute,Enid,OK,6,3,1,1,13.0,0.0,39.0,,,,,,,,0.7123,0.6575,5500,22058.0,0.8718
207102,Eves College of Hairstyling,Lawton,OK,6,3,1,1,13.0,0.0,86.0,,,,,,,,0.7333,0.563,6333,15956.0,0.6977
207157,Randall University,Moore,OK,6,2,3,4,21.0,0.0,267.0,0.5786,980.0,26126.0,17714.0,17714.0,0.2639,0.5625,0.3737,0.2776,13250,42051.0,0.3783
207209,Langston University,Langston,OK,6,1,2,4,42.0,1.0,1742.0,,,21394.0,6863.0,14616.0,0.1684,0.5394,0.6781,0.6007,11664,33261.0,0.5735
207236,Murray State College,Tishomingo,OK,6,1,2,3,43.0,0.0,1786.0,,,20726.0,7230.0,11430.0,0.2713,,0.2867,0.395,8886,36545.0,0.7088
207254,Spartan College of Aeronautics and Technology,Tulsa,OK,6,3,2,3,11.0,0.0,840.0,,,36273.0,20940.0,20940.0,0.5139,,0.0919,0.0636,14726,49944.0,0.106
207263,Northeastern State University,Tahlequah,OK,6,1,3,4,33.0,0.0,4772.0,0.9959,1049.0,21551.0,7810.0,17290.0,0.3536,0.605,0.4509,0.359,12000,45379.0,0.6174
207281,Northern Oklahoma College,Tonkawa,OK,6,1,2,2,42.0,0.0,1941.0,,,15242.0,5083.0,12202.0,,,0.3367,0.1975,7375,37566.0,0.6358
207290,Northeastern Oklahoma A&M College,Miami,OK,6,1,2,2,32.0,0.0,1720.0,,,18885.0,5213.0,11363.0,,,0.542,0.3474,7277,38337.0,0.639
207306,Northwestern Oklahoma State University,Alva,OK,6,1,3,4,33.0,0.0,1498.0,0.6545,1003.0,18672.0,5970.0,11664.0,0.3035,0.6507,0.4142,0.3724,11000,44358.0,0.5774
207315,Oklahoma State University Center for Health Sciences,Tulsa,OK,6,1,4,4,11.0,0.0,,,,,,,,,,,PS,,
207324,Oklahoma Christian University,Edmond,OK,6,2,3,4,11.0,0.0,1885.0,0.9654,1122.0,39106.0,27180.0,27180.0,0.5551,0.7252,0.3302,0.4495,18500,49203.0,0.557
207342,University of Oklahoma-Health Sciences Center,Oklahoma City,OK,6,1,3,4,11.0,0.0,1214.0,,,,,,,,0.2861,0.5223,15500,63126.0,0.8756
207351,Oklahoma Panhandle State University,Goodwell,OK,6,1,3,3,42.0,0.0,917.0,,,15055.0,8092.0,8673.0,0.2094,0.5591,0.4771,0.6359,7500,44933.0,0.5529
207388,Oklahoma State University-Main Campus,Stillwater,OK,6,1,3,4,32.0,0.0,21773.0,0.7504,1150.0,28290.0,10234.0,25754.0,0.6817,0.8478,0.2799,0.3716,15500,57413.0,0.5277
207397,Oklahoma State University-Oklahoma City,Oklahoma City,OK,6,1,2,3,11.0,0.0,3514.0,,,12881.0,3779.0,9564.0,0.1485,,0.3166,0.1952,8989,41307.0,0.6554
207403,Oklahoma Baptist University,Shawnee,OK,6,2,3,4,32.0,0.0,1308.0,0.4941,1024.0,48695.0,35570.0,35570.0,0.5237,0.7166,0.1739,0.2314,15363,48434.0,0.5474
207449,Oklahoma City Community College,Oklahoma City,OK,6,1,2,2,11.0,0.0,9758.0,,,11439.0,4059.0,9810.0,,,0.252,0.101,5668,38146.0,0.66
207458,Oklahoma City University,Oklahoma City,OK,6,2,3,4,11.0,0.0,1514.0,0.7702,1177.0,47247.0,35648.0,35648.0,0.6488,0.8391,0.2391,0.4485,15250,54655.0,0.6618
207500,University of Oklahoma-Norman Campus,Norman,OK,6,1,3,4,22.0,0.0,22734.0,0.766,1246.0,28872.0,9797.0,27377.0,0.7533,0.9,0.2497,0.3231,15500,63126.0,0.5213
207564,Oklahoma State University Institute of Technology,Okmulgee,OK,6,1,2,3,32.0,0.0,2028.0,,,17256.0,5774.0,11384.0,0.4239,,0.4152,0.3285,9000,45634.0,0.3407
207582,Oral Roberts University,Tulsa,OK,6,2,3,4,11.0,0.0,3487.0,0.989,1196.0,50004.0,35470.0,35470.0,0.5683,0.8049,0.2843,0.416,20250,46885.0,0.5781
207661,Rogers State University,Claremore,OK,6,1,3,4,31.0,0.0,2657.0,,,21064.0,7750.0,16410.0,0.2896,0.6965,0.4014,0.3659,11250,43166.0,0.5992
207670,Rose State College,Midwest City,OK,6,1,2,2,21.0,0.0,4953.0,,,18655.0,5030.0,11407.0,0.2,,0.2911,0.1284,5500,37555.0,0.6925
207704,Jenks Beauty College,Jenks,OK,6,3,1,1,21.0,0.0,95.0,,,,,,,,0.5597,0.4691,5500,21406.0,0.9895
207722,University of Science and Arts of Oklahoma,Chickasha,OK,6,1,3,3,32.0,0.0,941.0,0.6582,1152.0,20662.0,9000.0,20190.0,0.4413,0.663,0.512,0.372,10736,41913.0,0.6514
207740,Seminole State College,Seminole,OK,6,1,2,2,32.0,0.0,1086.0,,,23353.0,5460.0,11790.0,,,0.3821,0.1264,8033,35390.0,0.7136
207786,Southern School of Beauty Inc,Durant,OK,6,3,1,1,32.0,0.0,21.0,,,,,,,,0.7917,0.625,PS,9656.0,0.9524
207847,Southeastern Oklahoma State University,Durant,OK,6,1,3,4,32.0,0.0,3018.0,0.7643,1087.0,18594.0,7530.0,16740.0,0.3154,0.6343,0.416,0.3143,10623,45079.0,0.5765
207856,Southwestern Christian University,Bethany,OK,6,2,3,4,21.0,0.0,377.0,,,33305.0,21900.0,21900.0,0.1613,0.5789,0.4672,0.4644,13000,40391.0,0.3846
207865,Southwestern Oklahoma State University,Weatherford,OK,6,1,3,4,33.0,0.0,3514.0,,,23334.0,8469.0,8499.0,0.3969,0.677,0.389,0.3091,11750,45744.0,0.6244
207935,Tulsa Community College,Tulsa,OK,6,1,2,2,11.0,0.0,12228.0,,,12900.0,3792.0,9720.0,,,0.3585,0.1435,7933,39746.0,0.6448
207962,Tulsa Welding School-Tulsa,Tulsa,OK,6,3,1,2,11.0,0.0,883.0,,,,,,,,0.6441,0.7125,6886,41067.0,0.1506
207971,University of Tulsa,Tulsa,OK,6,2,3,4,11.0,0.0,2813.0,0.6151,1389.0,64459.0,50061.0,50061.0,0.7229,0.9211,0.2696,0.3288,12500,61408.0,0.5215
208035,Western Oklahoma State College,Altus,OK,6,1,2,2,33.0,0.0,815.0,,,15372.0,5586.0,9954.0,,,0.3694,0.1557,5500,38248.0,0.6429
208044,Formations Institute of Cosmetology & Barbering,Woodward,OK,6,3,1,1,33.0,0.0,29.0,,,,,,,,0.625,0.7143,9626,17260.0,0.8966
208053,High Plains Technology Center,Woodward,OK,6,1,1,1,41.0,0.0,72.0,,,,,,,,0.1086,0.0,PS,33734.0,0.375
208275,Blue Mountain Community College,Pendleton,OR,8,1,2,2,32.0,0.0,962.0,,,20650.0,7076.0,9754.0,,,0.3253,0.0708,8961,38375.0,0.6164
208318,Central Oregon Community College,Bend,OR,8,1,2,2,12.0,0.0,3789.0,,,19753.0,5049.0,13545.0,,,0.2948,0.2222,8000,38940.0,0.5379
208390,Chemeketa Community College,Salem,OR,8,1,2,3,21.0,0.0,6610.0,,,16151.0,6345.0,14040.0,0.2134,,0.3692,0.1738,7408,40968.0,0.5654
208406,Clackamas Community College,Oregon City,OR,8,1,2,2,21.0,0.0,4963.0,,,11085.0,6345.0,14265.0,,,0.247,0.3388,6973,42886.0,0.5186
208415,Clatsop Community College,Astoria,OR,8,1,2,2,33.0,0.0,493.0,,,18567.0,5110.0,9610.0,,,0.3875,0.0947,9500,39477.0,0.641
208433,College of Hair Design Careers,Salem,OR,8,3,1,1,12.0,0.0,58.0,,,,,,,,0.4299,0.4112,8481,23915.0,0.9828
208512,Sumner College,Portland,OR,8,3,1,3,11.0,0.0,532.0,0.8889,,,,,0.8333,1.0,0.3325,0.6359,16129,46639.0,0.7688
208637,East West College of the Healing Arts,Portland,OR,8,3,1,1,11.0,0.0,236.0,,,,,,,,0.3691,0.7013,11302,28483.0,0.6525
208646,Eastern Oregon University,La Grande,OR,8,1,3,4,33.0,0.0,2172.0,0.9831,,26718.0,11076.0,25431.0,0.43,0.7148,0.3475,0.371,13500,50112.0,0.5806
208725,New Hope Christian College-Eugene,Eugene,OR,8,2,3,3,12.0,0.0,56.0,0.8,,30849.0,17620.0,17620.0,0.5172,0.6667,0.6444,0.6667,18500,31115.0,0.4464
208822,George Fox University,Newberg,OR,8,2,3,4,31.0,0.0,2699.0,0.9351,1197.0,58644.0,42750.0,42750.0,0.7196,0.8344,0.2344,0.5409,19500,59761.0,0.5847
208859,Phagans Grants Pass College of Beauty,Grants Pass,OR,8,3,1,1,13.0,0.0,43.0,,,,,,,,0.6795,0.7436,7584,23595.0,0.9535
209038,Lane Community College,Eugene,OR,8,1,2,2,21.0,0.0,6064.0,,,18699.0,6202.0,13078.0,0.2039,,0.3217,0.1694,6450,38075.0,0.5298
209056,Lewis & Clark College,Portland,OR,8,2,3,4,11.0,0.0,2120.0,0.7849,,79987.0,64828.0,64828.0,0.7536,0.8881,0.2028,0.6586,13644,62205.0,0.6321
209065,Linfield University,McMinnville,OR,8,2,3,4,32.0,0.0,1621.0,0.8517,,65935.0,50850.0,50850.0,0.7046,0.7971,0.3033,0.8391,20500,78638.0,0.644
209074,Linn-Benton Community College,Albany,OR,8,1,2,2,13.0,0.0,5174.0,,,18789.0,7317.0,15901.0,,,0.2746,0.4004,6500,41363.0,0.5704
209083,Northwest College-Beaverton,Beaverton,OR,8,3,1,1,13.0,0.0,37.0,,,,,,,,0.5313,0.5521,6333,24421.0,0.8919
209205,Northwest College-Clackamas,Happy Valley,OR,8,3,1,1,21.0,0.0,35.0,,,,,,,,0.6027,0.589,6333,24421.0,1.0
209241,Mount Angel Seminary,Saint Benedict,OR,8,2,3,4,41.0,0.0,38.0,1.0,,,31490.0,31490.0,0.5,1.0,0.1765,0.0882,PS,57436.0,0.0
209250,Mt Hood Community College,Gresham,OR,8,1,2,2,21.0,0.0,3856.0,,,17462.0,5247.0,9819.0,0.2368,,0.2394,0.1316,7339,41125.0,0.5882
209296,National University of Natural Medicine,Portland,OR,8,2,3,4,11.0,0.0,41.0,,,,,,,,0.5769,0.5385,15000,,0.9512
209409,Bushnell University,Eugene,OR,8,2,3,4,12.0,0.0,517.0,0.6728,1020.0,47143.0,35800.0,35800.0,0.56,0.759,0.3271,0.6075,15633,53623.0,0.5416
209490,Oregon Health & Science University,Portland,OR,8,1,3,4,11.0,0.0,836.0,,,,,,,,0.2893,0.5647,16625,101028.0,0.8158
209506,Oregon Institute of Technology,Klamath Falls,OR,8,1,3,4,33.0,0.0,2892.0,0.9502,1150.0,27524.0,13260.0,37196.0,0.5378,0.6898,0.1786,0.2245,15625,72273.0,0.4879
209542,Oregon State University,Corvallis,OR,8,1,3,4,13.0,0.0,30743.0,0.773,1290.0,31653.0,14400.0,38190.0,0.7011,0.8776,0.2277,0.3255,15000,64010.0,0.4919
209551,University of Oregon,Eugene,OR,8,1,3,4,12.0,0.0,20497.0,0.883,1272.0,34793.0,16137.0,44598.0,0.7169,0.864,0.2135,0.2929,15000,61324.0,0.562
209603,Pacific Northwest College of Art,Portland,OR,8,2,3,4,11.0,0.0,420.0,0.7485,,70376.0,49006.0,49006.0,0.2913,0.6949,0.4053,0.5218,10500,34883.0,0.7857
209612,Pacific University,Forest Grove,OR,8,2,3,4,21.0,0.0,1516.0,0.8956,1090.0,72374.0,56374.0,56374.0,0.6698,0.7945,0.2777,0.8053,17036,60583.0,0.5613
209667,Phagans Beauty College,Corvallis,OR,8,3,1,1,13.0,0.0,59.0,,,,,,,,0.5243,0.5534,8170,33102.0,0.9661
209676,Phagans Central Oregon Beauty College,Bend,OR,8,3,1,1,12.0,0.0,101.0,,,,,,,,0.5947,0.7,6785,20551.0,0.9109
209694,Phagans School of Beauty,Salem,OR,8,3,1,1,21.0,0.0,38.0,,,,,,,,0.7612,0.7463,8170,23393.0,0.9211
209700,Phagans School of Hair Design,Happy Valley,OR,8,3,1,1,21.0,0.0,212.0,,,,,,,,0.55,0.5333,7652,22912.0,0.8255
209719,Summit Salon Academy-Portland,Tigard,OR,8,3,1,1,13.0,0.0,66.0,,,,,,,,0.6637,0.6372,7652,24106.0,1.0
209746,Portland Community College,Portland,OR,8,1,2,2,11.0,0.0,19531.0,,,17934.0,5220.0,10440.0,,,0.32,0.2073,7287,44592.0,0.562
209807,Portland State University,Portland,OR,8,1,3,4,11.0,0.0,13182.0,0.9087,,21590.0,11679.0,31074.0,0.5266,0.7611,0.4165,0.3227,15457,57906.0,0.5617
209825,University of Portland,Portland,OR,8,2,3,4,11.0,0.0,2957.0,0.8917,1277.0,73224.0,58100.0,58100.0,0.7984,0.8832,0.221,0.3862,18500,82804.0,0.6496
209922,Reed College,Portland,OR,8,2,3,4,11.0,0.0,1320.0,0.2461,1437.0,86376.0,69350.0,69350.0,0.7147,0.8764,0.1459,0.3975,15750,62927.0,0.5856
209940,Rogue Community College,Grants Pass,OR,8,1,2,2,23.0,0.0,3559.0,,,18962.0,5256.0,6300.0,,,0.4277,0.1037,10247,36845.0,0.5726
210146,Southern Oregon University,Ashland,OR,8,1,3,4,22.0,0.0,2751.0,0.8862,,27636.0,12762.0,31887.0,0.4253,0.6785,0.2486,0.2814,15000,49175.0,0.634
210155,Southwestern Oregon Community College,Coos Bay,OR,8,1,2,2,33.0,0.0,1270.0,,,16274.0,7192.0,7192.0,,,0.3647,0.1914,8303,38349.0,0.6276
210234,Treasure Valley Community College,Ontario,OR,8,1,1,2,32.0,0.0,1193.0,,,14990.0,6345.0,6795.0,,,0.6154,0.5261,9200,36738.0,0.5365
210270,Umpqua Community College,Roseburg,OR,8,1,1,2,33.0,0.0,2219.0,,,17440.0,6104.0,6104.0,,,0.337,0.1714,5095,36676.0,0.6399
210304,Warner Pacific University,Portland,OR,8,2,3,3,11.0,0.0,375.0,0.7114,,38948.0,22220.0,22220.0,0.4918,0.9167,0.4786,0.6604,20250,55204.0,0.6027
210331,Corban University,Salem,OR,8,2,3,4,12.0,0.0,678.0,0.939,,52019.0,40280.0,40280.0,0.6059,0.777,0.2497,0.3446,17951,48917.0,0.5295
210368,Western Seminary,Portland,OR,8,2,4,4,11.0,0.0,,,,,,,,,,,PS,,
210401,Willamette University,Salem,OR,8,2,3,4,12.0,0.0,1592.0,0.7709,1377.0,67501.0,51156.0,51156.0,0.7124,0.8651,0.2355,0.3934,18913,56911.0,0.6187
210429,Western Oregon University,Monmouth,OR,8,1,3,4,31.0,0.0,3103.0,0.981,,25062.0,11879.0,32534.0,0.4712,0.7274,0.4113,0.738,15000,51815.0,0.6429
210438,University of Western States,Portland,OR,8,2,3,4,11.0,0.0,0.0,,,,,,,,,,PS,27382.0,0.0
210492,Bryn Athyn College of the New Church,Bryn Athyn,PA,2,2,3,4,21.0,0.0,244.0,0.8294,,41093.0,28917.0,28917.0,0.6774,0.7333,0.4029,0.6557,13500,40457.0,0.4713
210508,Academy of Vocal Arts,Philadelphia,PA,2,2,4,4,11.0,0.0,,,,,,,,,,,,,
210571,Albright College,Reading,PA,2,2,3,4,13.0,0.0,1217.0,0.7633,,43711.0,29082.0,29082.0,0.507,0.6167,0.5004,0.735,23250,58700.0,0.5316
210599,All-State Career School,Essington,PA,2,3,1,2,21.0,0.0,886.0,,,,,,,,0.7256,0.6788,6333,38495.0,0.4571
210605,Community College of Allegheny County,Pittsburgh,PA,2,1,2,2,11.0,0.0,9544.0,,,19716.0,4842.0,12583.0,,,0.3226,0.1091,7132,39449.0,0.5424
210669,Allegheny College,Meadville,PA,2,2,3,3,32.0,0.0,1156.0,0.5457,1275.0,71348.0,56550.0,56550.0,0.7255,0.7794,0.2849,0.5633,25017,62069.0,0.5147
210711,The  Beauty Institute,Whitehall,PA,2,3,1,1,21.0,0.0,70.0,,,,,,,,0.7635,0.7635,7968,23580.0,0.9714
210739,DeSales University,Center Valley,PA,2,2,3,4,21.0,0.0,2128.0,0.7709,1186.0,62745.0,46800.0,46800.0,0.722,0.8303,0.2378,0.6384,20000,61295.0,0.6363
210748,Altoona Beauty School Inc,Altoona,PA,2,3,1,1,13.0,0.0,70.0,,,,,,,,0.1928,0.512,4750,24246.0,0.9571
210775,Alvernia University,Reading,PA,2,2,3,4,13.0,0.0,2152.0,0.5806,1170.0,57565.0,45000.0,45000.0,0.5553,0.7198,0.3624,0.8254,20500,55055.0,0.645
210784,The Beauty Institute-Ambler,Ambler,PA,2,3,1,1,21.0,0.0,160.0,,,,,,,,0.8421,0.9474,8028,24785.0,0.9875
210809,American College of Financial Services,King of Prussia,PA,2,2,1,4,21.0,0.0,5144.0,,,,,,,,0.0,0.0,,,0.2562
211006,Automotive Training Center-Exton,Exton,PA,2,3,1,1,21.0,0.0,366.0,,,,,,,,0.6515,0.5372,12661,51112.0,0.0929
211079,Community College of Beaver County,Monaca,PA,2,1,2,2,21.0,0.0,1247.0,,,12556.0,7500.0,20700.0,,,0.2781,0.2045,9500,45090.0,0.5878
211088,Arcadia University,Glenside,PA,2,2,3,4,21.0,0.0,1948.0,0.8022,1190.0,64645.0,49610.0,49610.0,0.6674,0.788,0.2831,0.6148,21852,58336.0,0.6299
211273,Bryn Mawr College,Bryn Mawr,PA,2,2,3,4,21.0,0.0,1359.0,0.2943,1396.0,83250.0,65920.0,65920.0,0.8179,0.9224,0.1475,0.493,21441,75217.0,1.0
211291,Bucknell University,Lewisburg,PA,2,2,3,4,32.0,0.0,3876.0,0.2893,1410.0,83756.0,67812.0,67812.0,0.8632,0.9368,0.1238,0.3466,23250,93807.0,0.5214
211307,Bucks County Community College,Newtown,PA,2,1,2,2,41.0,0.0,5289.0,,,11688.0,5683.0,13963.0,,,0.2371,0.1004,8250,47324.0,0.5994
211316,Beauty Culture School LLC,Feasterville,PA,2,3,1,1,21.0,0.0,82.0,,,,,,,,0.2606,0.3592,7709,27341.0,0.9878
211334,Butler Beauty Academy,Butler,PA,2,3,1,1,31.0,0.0,26.0,,,,,,,,0.4314,0.3333,7481,23003.0,0.9615
211343,Butler County Community College,Butler,PA,2,1,2,2,31.0,0.0,1789.0,,,12340.0,5910.0,12000.0,,,0.2962,0.1657,5500,38891.0,0.6216
211431,Carlow University,Pittsburgh,PA,2,2,3,4,11.0,0.0,1348.0,0.8695,1080.0,49327.0,35874.0,35874.0,0.5992,0.8443,0.4301,0.6927,21513,51051.0,0.8375
211440,Carnegie Mellon University,Pittsburgh,PA,2,2,3,4,11.0,0.0,7304.0,0.1166,1546.0,83654.0,66246.0,66246.0,0.9413,0.98,0.1604,0.3357,20250,114862.0,0.4914
211468,Cedar Crest College,Allentown,PA,2,2,3,4,12.0,0.0,834.0,0.8407,,57206.0,46314.0,46314.0,0.6039,0.7097,0.4357,0.7032,23044,59460.0,0.9149
211477,Central Penn College,Summerdale,PA,2,3,1,4,21.0,0.0,662.0,0.1846,,27116.0,19854.0,19854.0,0.5091,0.6471,0.4901,0.6576,13035,45370.0,0.6571
211556,Chatham University,Pittsburgh,PA,2,2,3,4,11.0,0.0,1232.0,0.6196,1198.0,61261.0,44626.0,44626.0,0.6306,0.7781,0.2183,0.5289,18326,52410.0,0.6729
211583,Chestnut Hill College,Philadelphia,PA,2,2,3,4,11.0,0.0,815.0,0.7446,,58168.0,39870.0,39870.0,0.4878,0.6243,0.5208,0.7845,20782,52015.0,0.5558
211608,Cheyney University of Pennsylvania,Cheyney,PA,2,1,3,3,41.0,1.0,617.0,,,26782.0,10904.0,18870.0,0.4059,0.6852,0.6602,0.5773,13000,37837.0,0.6613
211635,Citizens School of Nursing,Tarentum,PA,2,2,1,1,21.0,0.0,152.0,0.8333,,,,,,,0.4155,0.7676,12000,69939.0,0.8882
211802,DLP Conemaugh Memorial Medical Center,Johnstown,PA,2,3,1,1,13.0,0.0,90.0,0.3034,1070.0,,,,,,0.2867,0.4733,12000,65740.0,0.8556
211893,Curtis Institute of Music,Philadelphia,PA,2,2,3,4,11.0,0.0,109.0,0.0458,,,0.0,0.0,0.9615,1.0,0.0094,0.0,PS,,0.4771
211927,Delaware County Community College,Media,PA,2,1,2,2,21.0,0.0,6861.0,,,13530.0,6930.0,15540.0,,,0.412,0.5789,8176,45391.0,0.6098
211981,Delaware Valley University,Doylestown,PA,2,2,3,4,21.0,0.0,1628.0,0.9321,1204.0,59933.0,44850.0,44850.0,0.5591,0.6928,0.299,0.7453,17500,55838.0,0.6216
212009,Dickinson College,Carlisle,PA,2,2,3,4,13.0,0.0,2273.0,0.4209,1391.0,82902.0,65650.0,65650.0,0.7978,0.9198,0.1275,0.3852,17294,70204.0,0.6005
212045,Douglas Education Center,Monessen,PA,2,3,1,2,31.0,0.0,178.0,,,32767.0,19450.0,19450.0,,,0.415,0.67,12000,30814.0,0.8371
212054,Drexel University,Philadelphia,PA,2,2,3,4,11.0,0.0,13233.0,0.7944,1345.0,76835.0,62412.0,62412.0,0.7816,0.8951,0.2676,0.4932,20204,84648.0,0.4924
212106,Duquesne University,Pittsburgh,PA,2,2,3,4,11.0,0.0,5350.0,0.8356,1276.0,67776.0,48986.0,48986.0,0.7749,0.8415,0.2024,0.6743,23500,74742.0,0.6254
212115,East Stroudsburg University of Pennsylvania,East Stroudsburg,PA,2,1,3,4,31.0,0.0,4814.0,0.9205,1084.0,27917.0,11536.0,19502.0,0.4312,0.7213,0.4149,0.5708,16750,56148.0,0.5503
212133,Eastern University,Saint Davids,PA,2,2,3,4,21.0,0.0,2404.0,0.9077,,55001.0,38400.0,38400.0,0.54,0.6547,0.4192,0.5725,18000,51655.0,0.626
212197,Elizabethtown College,Elizabethtown,PA,2,2,3,4,21.0,0.0,1868.0,0.7787,1204.0,50865.0,37950.0,37950.0,0.7617,0.8372,0.2084,0.6511,26000,62399.0,0.5851
212230,Empire Beauty School-Lebanon,Lebanon,PA,2,3,1,1,23.0,0.0,49.0,,,,,,,,0.4727,0.5091,6633,22377.0,0.9796
212267,Empire Beauty School-York,York,PA,2,3,1,1,22.0,0.0,90.0,,,,,,,,0.6424,0.543,7851,23921.0,0.9667
212276,Empire Beauty School-Lancaster,Lancaster,PA,2,3,1,1,21.0,0.0,85.0,,,,,,,,0.5797,0.5507,8028,25073.0,1.0
212294,Empire Beauty School-Shamokin Dam,Shamokin Dam,PA,2,3,1,1,32.0,0.0,69.0,,,,,,,,0.5182,0.5091,8028,25073.0,0.9275
212300,Empire Beauty School-Pottsville,Pottsville,PA,2,3,1,1,32.0,0.0,74.0,,,,,,,,0.5979,0.5876,6333,23589.0,0.9324
212328,Empire Beauty  School-Lehigh Valley,Whitehall,PA,2,3,1,1,21.0,0.0,99.0,,,,,,,,0.6269,0.5572,8028,25073.0,0.9596
212337,Empire Beauty School-Gwinnett,Lawrenceville,GA,5,3,1,1,21.0,0.0,130.0,,,,,,,,0.6347,0.6048,6333,23589.0,0.9692
212355,Empire Beauty School-Wyoming Valley,Moosic,PA,2,3,1,1,21.0,0.0,176.0,,,,,,,,0.5658,0.5526,7851,23921.0,0.983
212382,Empire Beauty School-Harrisburg,Harrisburg,PA,2,3,1,1,21.0,0.0,152.0,,,,,,,,0.7198,0.5681,6633,22377.0,0.9671
212391,Empire Beauty School-Reading,Reading,PA,2,3,1,1,21.0,0.0,90.0,,,,,,,,0.6457,0.6378,7851,23921.0,0.9889
212434,Erie Institute of Technology Inc,Erie,PA,2,3,1,2,22.0,0.0,221.0,,,38471.0,15264.0,15264.0,,,0.4754,0.5027,8835,41951.0,0.19
212577,Franklin and Marshall College,Lancaster,PA,2,2,3,3,13.0,0.0,1799.0,0.2819,1392.0,85776.0,70794.0,70794.0,0.8377,0.9024,0.158,0.4448,19000,76124.0,0.5136
212601,Gannon University,Erie,PA,2,2,3,4,13.0,0.0,2365.0,0.7416,,52869.0,40656.0,40656.0,0.6636,0.7617,0.2384,0.6445,23031,58845.0,0.5721
212656,Geneva College,Beaver Falls,PA,2,2,3,4,21.0,0.0,1096.0,,,45407.0,33450.0,33450.0,0.6098,0.7846,0.3124,0.7781,18907,50004.0,0.4626
212674,Gettysburg College,Gettysburg,PA,2,2,3,4,31.0,0.0,2099.0,0.389,1379.0,81960.0,66640.0,66640.0,0.8253,0.9121,0.2099,0.4769,23250,71517.0,0.4912
212753,Empire Beauty School-NE Philadelphia,Philadelphia,PA,2,3,1,1,11.0,0.0,110.0,,,,,,,,0.5158,0.4737,7050,24407.0,0.9727
212771,Gratz College,Jenkintown,PA,2,2,3,4,21.0,0.0,143.0,,,,,,,,0.0226,0.009,PS,,1.0
212805,Grove City College,Grove City,PA,2,2,3,4,32.0,0.0,2216.0,0.7232,1272.0,,21700.0,21700.0,0.8317,0.8833,0.0,0.0,,,0.477
212832,Gwynedd Mercy University,Gwynedd Valley,PA,2,2,3,4,21.0,0.0,1067.0,0.8963,1090.0,55786.0,40122.0,40122.0,0.5688,0.7752,0.2491,0.5484,23256,67145.0,0.7142
212869,Harcum College,Bryn Mawr,PA,2,2,2,2,21.0,0.0,876.0,,,42997.0,32000.0,32000.0,,,0.5524,0.6966,12000,46827.0,0.8082
212878,Harrisburg Area Community College,Harrisburg,PA,2,1,2,2,13.0,0.0,9533.0,,,18369.0,6975.0,12472.0,,,0.3323,0.3043,9500,42007.0,0.6704
212911,Haverford College,Haverford,PA,2,2,3,3,21.0,0.0,1430.0,0.1237,1513.0,90382.0,70688.0,70688.0,0.8964,0.9383,0.1545,0.0913,12000,79966.0,0.5692
212975,Commonwealth Technical Institute,Johnstown,PA,2,2,1,2,23.0,0.0,129.0,,,20876.0,7714.0,7714.0,,,0.553,0.0,PS,21632.0,0.2791
212984,Holy Family University,Philadelphia,PA,2,2,3,4,11.0,0.0,2464.0,0.7104,1060.0,40539.0,35330.0,35330.0,0.6091,0.7773,0.4105,0.6958,21175,62235.0,0.6928
213011,Immaculata University,Immaculata,PA,2,2,3,4,21.0,0.0,1320.0,0.8576,1260.0,43979.0,29330.0,29330.0,0.7104,0.8303,0.2283,0.5029,19560,75701.0,0.6955
213020,Indiana University of Pennsylvania,Indiana,PA,2,1,3,4,32.0,0.0,6764.0,0.9077,1082.0,26898.0,11380.0,16297.0,0.5551,0.7534,0.3683,0.5899,19995,51019.0,0.62
213163,UPMC Jameson School of Nursing,New Castle,PA,2,2,1,1,31.0,0.0,326.0,0.9956,,29863.0,15940.0,15940.0,,,0.491,0.8645,9500,70472.0,0.8712
213181,Great Lakes Institute of Technology,Erie,PA,2,3,1,2,22.0,0.0,335.0,,,,,,,,0.7174,0.7371,9014,28704.0,0.9194
213233,Johnson College,Scranton,PA,2,2,2,2,13.0,0.0,590.0,0.9793,,27354.0,21225.0,21225.0,,,0.4895,0.7826,12000,55194.0,0.1949
213251,Juniata College,Huntingdon,PA,2,2,3,4,32.0,0.0,1191.0,0.7891,1227.0,71850.0,58580.0,58580.0,0.735,0.8333,0.2904,0.67,23858,56918.0,0.5189
213303,Keystone College,La Plume,PA,2,2,3,4,21.0,0.0,771.0,0.848,,32071.0,18300.0,18300.0,0.3587,0.5723,0.4178,0.8525,16250,44976.0,0.5292
213321,King's College,Wilkes-Barre,PA,2,2,3,4,13.0,0.0,1484.0,0.9311,1170.0,57973.0,44100.0,44100.0,0.5989,0.757,0.3038,0.7447,22847,59498.0,0.4757
213330,Butler Beauty Academy-Kittanning Beauty Academy,Kittanning,PA,2,3,1,1,32.0,0.0,14.0,,,,,,,,0.1429,0.1429,7481,23003.0,1.0
213349,Kutztown University of Pennsylvania,Kutztown,PA,2,1,3,4,31.0,0.0,6180.0,0.9075,1210.0,29866.0,11314.0,16068.0,0.5382,0.7779,0.3266,0.6266,20000,53775.0,0.571
213358,La Roche University,Pittsburgh,PA,2,2,3,4,21.0,0.0,751.0,0.7576,1055.0,47111.0,34052.0,34052.0,0.5721,0.6882,0.1009,0.1857,19470,52341.0,0.5433
213367,La Salle University,Philadelphia,PA,2,2,3,4,11.0,0.0,1953.0,0.9659,,48337.0,37800.0,37800.0,0.5712,0.739,0.3505,0.4276,17500,67416.0,0.6549
213376,Lackawanna College,Scranton,PA,2,2,2,3,13.0,0.0,1947.0,,,28770.0,18400.0,18400.0,0.3673,0.8333,0.5952,0.7189,11500,41000.0,0.6143
213385,Lafayette College,Easton,PA,2,2,3,3,21.0,0.0,2757.0,0.3145,1424.0,83133.0,65398.0,65398.0,0.8759,0.8967,0.1165,0.1961,14000,91410.0,0.4991
213400,Lancaster Bible College,Lancaster,PA,2,2,3,4,21.0,0.0,1569.0,0.5589,1180.0,44066.0,29990.0,29990.0,0.6667,0.7939,0.3549,0.491,15000,44096.0,0.559
213455,Lancaster School of Cosmetology & Therapeutic Bodywork,Lancaster,PA,2,3,1,1,21.0,0.0,402.0,,,,,,,,0.1709,0.3792,3167,29738.0,0.9925
213473,Lansdale School of Business,North Wales,PA,2,3,1,2,21.0,0.0,93.0,,,31825.0,12150.0,12150.0,,,0.5977,0.7586,9833,37442.0,0.914
213491,Lansdale School of Cosmetology Inc,Lansdale,PA,2,3,1,1,21.0,0.0,42.0,,,,,,,,0.0984,0.1967,PS,25019.0,0.9762
213507,Lebanon Valley College,Annville,PA,2,2,3,4,23.0,0.0,1684.0,0.8377,1240.0,66497.0,52080.0,52080.0,0.6496,0.8298,0.2485,0.6906,21000,62621.0,0.5594
213525,Lehigh Carbon Community College,Schnecksville,PA,2,1,2,2,41.0,0.0,4148.0,,,15405.0,5280.0,13270.0,,,0.3358,0.2102,6000,42436.0,0.6446
213534,Miller-Motte College-Berks Technical Institute,Wyomissing,PA,2,3,1,2,21.0,0.0,544.0,,,,,,,,0.6173,0.643,10661,31102.0,0.3768
213543,Lehigh University,Bethlehem,PA,2,2,3,4,13.0,0.0,5898.0,0.2593,1440.0,80856.0,64980.0,64980.0,0.8791,0.937,0.1771,0.3657,19500,105584.0,0.48
213570,Lincoln Technical Institute-Allentown,Allentown,PA,2,3,1,1,21.0,0.0,628.0,,,,,,,,0.7122,0.8567,9500,38683.0,0.629
213589,Lincoln Technical Institute-Levittown,Levittown,PA,2,3,1,2,11.0,0.0,345.0,,,,,,,,0.7473,0.8218,9500,38683.0,0.1275
213598,Lincoln University,Lincoln University,PA,2,1,3,4,21.0,1.0,1539.0,0.6572,920.0,28505.0,12512.0,19384.0,0.4355,0.7341,0.6867,0.7903,22862,43167.0,0.6387
213622,UPMC St. Margaret School of Nursing,Pittsburgh,PA,2,2,1,1,21.0,0.0,97.0,0.8077,,31582.0,16190.0,16190.0,,,0.3956,0.7033,12000,67327.0,0.866
213631,United Lutheran Seminary,Gettysburg,PA,2,2,4,4,31.0,0.0,,,,,,,,,,,PS,,
213659,Luzerne County Community College,Nanticoke,PA,2,1,2,2,21.0,0.0,3317.0,,,14499.0,6600.0,16260.0,,,0.3745,0.2878,5500,40437.0,0.6584
213668,Lycoming College,Williamsport,PA,2,2,3,3,13.0,0.0,996.0,0.7407,1160.0,64105.0,50029.0,50029.0,0.5963,0.7611,0.3801,0.7107,23500,56210.0,0.508
213774,Manor College,Jenkintown,PA,2,2,2,3,21.0,0.0,443.0,0.9486,820.0,27557.0,21780.0,21780.0,0.2574,0.5588,0.5199,0.5997,11250,46825.0,0.6885
213826,Marywood University,Scranton,PA,2,2,3,4,13.0,0.0,1784.0,0.6058,1162.0,55582.0,41420.0,41420.0,0.7165,0.7981,0.3196,0.809,23235,55817.0,0.6429
213914,Vet Tech Institute,Pittsburgh,PA,2,3,2,2,11.0,0.0,183.0,0.7755,,24268.0,17320.0,17320.0,,,0.5327,0.8744,12292,34583.0,0.9235
213932,Roxborough Memorial Hospital School of Nursing,Philadelphia,PA,2,3,1,1,11.0,0.0,161.0,,,,,,,,0.4444,0.7431,15306,79323.0,0.913
213987,Mercyhurst University,Erie,PA,2,2,3,4,13.0,0.0,2191.0,0.8102,,59557.0,45770.0,45770.0,0.6017,0.7979,0.3133,0.647,19500,47452.0,0.5733
213996,Messiah University,Mechanicsburg,PA,2,2,3,4,21.0,0.0,2259.0,0.7897,1236.0,55875.0,42240.0,42240.0,0.7496,0.8857,0.1964,0.5414,21911,54064.0,0.5746
214023,ASPIRA City College,Philadelphia,PA,2,2,2,2,11.0,0.0,8.0,0.5,,18252.0,12147.0,12147.0,,,0.7857,0.5,PS,34857.0,0.25
214041,Millersville University of Pennsylvania,Millersville,PA,2,1,3,4,21.0,0.0,5728.0,0.8619,1110.0,26913.0,11128.0,22952.0,0.5763,0.7711,0.2731,0.5126,17220,55246.0,0.5848
214069,Misericordia University,Dallas,PA,2,2,3,4,21.0,0.0,1672.0,0.7093,,53648.0,40370.0,40370.0,0.7171,0.7764,0.2719,0.7425,24854,64313.0,0.6226
214111,Montgomery County Community College,Blue Bell,PA,2,1,2,2,21.0,0.0,7301.0,,,16233.0,6690.0,17250.0,,,0.2904,0.225,7250,46108.0,0.5936
214148,Moore College of Art and Design,Philadelphia,PA,2,2,3,4,11.0,0.0,535.0,0.5646,1282.0,71327.0,52812.0,52812.0,0.5714,0.8056,0.4333,0.8487,20500,37839.0,1.0
214157,Moravian University,Bethlehem,PA,2,2,3,4,13.0,0.0,1949.0,0.5417,1183.0,65601.0,53500.0,53500.0,0.7169,0.7917,0.319,0.7493,22000,61860.0,0.6121
214166,Mount Aloysius College,Cresson,PA,2,2,3,4,31.0,0.0,1094.0,0.8205,1070.0,40435.0,27072.0,27072.0,0.5691,0.5612,0.1543,0.311,16980,46165.0,0.7093
214175,Muhlenberg College,Allentown,PA,2,2,3,4,12.0,0.0,1727.0,0.7199,1343.0,77270.0,62805.0,62805.0,0.8223,0.8993,0.212,0.5274,22000,69107.0,0.579
214272,Neumann University,Aston,PA,2,2,3,4,21.0,0.0,1533.0,0.8128,,57180.0,39100.0,39100.0,0.5368,0.7209,0.4277,0.7032,19630,57817.0,0.6119
214290,New Castle School of Trades,New Castle,PA,2,3,2,2,31.0,0.0,700.0,,,,,,,,0.6203,0.5156,8315,44814.0,0.12
214379,Northampton County Area Community College,Bethlehem,PA,2,1,2,2,21.0,0.0,7667.0,,,18119.0,5550.0,15270.0,,,0.4016,0.2849,9500,41566.0,0.6473
214476,Heritage Valley Health System School of Nursing,McKees Rocks,PA,2,2,1,1,21.0,0.0,71.0,0.8205,,29767.0,22800.0,22800.0,,,0.1731,0.2308,8250,79831.0,0.8592
214528,Orleans Technical College,Philadelphia,PA,2,2,1,1,11.0,0.0,340.0,0.7951,,,,,,,0.5079,0.5079,7521,38668.0,0.2059
214582,Pennsylvania Institute of Technology,Media,PA,2,2,1,2,21.0,0.0,810.0,,,23995.0,14850.0,14850.0,0.2105,0.5,0.8006,0.9275,6334,35703.0,0.9025
214591,Pennsylvania State University-Penn State Erie-Behrend College,Erie,PA,2,1,3,4,22.0,0.0,3240.0,0.9683,1228.0,34081.0,15972.0,26958.0,0.4363,0.8325,0.2889,0.5546,19500,63435.0,0.3762
214607,Pennsylvania State University-Penn State Great Valley,Malvern,PA,2,1,4,4,21.0,0.0,,,,,,,,,,,19500,63435.0,
214625,Pennsylvania State University-Penn State New Kensington,New Kensington,PA,2,1,3,4,41.0,0.0,416.0,0.9529,1190.0,26863.0,14408.0,24134.0,0.2761,0.8544,0.318,0.4803,19500,63435.0,0.3486
214634,Pennsylvania State University-Penn State Shenango,Sharon,PA,2,1,3,3,31.0,0.0,256.0,0.922,,26821.0,14024.0,23560.0,0.4194,0.6579,0.3916,0.4398,19500,63435.0,0.5938
214643,Pennsylvania State University-Penn State Wilkes-Barre,Dallas,PA,2,1,3,3,41.0,0.0,313.0,0.9699,1200.0,25994.0,14280.0,24006.0,0.2273,0.8072,0.3937,0.5431,19500,63435.0,0.3387
214652,Pennsylvania State University-Penn State Scranton,Dunmore,PA,2,1,3,3,21.0,0.0,793.0,0.9852,1190.0,27862.0,15208.0,25392.0,0.3929,0.7931,0.4182,0.5663,19500,63435.0,0.4237
214670,Pennsylvania State University-Penn State Lehigh Valley,Center Valley,PA,2,1,3,3,21.0,0.0,859.0,0.9737,1210.0,28109.0,15208.0,25392.0,0.1783,0.8339,0.3501,0.4319,19500,63435.0,0.4075
214689,Pennsylvania State University-Penn State Altoona,Altoona,PA,2,1,3,3,13.0,0.0,2367.0,0.9806,1187.0,32559.0,15972.0,26958.0,0.165,0.7952,0.2937,0.5366,19500,63435.0,0.463
214698,Pennsylvania State University-Penn State Beaver,Monaca,PA,2,1,3,3,21.0,0.0,482.0,0.9565,1214.0,26210.0,14408.0,24134.0,0.2174,0.7561,0.3194,0.5476,19500,63435.0,0.4315
214704,Pennsylvania State University-Penn State Berks,Reading,PA,2,1,3,3,21.0,0.0,1872.0,0.9867,1174.0,32242.0,15972.0,26958.0,0.3152,0.7675,0.2876,0.518,19500,63435.0,0.4145
214713,Pennsylvania State University-Penn State Harrisburg,Middletown,PA,2,1,3,4,21.0,0.0,4031.0,0.976,1227.0,32521.0,15972.0,26958.0,0.2612,0.8212,0.2613,0.4147,19500,63435.0,0.4044
214731,Pennsylvania State University-Penn State Brandywine,Media,PA,2,1,3,3,21.0,0.0,1223.0,0.9811,1200.0,31088.0,15208.0,25392.0,0.2598,0.7262,0.3369,0.4906,19500,63435.0,0.3745
214740,Pennsylvania State University-Penn State DuBois,DuBois,PA,2,1,3,3,33.0,0.0,349.0,0.9712,1080.0,28530.0,14408.0,24134.0,0.3381,0.8636,0.2946,0.5099,19500,63435.0,0.3696
214759,Pennsylvania State University-Penn State Fayette- Eberly,Lemont Furnace,PA,2,1,3,3,41.0,0.0,402.0,0.9547,1170.0,25154.0,14408.0,24134.0,0.3862,0.7778,0.3866,0.5823,19500,63435.0,0.5299
214768,Pennsylvania State University-Penn State Hazleton,Hazleton,PA,2,1,3,3,23.0,0.0,501.0,0.9641,1200.0,29677.0,15208.0,25392.0,0.2615,0.7514,0.4275,0.598,19500,63435.0,0.4391
214777,Pennsylvania State University-Main Campus,University Park,PA,2,1,3,4,13.0,0.0,42284.0,0.6056,1337.0,39694.0,20644.0,41790.0,0.8609,0.9264,0.1388,0.3991,19500,63435.0,0.4735
214786,Pennsylvania State University-Penn State Greater Allegheny,McKeesport,PA,2,1,3,3,21.0,0.0,349.0,0.9647,1160.0,26214.0,14408.0,24134.0,0.1897,0.7788,0.4127,0.5956,19500,63435.0,0.3754
214795,Pennsylvania State University-Penn State Mont Alto,Mont Alto,PA,2,1,3,3,41.0,0.0,559.0,0.9821,1160.0,28841.0,14408.0,24134.0,0.3365,0.8286,0.2675,0.5077,19500,63435.0,0.5975
214801,Pennsylvania State University-Penn State Abington,Abington,PA,2,1,3,4,21.0,0.0,2877.0,0.9677,1181.0,28795.0,15268.0,25664.0,0.1975,0.7723,0.3877,0.4643,19500,63435.0,0.4164
214810,Pennsylvania State University-Penn State Schuylkill,Schuylkill Haven,PA,2,1,3,3,31.0,0.0,620.0,0.9664,1130.0,30065.0,15208.0,25392.0,0.3188,0.7823,0.4046,0.6215,19500,63435.0,0.6339
214829,Pennsylvania State University-Penn State York,York,PA,2,1,3,4,22.0,0.0,668.0,0.9741,1140.0,27826.0,15208.0,25392.0,0.1627,0.7684,0.302,0.4872,19500,63435.0,0.3802
214883,Peirce College,Philadelphia,PA,2,2,3,4,11.0,0.0,799.0,,,18660.0,15060.0,15060.0,0.1,,0.5278,0.6215,21875,50660.0,0.7559
214892,Penn Commercial Business/Technical School,Washington,PA,2,3,1,2,21.0,0.0,265.0,0.5584,,23804.0,13654.0,13654.0,,,0.4126,0.4619,8904,31736.0,0.5396
214944,Pennco Tech-Bristol,Bristol,PA,2,3,1,1,21.0,0.0,771.0,,,,,,,,0.6013,0.6212,6333,43493.0,0.1128
214971,Pennsylvania Academy of the Fine Arts,Philadelphia,PA,2,2,3,4,11.0,0.0,23.0,,,66106.0,44600.0,44600.0,0.5758,0.0,0.3535,0.6465,19500,29881.0,0.6957
215008,Pennsylvania Gunsmith School,Pittsburgh,PA,2,3,1,1,21.0,0.0,64.0,,,,,,,,0.3371,0.4494,12000,40747.0,0.0313
215044,Cortiva Institute,King of Prussia,PA,2,3,1,1,21.0,0.0,125.0,,,,,,,,0.2243,0.261,8093,32094.0,0.84
215053,Pennsylvania College of Art and Design,Lancaster,PA,2,2,3,3,13.0,0.0,400.0,0.9924,,43815.0,32150.0,32150.0,0.6852,0.8511,0.4737,0.6935,23980,33301.0,0.685
215062,University of Pennsylvania,Philadelphia,PA,2,2,3,4,11.0,0.0,10650.0,0.054,1553.0,89028.0,68686.0,68686.0,0.9654,0.9888,0.1653,0.0972,14000,111371.0,0.5501
215114,Cairn University-Langhorne,Langhorne,PA,2,2,3,4,21.0,0.0,775.0,0.8817,1110.0,46233.0,34009.0,34009.0,0.5968,0.7662,0.3205,0.531,17063,44172.0,0.4929
215123,Philadelphia College of Osteopathic Medicine,Philadelphia,PA,2,2,4,4,11.0,0.0,,,,,,,,,,,PS,138767.0,
215239,Community College of Philadelphia,Philadelphia,PA,2,1,2,2,11.0,0.0,11948.0,,,19172.0,4632.0,12744.0,,,0.5715,0.2969,5500,40852.0,0.6642
215266,University of Pittsburgh-Bradford,Bradford,PA,2,1,3,3,33.0,0.0,995.0,0.8854,1125.0,30478.0,14770.0,26644.0,0.4761,0.6557,0.4706,0.6152,20500,66125.0,0.5126
215275,University of Pittsburgh-Greensburg,Greensburg,PA,2,1,3,3,21.0,0.0,1305.0,0.9521,1160.0,30141.0,14710.0,26584.0,0.397,0.6907,0.3771,0.5656,20500,66125.0,0.5441
215284,University of Pittsburgh-Johnstown,Johnstown,PA,2,1,3,3,23.0,0.0,1808.0,0.9484,1105.0,30349.0,14906.0,26780.0,0.5582,0.7511,0.3237,0.5753,20500,66125.0,0.4392
215293,University of Pittsburgh-Pittsburgh Campus,Pittsburgh,PA,2,1,3,4,11.0,0.0,20370.0,0.5808,1370.0,38105.0,21926.0,41430.0,0.855,0.9199,0.1398,0.361,20500,66125.0,0.5794
215309,University of Pittsburgh-Titusville,Titusville,PA,2,1,2,2,32.0,0.0,33.0,0.3478,,25231.0,11918.0,22210.0,,,0.5357,0.7857,20500,66125.0,0.9394
215381,Pittsburgh Institute of Aeronautics,West Mifflin,PA,2,2,1,2,21.0,0.0,663.0,,,37350.0,18730.0,18730.0,,,0.3841,0.6599,12000,66642.0,0.0679
215390,Pittsburgh Institute of Mortuary Science Inc,Pittsburgh,PA,2,2,2,2,11.0,0.0,351.0,,,,,,,,0.2289,0.4578,15009,53524.0,0.7835
215424,Pittsburgh Theological Seminary,Pittsburgh,PA,2,2,4,4,11.0,0.0,,,,,,,,,,,PS,,
215442,Point Park University,Pittsburgh,PA,2,2,3,4,11.0,0.0,2331.0,0.9691,,52643.0,39570.0,39570.0,0.5854,0.7394,0.387,0.7382,20957,45856.0,0.6469
215479,Joseph F McCloskey School of Nursing,Pottsville,PA,2,2,1,1,32.0,0.0,100.0,,,,,,,,0.4727,0.8909,14000,86138.0,0.95
215530,The Salon Professional Academy-Altoona,Altoona,PA,2,3,1,1,23.0,0.0,83.0,,,,,,,,0.4202,0.5966,6333,20809.0,1.0
215585,Reading Area Community College,Reading,PA,2,1,2,2,13.0,0.0,3703.0,,,14563.0,6480.0,12510.0,,,0.3469,0.1984,8250,39082.0,0.6921
215594,Reading Hospital School of Health Sciences,Reading,PA,2,2,1,1,13.0,0.0,294.0,0.2925,,29377.0,12225.0,12225.0,,,0.3889,0.6,17250,74572.0,0.8265
215619,Reconstructionist Rabbinical College,Wyncote,PA,2,2,4,4,21.0,0.0,,,,,,,,,,,,,
215637,Walnut Hill College,Philadelphia,PA,2,3,2,3,11.0,0.0,175.0,0.4272,,35504.0,29499.0,29499.0,0.5763,0.8571,0.315,0.5669,12000,36689.0,0.4457
215655,Robert Morris University,Moon Township,PA,2,2,3,4,21.0,0.0,2896.0,0.8989,,51621.0,35970.0,35970.0,0.6569,0.832,0.233,0.4136,23250,62105.0,0.4517
215682,Rosedale Technical College,Pittsburgh,PA,2,2,2,2,21.0,0.0,475.0,0.75,,29468.0,17402.0,17402.0,,,0.6148,0.7432,12000,47880.0,0.0863
215691,Rosemont College,Rosemont,PA,2,2,3,4,21.0,0.0,486.0,0.7634,,38498.0,23845.0,23845.0,0.5714,0.8202,0.4489,0.7098,27000,48555.0,0.4877
215743,Saint Francis University,Loretto,PA,2,2,3,4,42.0,0.0,1557.0,0.7682,1155.0,59815.0,44000.0,44000.0,0.7439,0.8302,0.177,0.3713,27000,62101.0,0.6018
215770,Saint Joseph's University - Philadelphia,Philadelphia,PA,2,2,3,4,11.0,0.0,4948.0,0.8883,1258.0,67954.0,53260.0,53260.0,0.7884,0.8868,0.198,0.5623,21500,86881.0,0.5424
215798,Saint Vincent College,Latrobe,PA,2,2,3,4,21.0,0.0,1259.0,0.6173,1116.0,56752.0,42396.0,42396.0,0.6859,0.8225,0.2672,0.8156,23250,59982.0,0.4059
215813,Saint Vincent Seminary,Latrobe,PA,2,2,4,4,21.0,0.0,,,,,,,,,,,23250,59982.0,
215886,Schuylkill Technology Center,Frackville,PA,2,1,1,1,32.0,0.0,102.0,,,,,,,,0.3942,0.4519,9873,49148.0,0.6471
215929,University of Scranton,Scranton,PA,2,2,3,4,13.0,0.0,3554.0,0.8123,1237.0,69552.0,53983.0,53983.0,0.7979,0.8538,0.2406,0.6386,25500,74652.0,0.5585
215947,Seton Hill University,Greensburg,PA,2,2,3,4,21.0,0.0,1492.0,0.7953,1117.0,56183.0,42944.0,42944.0,0.6736,0.8088,0.3127,0.7071,23000,51748.0,0.6387
215974,UPMC Shadyside School of Nursing,Pittsburgh,PA,2,2,1,1,11.0,0.0,715.0,0.7795,,33489.0,16190.0,16190.0,,,0.3546,0.6437,12000,68801.0,0.8545
215992,Laurel Technical Institute,Hermitage,PA,2,3,2,2,41.0,0.0,163.0,0.8529,,14270.0,13431.0,13431.0,,,0.6063,0.8188,9080,28311.0,0.6687
216010,Shippensburg University of Pennsylvania,Shippensburg,PA,2,1,3,4,31.0,0.0,4086.0,0.865,1120.0,30785.0,13720.0,15974.0,0.557,0.7681,0.2977,0.5815,16192,56351.0,0.5091
216038,Slippery Rock University of Pennsylvania,Slippery Rock,PA,2,1,3,4,32.0,0.0,6788.0,0.7147,1095.0,25537.0,10568.0,14676.0,0.6557,0.8401,0.3052,0.6053,19500,53032.0,0.5549
216047,Saint Charles Borromeo Seminary-Overbrook,Ambler,PA,2,2,3,4,21.0,0.0,38.0,1.0,,,25774.0,25774.0,0.4167,0.5833,0.0732,0.0488,13000,55225.0,0.0
216074,South Hills Beauty Academy,Pittsburgh,PA,2,3,1,1,21.0,0.0,183.0,,,,,,,,0.0878,0.1876,3431,23453.0,0.9836
216083,South Hills School of Business & Technology,State College,PA,2,3,2,2,13.0,0.0,260.0,0.9727,,27981.0,19905.0,19905.0,,,0.5083,0.7479,12000,35539.0,0.7462
216162,St Lukes Hospital School of Nursing,Bethlehem,PA,2,2,1,1,21.0,0.0,329.0,,,,,,,,0.35,0.4941,9834,80244.0,0.8845
216223,The Beauty Institute,Stroudsburg,PA,2,3,1,1,31.0,0.0,49.0,,,,,,,,0.5745,0.5745,8802,30577.0,1.0
216278,Susquehanna University,Selinsgrove,PA,2,2,3,4,32.0,0.0,2163.0,0.8143,1232.0,75410.0,59850.0,59850.0,0.8174,0.8633,0.249,0.6591,27000,61723.0,0.5696
216287,Swarthmore College,Swarthmore,PA,2,2,3,3,21.0,0.0,1613.0,0.0746,1534.0,84103.0,65494.0,65494.0,0.9227,0.9398,0.1948,0.1064,13000,80257.0,0.5208
216296,Thaddeus Stevens College of Technology,Lancaster,PA,2,1,2,2,13.0,0.0,1446.0,0.7122,,18694.0,9050.0,9050.0,,,0.433,0.5567,6625,54681.0,0.1183
216311,Talmudical Yeshiva of Philadelphia,Philadelphia,PA,2,2,3,3,11.0,0.0,112.0,0.9024,,22680.0,11512.0,11512.0,0.5,0.8529,0.3583,0.0,PS,,0.0
216339,Temple University,Philadelphia,PA,2,1,3,4,11.0,0.0,20970.0,0.8041,,40903.0,23011.0,38958.0,0.7505,0.8261,0.3197,0.5332,19750,63727.0,0.5562
216348,Theological Seminary of the Reformed Episcopal Church,Oreland,PA,2,2,4,4,21.0,0.0,,,,,,,,,,,,,
216357,Thiel College,Greenville,PA,2,2,3,4,32.0,0.0,788.0,0.7155,,53202.0,38344.0,38344.0,0.4873,0.7327,0.4078,0.7875,18250,49714.0,0.481
216366,Thomas Jefferson University,Philadelphia,PA,2,2,3,4,11.0,0.0,3755.0,0.8097,1243.0,64197.0,47505.0,47505.0,0.6857,0.8246,0.3747,0.8609,12500,77449.0,0.7361
216463,Trinity Anglican Seminary,Ambridge,PA,2,2,4,4,21.0,0.0,,,,,,,,,,,,,
216524,Ursinus College,Collegeville,PA,2,2,3,3,21.0,0.0,1491.0,0.9177,1310.0,76815.0,61210.0,61210.0,0.7328,0.8691,0.2011,0.6542,26000,73721.0,0.4782
216542,University of Valley Forge,Phoenixville,PA,2,2,3,4,21.0,0.0,471.0,0.612,,45422.0,25240.0,25240.0,0.4904,0.7849,0.4739,0.7189,20166,39016.0,0.4926
216551,Valley Forge Military College,Wayne,PA,2,2,2,2,21.0,0.0,90.0,,,53511.0,32176.0,32176.0,,,0.2941,0.0941,9500,50798.0,0.1667
216579,Venus Beauty Academy,Aston,PA,2,3,1,1,21.0,0.0,56.0,,,,,,,,0.3853,0.4771,5500,22727.0,0.9464
216597,Villanova University,Villanova,PA,2,2,3,4,21.0,0.0,6938.0,0.2698,1460.0,84793.0,67776.0,67776.0,0.9186,0.9506,0.1202,0.3499,25000,100423.0,0.5382
216630,Washington Health System School of Nursing,Washington,PA,2,2,1,1,21.0,0.0,37.0,,,,,,,,0.2821,0.5641,12000,63504.0,0.7838
216667,Washington & Jefferson College,Washington,PA,2,2,3,3,21.0,0.0,1295.0,0.8064,,42972.0,29392.0,29392.0,0.6952,0.8121,0.3115,0.6928,26000,67918.0,0.4564
216694,Waynesburg University,Waynesburg,PA,2,2,3,4,32.0,0.0,1009.0,0.8982,1090.0,44397.0,30480.0,30480.0,0.6554,0.7164,0.3816,0.7313,21500,58537.0,0.5144
216746,Welder Training and Testing Institute,Allentown,PA,2,3,1,1,12.0,0.0,55.0,,,,,,,,0.2469,0.4568,5500,55598.0,0.1091
216764,West Chester University of Pennsylvania,West Chester,PA,2,1,3,4,21.0,0.0,14164.0,0.784,1187.0,28394.0,10775.0,22599.0,0.7051,0.8311,0.254,0.5436,18750,61258.0,0.5825
216773,Western Pennsylvania Hospital School of Nursing,Pittsburgh,PA,2,2,1,1,11.0,0.0,164.0,1.0,,29938.0,13410.0,13410.0,,,0.3103,0.6552,12000,56487.0,0.8049
216807,Westminster College,New Wilmington,PA,2,2,3,4,42.0,0.0,1041.0,0.9256,,53003.0,40290.0,40290.0,0.6455,0.8097,0.2682,0.6696,22825,53861.0,0.488
216816,Westminster Theological Seminary,Glenside,PA,2,2,4,4,21.0,0.0,,,,,,,,,,,PS,,
216825,Westmoreland County Community College,Youngwood,PA,2,1,2,2,21.0,0.0,2441.0,,,10573.0,6018.0,14424.0,,,0.2805,0.2651,8977,37439.0,0.6538
216852,Widener University,Chester,PA,2,2,3,4,21.0,0.0,2951.0,0.7093,1180.0,70621.0,55730.0,55730.0,0.6832,0.7836,0.328,0.7165,24567,70920.0,0.6113
216931,Wilkes University,Wilkes-Barre,PA,2,2,3,4,13.0,0.0,1985.0,0.9064,1136.0,56765.0,43496.0,43496.0,0.6317,0.7157,0.3446,0.7249,20500,63454.0,0.5184
216940,Williamson College of the Trades,Media,PA,2,2,2,2,21.0,0.0,322.0,0.2188,,37263.0,31611.0,31611.0,,,0.6645,0.0,PS,,0.0
217013,Wilson College,Chambersburg,PA,2,2,3,4,13.0,0.0,865.0,0.9211,1000.0,39344.0,27100.0,27100.0,0.4815,0.7447,0.2347,0.6746,19500,43326.0,0.8405
217040,Yeshivath Beth Moshe,Scranton,PA,2,2,2,2,13.0,0.0,34.0,1.0,,20400.0,10600.0,10600.0,1.0,0.5714,0.5385,0.0,PS,,0.0
217059,York College of Pennsylvania,York,PA,2,2,3,4,22.0,0.0,3265.0,0.7374,1162.0,37319.0,25588.0,25588.0,0.641,0.7821,0.2808,0.5813,19500,61012.0,0.5694
217077,YTI Career Institute-York,York,PA,2,3,1,2,22.0,0.0,642.0,,,,,,,,0.5207,0.7085,9500,40672.0,0.5639
217156,Brown University,Providence,RI,1,2,3,4,12.0,0.0,7226.0,0.0539,1546.0,87648.0,71412.0,71412.0,0.9569,0.9882,0.1384,0.0959,10000,93487.0,0.5003
217165,Bryant University,Smithfield,RI,1,2,3,4,21.0,0.0,3194.0,0.6546,1265.0,69964.0,52677.0,52677.0,0.7975,0.8691,0.1253,0.5151,23250,90008.0,0.3544
217235,Johnson & Wales University-Providence,Providence,RI,1,2,3,4,12.0,0.0,3868.0,0.8841,1050.0,60314.0,42419.0,42419.0,0.5541,0.8199,0.3004,0.7171,16334,43418.0,0.6251
217305,New England Institute of Technology,East Greenwich,RI,1,2,2,4,21.0,0.0,1718.0,0.6673,,48543.0,37275.0,37275.0,0.5954,0.74,0.4334,0.712,12000,48684.0,0.4348
217323,New England Tractor Trailer Training School of Rhode Island,Pawtucket,RI,1,3,1,1,21.0,0.0,646.0,,,,,,,,0.5787,0.5801,6333,53085.0,0.0619
217402,Providence College,Providence,RI,1,2,3,4,12.0,0.0,4229.0,0.5089,1346.0,80466.0,63550.0,63550.0,0.8582,0.9395,0.1343,0.5705,27000,87054.0,0.541
217420,Rhode Island College,Providence,RI,1,1,3,4,21.0,0.0,5049.0,0.9182,990.0,17454.0,11300.0,27299.0,0.4813,0.7334,0.4205,0.4706,13833,56318.0,0.678
217475,Community College of Rhode Island,Warwick,RI,1,1,2,2,13.0,0.0,11171.0,,,12725.0,5550.0,14834.0,,,0.4665,0.1138,5567,42659.0,0.6403
217484,University of Rhode Island,Kingston,RI,1,1,3,4,21.0,0.0,13381.0,0.7216,1160.0,34321.0,16942.0,37146.0,0.7331,0.8362,0.2176,0.4917,17750,69743.0,0.5822
217493,Rhode Island School of Design,Providence,RI,1,2,3,4,12.0,0.0,2084.0,0.1866,1473.0,81727.0,62688.0,62688.0,0.8877,0.9504,0.1482,0.2859,23250,68140.0,0.7063
217518,Roger Williams University,Bristol,RI,1,2,3,4,21.0,0.0,3946.0,0.8771,1223.0,61950.0,44418.0,44418.0,0.6865,0.8109,0.164,0.556,19500,70266.0,0.5188
217536,Salve Regina University,Newport,RI,1,2,3,4,21.0,0.0,2121.0,0.6817,1232.0,70630.0,50100.0,50100.0,0.7688,0.8279,0.1507,0.7024,27000,72975.0,0.6978
217581,Empire Beauty School-Warwick,Providence,RI,1,3,1,1,12.0,0.0,107.0,,,,,,,,0.5973,0.5023,6333,23589.0,0.9626
217606,Northpoint Bible College,Haverhill,MA,1,2,3,4,21.0,0.0,86.0,,,29902.0,14160.0,14160.0,0.5435,0.4,0.5109,0.6196,16657,42210.0,0.4419
217615,Aiken Technical College,Graniteville,SC,5,1,2,2,21.0,0.0,1925.0,,,13171.0,5174.0,7924.0,,,0.4946,0.1276,7110,39225.0,0.6888
217624,Allen University,Columbia,SC,5,2,3,4,12.0,1.0,576.0,0.7254,,23998.0,14304.0,14304.0,0.1331,0.4497,0.7654,0.8016,12000,30497.0,0.4392
217633,Anderson University,Anderson,SC,5,2,3,4,13.0,0.0,3183.0,0.5471,1202.0,50192.0,34970.0,34970.0,0.6568,0.8186,0.2077,0.4199,22000,42101.0,0.6177
217688,Charleston Southern University,Charleston,SC,5,2,3,4,12.0,0.0,2893.0,0.9646,1059.0,44558.0,32520.0,32520.0,0.4724,0.6314,0.3449,0.4846,18250,45898.0,0.6253
217712,Technical College of the Lowcountry,Beaufort,SC,5,1,2,2,13.0,0.0,1679.0,,,23832.0,6156.0,11916.0,,,0.3299,0.0694,6431,35090.0,0.6742
217721,Benedict College,Columbia,SC,5,2,3,4,12.0,1.0,1536.0,0.957,,32000.0,17440.0,17440.0,0.2426,0.5732,0.6234,0.6334,16000,31902.0,0.5052
217749,Bob Jones University,Greenville,SC,5,2,3,4,13.0,0.0,2005.0,,,36580.0,24470.0,24470.0,0.6475,0.8245,0.3286,0.2378,12453,44354.0,0.5322
217776,Southern Wesleyan University,Central,SC,5,2,3,4,22.0,0.0,747.0,0.9953,1140.0,39914.0,29800.0,29800.0,0.5236,0.6899,0.4307,0.7824,19500,47756.0,0.6158
217794,Charleston Cosmetology Institute,Charleston,SC,5,3,1,1,12.0,0.0,100.0,,,,,,,,0.4754,0.4426,4307,25812.0,0.97
217819,College of Charleston,Charleston,SC,5,1,3,4,12.0,0.0,10558.0,0.6003,1247.0,32362.0,12978.0,38296.0,0.6583,0.8196,0.1883,0.3804,17500,56416.0,0.678
217837,Northeastern Technical College,Cheraw,SC,5,1,1,2,41.0,0.0,921.0,,,18221.0,5664.0,6024.0,,,0.3473,0.0,PS,32141.0,0.7286
217864,Citadel Military College of South Carolina,Charleston,SC,5,1,3,4,12.0,0.0,2705.0,0.2272,1208.0,33880.0,12570.0,38508.0,0.75,0.8578,0.198,0.3649,18000,72085.0,0.1357
217873,Claflin University,Orangeburg,SC,5,2,3,4,32.0,1.0,1706.0,0.6493,,33530.0,18282.0,18282.0,0.516,0.7549,0.7349,0.7355,22049,40304.0,0.7057
217882,Clemson University,Clemson,SC,5,1,3,4,22.0,0.0,23300.0,0.3834,1353.0,35015.0,15554.0,40866.0,0.8656,0.9347,0.1475,0.3116,19000,71513.0,0.5429
217891,Clinton College,Rock Hill,SC,5,2,3,3,13.0,1.0,126.0,,,25015.0,11136.0,11136.0,0.1405,0.5814,0.7677,0.8939,12000,30180.0,0.619
217907,Coker University,Hartsville,SC,5,2,3,4,32.0,0.0,840.0,0.9396,,45805.0,33416.0,33416.0,0.3953,0.6941,0.257,0.4212,15000,40117.0,0.5679
217925,Columbia International University,Columbia,SC,5,2,3,4,12.0,0.0,716.0,0.9447,,43045.0,27900.0,27900.0,0.4679,0.5327,0.3417,0.4585,10500,38951.0,0.5098
217934,Columbia College,Columbia,SC,5,2,3,4,12.0,0.0,1343.0,0.9393,,35258.0,22214.0,22214.0,0.3688,0.6042,0.5398,0.6525,14750,41338.0,0.7863
217961,Converse University,Spartanburg,SC,5,2,3,4,13.0,0.0,1173.0,0.6774,1138.0,38838.0,25240.0,25240.0,0.6154,0.7964,0.3978,0.6097,22500,40867.0,0.7298
217989,Denmark Technical College,Denmark,SC,5,1,1,2,43.0,1.0,519.0,,,24590.0,6315.0,11955.0,,,0.3947,0.1161,6750,25351.0,0.5915
217998,Erskine College,Due West,SC,5,2,3,4,42.0,0.0,766.0,0.6274,,55248.0,36710.0,36710.0,0.4518,0.5578,0.468,0.7537,9500,53459.0,0.3107
218025,Florence-Darlington Technical College,Florence,SC,5,1,1,2,41.0,0.0,3055.0,,,10731.0,4636.0,6772.0,,,0.4686,0.1136,6750,32748.0,0.6691
218061,Francis Marion University,Florence,SC,5,1,3,4,41.0,0.0,2628.0,0.8639,1015.0,23850.0,11160.0,21544.0,0.4339,0.7002,0.3762,0.3848,15617,43888.0,0.6366
218070,Furman University,Greenville,SC,5,2,3,4,21.0,0.0,2379.0,0.4295,1371.0,76798.0,59770.0,59770.0,0.7876,0.9061,0.1319,0.278,19500,68635.0,0.5784
218113,Greenville Technical College,Greenville,SC,5,1,1,3,13.0,0.0,8916.0,,,20166.0,5495.0,10775.0,0.2087,,0.3396,0.0904,8604,39473.0,0.5961
218140,Horry-Georgetown Technical College,Conway,SC,5,1,1,2,13.0,0.0,6274.0,,,11909.0,4468.0,8836.0,,,0.3895,0.2402,8250,35507.0,0.6551
218159,Kenneth Shuler School of Cosmetology-North Augusta,North Augusta,SC,5,3,1,1,21.0,0.0,118.0,,,,,,,,0.7583,0.6256,5825,25542.0,0.9492
218195,Kenneth Shuler School of Cosmetology and Nails-Columbia,West Columbia,SC,5,3,1,1,21.0,0.0,127.0,,,,,,,,0.7736,0.6698,5775,25088.0,0.9843
218229,Lander University,Greenwood,SC,5,1,3,4,32.0,0.0,3397.0,0.8131,1057.0,27277.0,11700.0,21300.0,0.4977,0.6961,0.3873,0.4871,12503,42396.0,0.6759
218335,Medical University of South Carolina,Charleston,SC,5,1,3,4,12.0,0.0,303.0,,,,,,,,0.1139,0.6085,13021,88420.0,0.901
218353,Midlands Technical College,West Columbia,SC,5,1,2,2,21.0,0.0,7564.0,,,14274.0,5100.0,14700.0,,,0.3727,0.1459,6750,38701.0,0.6199
218399,Morris College,Sumter,SC,5,2,3,3,13.0,1.0,383.0,,,30148.0,16664.0,16664.0,0.1735,0.4127,0.9554,1.0,14750,30614.0,0.4987
218414,Newberry College,Newberry,SC,5,2,3,4,32.0,0.0,1479.0,0.8979,,46442.0,31100.0,31100.0,0.4514,0.6925,0.487,0.7312,15750,48040.0,0.5112
218441,North Greenville University,Tigerville,SC,5,2,3,4,41.0,0.0,1819.0,0.6667,1156.0,42034.0,25800.0,25800.0,0.5453,0.7249,0.3335,0.4946,15000,43035.0,0.5256
218487,Orangeburg Calhoun Technical College,Orangeburg,SC,5,1,1,2,32.0,0.0,1539.0,,,15165.0,5210.0,8354.0,,,0.4548,0.089,7000,35761.0,0.7375
218520,Piedmont Technical College,Greenwood,SC,5,1,1,2,32.0,0.0,3977.0,,,21746.0,4775.0,6923.0,,,0.5205,0.2701,9500,35768.0,0.7005
218539,Presbyterian College,Clinton,SC,5,2,3,4,32.0,0.0,852.0,0.6837,1118.0,60242.0,44910.0,44910.0,0.5146,0.7955,0.3333,0.505,13000,60194.0,0.5
218645,University of South Carolina Aiken,Aiken,SC,5,1,3,4,21.0,0.0,2962.0,0.7854,1120.0,21540.0,10760.0,21218.0,0.3985,0.6678,0.3924,0.4341,13000,45603.0,0.6087
218654,University of South Carolina Beaufort,Bluffton,SC,5,1,3,4,31.0,0.0,2052.0,0.725,,24353.0,10730.0,21776.0,0.3399,0.6126,0.4011,0.4862,13750,48088.0,0.6706
218663,University of South Carolina-Columbia,Columbia,SC,5,1,3,4,12.0,0.0,29820.0,0.6015,1297.0,31638.0,12688.0,35972.0,0.7882,0.922,0.1911,0.4112,18500,62177.0,0.5923
218672,University of South Carolina-Lancaster,Lancaster,SC,5,1,2,2,32.0,0.0,668.0,0.8344,,18682.0,7558.0,18238.0,,,0.0997,0.0975,5500,39426.0,0.518
218681,University of South Carolina-Salkehatchie,Allendale,SC,5,1,2,2,43.0,0.0,271.0,0.7599,,19297.0,7558.0,18238.0,,,0.199,0.1248,6500,31360.0,0.5424
218690,University of South Carolina-Sumter,Sumter,SC,5,1,2,2,13.0,0.0,716.0,0.7406,,17964.0,7558.0,18238.0,,,0.1797,0.0969,5500,42437.0,0.5042
218706,University of South Carolina-Union,Union,SC,5,1,2,2,32.0,0.0,270.0,0.6222,,19112.0,7558.0,18238.0,,,0.1006,0.0625,5500,33699.0,0.4222
218724,Coastal Carolina University,Conway,SC,5,1,3,4,13.0,0.0,10377.0,0.7527,1143.0,26692.0,11640.0,29628.0,0.4846,0.7743,0.2624,0.567,16979,47258.0,0.5607
218733,South Carolina State University,Orangeburg,SC,5,1,3,4,32.0,1.0,2934.0,0.8262,,30015.0,11060.0,21750.0,0.3663,0.5646,0.7049,0.672,20900,38262.0,0.5457
218742,University of South Carolina-Upstate,Spartanburg,SC,5,1,3,4,22.0,0.0,4038.0,0.6726,1099.0,25124.0,11588.0,23090.0,0.4304,0.6985,0.4619,0.493,15000,48587.0,0.6538
218751,Sherman College of Chiropractic,Boiling Springs,SC,5,2,4,4,22.0,0.0,,,,,,,,,,,,,
218821,Spartanburg Methodist College,Spartanburg,SC,5,2,2,3,22.0,0.0,1116.0,0.7816,,32183.0,20650.0,20650.0,0.4292,,0.6105,0.4593,7500,42895.0,0.5717
218830,Spartanburg Community College,Spartanburg,SC,5,1,1,2,22.0,0.0,5006.0,,,11505.0,5071.0,10135.0,,,0.4122,0.0438,5143,37097.0,0.638
218858,Central Carolina Technical College,Sumter,SC,5,1,1,2,13.0,0.0,2163.0,,,13774.0,5715.0,9016.0,,,0.4423,0.0784,6821,32603.0,0.6953
218885,Tri-County Technical College,Pendleton,SC,5,1,1,2,22.0,0.0,5071.0,,,25057.0,4448.0,11815.0,,,0.3566,0.1102,5500,40101.0,0.5409
218894,Trident Technical College,Charleston,SC,5,1,2,2,12.0,0.0,10512.0,,,13408.0,4546.0,8620.0,,,0.2824,0.1325,6500,38253.0,0.6476
218919,Voorhees University,Denmark,SC,5,2,3,4,43.0,1.0,440.0,,,25574.0,12630.0,12630.0,0.4295,0.5631,0.7669,0.5599,15245,35339.0,0.475
218955,Williamsburg Technical College,Kingstree,SC,5,1,1,2,32.0,0.0,448.0,,,15806.0,4488.0,8592.0,,,0.4181,0.0,PS,29935.0,0.7567
218964,Winthrop University,Rock Hill,SC,5,1,3,4,13.0,0.0,3523.0,0.7925,1139.0,30710.0,14678.0,28676.0,0.5698,0.7361,0.4096,0.5432,19000,47185.0,0.6432
218973,Wofford College,Spartanburg,SC,5,2,3,3,13.0,0.0,1816.0,0.5194,1296.0,72441.0,56005.0,56005.0,0.842,0.9098,0.1564,0.4079,20500,68964.0,0.5154
218991,York Technical College,Rock Hill,SC,5,1,1,2,13.0,0.0,3816.0,,,15395.0,8036.0,13340.0,,,0.3348,0.0892,5136,37257.0,0.5977
219000,Augustana University,Sioux Falls,SD,4,2,3,4,12.0,0.0,1965.0,0.6775,1195.0,55159.0,40160.0,40160.0,0.7297,0.8612,0.178,0.5168,21250,59217.0,0.6071
219037,The Salon Professional Academy,Rapid City,SD,4,3,1,1,13.0,0.0,80.0,,,,,,,,0.4327,0.4615,7315,23641.0,1.0
219046,Black Hills State University,Spearfish,SD,4,1,3,4,32.0,0.0,1928.0,0.9633,1087.0,21277.0,8764.0,11866.0,0.4263,0.7165,0.2001,0.276,15000,46674.0,0.6649
219082,Dakota State University,Madison,SD,4,1,3,4,32.0,0.0,2071.0,0.8805,1215.0,25753.0,9654.0,12756.0,0.513,0.7546,0.1681,0.3397,14250,50970.0,0.3573
219091,Dakota Wesleyan University,Mitchell,SD,4,2,3,4,33.0,0.0,670.0,0.7338,,43864.0,33790.0,33790.0,0.4832,0.7514,0.2712,0.7275,19500,53728.0,0.497
219125,Paul Mitchell the School-Rapid City,Rapid City,SD,4,3,1,1,13.0,0.0,66.0,,,,,,,,0.5692,0.5231,7083,29547.0,0.9242
219143,Lake Area Technical College,Watertown,SD,4,1,2,2,33.0,0.0,1812.0,,,19637.0,6718.0,6718.0,,,0.2749,0.5737,9888,45473.0,0.4719
219189,Mitchell Technical College,Mitchell,SD,4,1,2,2,33.0,0.0,990.0,,,16994.0,7524.0,7524.0,,,0.3233,0.424,8403,50743.0,0.3141
219198,Mount Marty University,Yankton,SD,4,2,3,4,33.0,0.0,697.0,0.4257,1120.0,48247.0,34600.0,34600.0,0.5238,0.6759,0.2235,0.4106,14750,48179.0,0.429
219204,National American University-Rapid City,Rapid City,SD,4,3,3,4,13.0,0.0,764.0,,,34452.0,16065.0,16065.0,0.0,0.3333,0.5706,0.5359,20120,37325.0,0.4503
219240,Kairos University,Sioux Falls,SD,4,2,3,4,12.0,0.0,82.0,0.8462,,,3600.0,3600.0,,,0.0,0.0,PS,,0.4146
219259,Northern State University,Aberdeen,SD,4,1,3,4,33.0,0.0,1273.0,0.93,1089.0,22077.0,8845.0,11947.0,0.4894,0.7698,0.1245,0.2214,15750,47618.0,0.5703
219277,Oglala Lakota College,Kyle,SD,4,1,2,4,43.0,0.0,1097.0,,,10494.0,2684.0,2684.0,0.0874,0.6207,0.4746,0.0,PS,22517.0,0.701
219347,South Dakota School of Mines and Technology,Rapid City,SD,4,1,3,4,13.0,0.0,2071.0,0.7987,1245.0,25385.0,10500.0,14900.0,0.5295,0.8409,0.1687,0.4037,17306,72257.0,0.2115
219356,South Dakota State University,Brookings,SD,4,1,3,4,33.0,0.0,9198.0,0.9834,1120.0,24636.0,9299.0,12809.0,0.6235,0.8381,0.1682,0.4261,16246,55070.0,0.5432
219374,Sinte Gleska University,Mission,SD,4,1,2,4,43.0,0.0,487.0,,,20714.0,4714.0,4714.0,0.1538,1.0,0.5881,0.0,PS,20948.0,0.7536
219383,University of Sioux Falls,Sioux Falls,SD,4,2,3,4,12.0,0.0,1218.0,0.8289,,34274.0,21750.0,21750.0,0.6291,0.745,0.2884,0.6701,16141,54521.0,0.6141
219392,Sanford Medical Center,Sioux Falls,SD,4,2,1,1,12.0,0.0,28.0,,,,,,,,0.0,0.0,PS,,0.7857
219408,Sisseton Wahpeton College,Sisseton,SD,4,1,2,3,43.0,0.0,194.0,,,9998.0,4330.0,4330.0,0.2059,,0.6419,0.0,PS,31546.0,0.634
219426,Southeast Technical College,Sioux Falls,SD,4,1,2,2,12.0,0.0,2310.0,,,20272.0,7650.0,7650.0,,,0.3446,0.5371,9500,46709.0,0.5654
219453,Stewart School,Sioux Falls,SD,4,3,1,1,12.0,0.0,133.0,,,,,,,,0.3194,0.4444,6168,31843.0,0.9925
219471,University of South Dakota,Vermillion,SD,4,1,3,4,32.0,0.0,5439.0,0.9878,1125.0,24422.0,9432.0,12942.0,0.5991,0.7934,0.1866,0.4038,17500,51926.0,0.6448
219480,Western Dakota Technical College,Rapid City,SD,4,1,2,2,13.0,0.0,753.0,,,18845.0,8294.0,8294.0,,,0.3314,0.4145,9500,40240.0,0.5525
219505,American Baptist College,Nashville,TN,5,2,3,3,11.0,1.0,46.0,,,27044.0,13604.0,13604.0,0.3889,1.0,0.5625,0.6667,19000,41216.0,0.413
219587,Arnolds Beauty School,Milan,TN,5,3,1,1,32.0,0.0,63.0,,,,,,,,0.4737,0.2316,7667,27828.0,1.0
219596,TCAT Athens,Athens,TN,5,1,1,1,32.0,0.0,205.0,,,,,,,,0.3552,0.0,PS,40540.0,0.3512
219602,Austin Peay State University,Clarksville,TN,5,1,3,4,12.0,0.0,7560.0,0.9641,1088.0,22233.0,9006.0,14766.0,0.4024,0.6997,0.435,0.3405,13202,44301.0,0.5864
219639,Baptist Health Sciences University,Memphis,TN,5,2,3,4,11.0,0.0,770.0,0.8202,1050.0,22227.0,13796.0,13796.0,0.398,0.5263,0.4543,0.6903,16170,72529.0,0.9221
219709,Belmont University,Nashville,TN,5,2,3,4,11.0,0.0,7137.0,0.9528,1280.0,62570.0,42540.0,42540.0,0.7066,0.8694,0.2075,0.3428,17500,55930.0,0.649
219718,Bethel University,McKenzie,TN,5,2,3,4,32.0,0.0,1547.0,0.6023,972.0,31203.0,18712.0,18712.0,0.3505,0.5392,0.317,0.3821,16750,47482.0,0.4441
219790,Bryan College-Dayton,Dayton,TN,5,2,3,4,32.0,0.0,814.0,,,31270.0,19800.0,19800.0,0.4974,0.7105,0.2662,0.3405,13000,54434.0,0.4914
219806,Carson-Newman University,Jefferson City,TN,5,2,3,4,23.0,0.0,1387.0,0.9045,1117.0,49024.0,34700.0,34700.0,0.5324,0.7417,0.3337,0.4554,14519,48382.0,0.5076
219824,Chattanooga State Community College,Chattanooga,TN,5,1,2,2,12.0,0.0,5284.0,,,13348.0,4772.0,17756.0,,,0.3569,0.1297,7249,37598.0,0.6429
219833,Christian Brothers University,Memphis,TN,5,2,3,4,11.0,0.0,905.0,0.867,1098.0,48038.0,38420.0,38420.0,0.5471,0.7487,0.3098,0.2907,17589,57478.0,0.5359
219842,Pentecostal Theological Seminary,Cleveland,TN,5,2,1,4,13.0,0.0,0.0,,,,,,,,0.0,0.0,PS,,0.0
219851,Austin's Beauty College Inc,Clarksville,TN,5,3,1,1,12.0,0.0,101.0,,,,,,,,0.5735,0.4853,7917,,0.9802
219879,Cleveland State Community College,Cleveland,TN,5,1,2,2,13.0,0.0,1975.0,,,14834.0,4762.0,17746.0,,,0.2719,0.0591,5481,36671.0,0.5595
219888,Columbia State Community College,Columbia,TN,5,1,2,2,31.0,0.0,3897.0,,,13179.0,5296.0,18112.0,,,0.2978,0.0518,5500,40256.0,0.6282
219903,Concorde Career College-Memphis,Memphis,TN,5,3,1,2,11.0,0.0,517.0,0.9506,,,,,,,0.8187,0.7961,9500,31599.0,0.9342
219949,Cumberland University,Lebanon,TN,5,2,3,4,31.0,0.0,2104.0,0.6733,,43358.0,27840.0,27840.0,0.4559,0.5947,0.3028,0.1912,11250,57687.0,0.5594
219976,Lipscomb University,Nashville,TN,5,2,3,4,11.0,0.0,2997.0,0.6773,1256.0,55117.0,40572.0,40572.0,0.7216,0.8357,0.241,0.2942,15350,55541.0,0.6069
219994,Tennessee College of Applied Technology-Dickson,Dickson,TN,5,1,1,1,41.0,0.0,714.0,,,,,,,,0.3381,0.0,PS,36829.0,0.3599
220057,Dyersburg State Community College,Dyersburg,TN,5,1,2,2,33.0,0.0,2103.0,,,14329.0,4758.0,17742.0,,,0.3394,0.0678,4475,36132.0,0.6938
220075,East Tennessee State University,Johnson City,TN,5,1,3,4,13.0,0.0,10004.0,0.8619,1144.0,27042.0,10472.0,14522.0,0.5321,0.7572,0.3483,0.3367,14400,44859.0,0.6049
220118,Chattanooga College Medical Dental and & Technical Careers,Chattanooga,TN,5,3,1,2,12.0,0.0,252.0,,,37746.0,12709.0,12709.0,0.12,0.3143,0.8078,0.8632,5457,25954.0,0.9405
220127,Tennessee College of Applied Technology-Elizabethton,Elizabethton,TN,5,1,1,1,22.0,0.0,546.0,,,,,,,,0.2641,0.0,PS,35069.0,0.4414
220163,The Hair Academy LLC,Fayetteville,TN,5,3,1,1,32.0,0.0,82.0,,,,,,,,0.6102,0.5932,6740,22193.0,0.9756
220181,Fisk University,Nashville,TN,5,2,3,4,11.0,1.0,1035.0,0.3742,1200.0,39450.0,25858.0,25858.0,0.2993,0.7381,0.5179,0.5284,14250,45454.0,0.6309
220206,Welch College,Gallatin,TN,5,2,3,4,21.0,0.0,226.0,,,37072.0,21400.0,21400.0,0.5342,0.6122,0.2821,0.5307,11375,42198.0,0.4779
220215,Freed-Hardeman University,Henderson,TN,5,2,3,4,32.0,0.0,1212.0,0.5968,1109.0,38315.0,25620.0,25620.0,0.7078,0.8587,0.1802,0.3447,16750,47485.0,0.5264
220251,Tennessee College of Applied Technology-Harriman,Harriman,TN,5,1,1,1,41.0,0.0,246.0,,,,,,,,0.2265,0.0,PS,31591.0,0.435
220279,Tennessee College of Applied Technology-Hartsville,Hartsville,TN,5,1,1,1,42.0,0.0,247.0,,,,,,,,0.1614,0.0,PS,40469.0,0.2996
220321,Tennessee College of Applied Technology-Hohenwald,Hohenwald,TN,5,1,1,1,43.0,0.0,346.0,,,,,,,,0.176,0.0,PS,36106.0,0.5029
220394,Tennessee College of Applied Technology-Jacksboro,Jacksboro,TN,5,1,1,1,32.0,0.0,231.0,,,,,,,,0.4039,0.0,PS,36449.0,0.4069
220400,Jackson State Community College,Jackson,TN,5,1,2,2,13.0,0.0,2511.0,,,15183.0,4740.0,17724.0,,,0.424,0.0,PS,35224.0,0.6945
220464,John A Gupton College,Nashville,TN,5,2,2,2,11.0,0.0,166.0,1.0,1020.0,28125.0,12223.0,12223.0,,,0.4,0.3563,5999,46902.0,0.7048
220473,Johnson University,Knoxville,TN,5,2,3,4,41.0,0.0,743.0,0.6511,1078.0,34244.0,21122.0,21122.0,0.5677,0.6941,0.387,0.5523,13500,40596.0,0.498
220491,Paul Mitchell the School-Murfreesboro,Murfreesboro,TN,5,3,1,1,12.0,0.0,201.0,,,,,,,,0.4613,0.4696,7917,30461.0,0.9801
220516,King University,Bristol,TN,5,2,3,4,13.0,0.0,908.0,0.9972,,49004.0,36194.0,36194.0,0.4787,0.6012,0.4164,0.552,18000,59831.0,0.5859
220552,South College,Knoxville,TN,5,3,2,4,12.0,0.0,8745.0,,,30954.0,18535.0,18535.0,0.4211,0.5217,0.488,0.6247,9500,36642.0,0.8959
220598,Lane College,Jackson,TN,5,2,3,3,13.0,1.0,736.0,,,23441.0,11790.0,11790.0,0.1839,0.4426,0.7859,0.6679,16750,31670.0,0.4484
220604,Le Moyne-Owen College,Memphis,TN,5,2,3,3,11.0,1.0,581.0,0.9923,,19001.0,12076.0,12076.0,0.2703,0.4724,0.6734,0.5387,17000,35594.0,0.6213
220613,Lee University,Cleveland,TN,5,2,3,4,13.0,0.0,2617.0,0.7052,1145.0,35688.0,23790.0,23790.0,0.6259,0.8227,0.2874,0.4196,19500,43222.0,0.6091
220631,Lincoln Memorial University,Harrogate,TN,5,2,3,4,32.0,0.0,1572.0,0.6259,1092.0,41530.0,26938.0,26938.0,0.4966,0.7167,0.3713,0.4953,15337,49956.0,0.7048
220640,Tennessee College of Applied Technology-Livingston,Livingston,TN,5,1,1,1,43.0,0.0,340.0,,,,,,,,0.2455,0.0,PS,33497.0,0.4235
220701,The University of Tennessee Southern,Pulaski,TN,5,1,3,4,32.0,0.0,864.0,0.8671,1083.0,24750.0,10924.0,10924.0,0.369,0.7717,0.3626,0.2685,11175,38924.0,0.6053
220710,Maryville College,Maryville,TN,5,2,3,4,21.0,0.0,1005.0,0.6092,,54622.0,39284.0,39284.0,0.5,0.7129,0.3774,0.5797,15000,49279.0,0.5403
220765,Genesis Career College-Cookeville,Cookeville,TN,5,3,1,1,33.0,0.0,300.0,,,,,,,,0.829,0.8033,5500,22652.0,0.7833
220792,Meharry Medical College,Nashville,TN,5,2,4,4,11.0,1.0,,,,,,,,,,,PS,,
220853,Tennessee College of Applied Technology-Memphis,Memphis,TN,5,1,1,1,11.0,0.0,1391.0,,,,,,,,0.5088,0.0,PS,31192.0,0.2739
220862,University of Memphis,Memphis,TN,5,1,3,4,11.0,0.0,12701.0,0.7203,1088.0,25169.0,10728.0,15384.0,0.5089,0.7738,0.4122,0.3789,15809,48458.0,0.5992
220871,Memphis Theological Seminary,Memphis,TN,5,2,4,4,11.0,0.0,,,,,,,,,,,PS,,
220978,Middle Tennessee State University,Murfreesboro,TN,5,1,3,4,12.0,0.0,16301.0,0.6909,1121.0,24289.0,10266.0,31574.0,0.537,0.7952,0.3177,0.28,14093,48541.0,0.5186
220996,Middle Tennessee School of Anesthesia Inc,Madison,TN,5,2,4,4,11.0,0.0,,,,,,,,,,,,,
221050,Tennessee College of Applied Technology-Morristown,Morristown,TN,5,1,1,1,13.0,0.0,642.0,,,,,,,,0.5139,0.0,PS,38837.0,0.2523
221096,Motlow State Community College,Tullahoma,TN,5,1,2,2,41.0,0.0,3962.0,,,24326.0,4738.0,17722.0,,,0.2821,0.0,3000,40397.0,0.6227
221102,Tennessee College of Applied Technology-Murfreesboro,Murfreesboro,TN,5,1,1,1,12.0,0.0,709.0,,,,,,,,0.4919,0.0,PS,40869.0,0.268
221148,Nashville Auto-Diesel College,Nashville,TN,5,3,1,2,11.0,0.0,967.0,,,,,,,,0.58,0.653,9524,46396.0,0.0879
221184,Nashville State Community College,Nashville,TN,5,1,2,2,11.0,0.0,5653.0,,,14385.0,4730.0,17714.0,,,0.3298,0.0583,6500,38519.0,0.6466
221236,Tennessee College of Applied Technology Northwest,Newbern,TN,5,1,1,1,42.0,0.0,717.0,,,,,,,,0.2424,0.0,PS,38514.0,0.3877
221281,Tennessee College of Applied Technology-Henry/Carroll,Paris,TN,5,1,1,1,33.0,0.0,180.0,,,,,,,,0.6115,0.0,PS,29074.0,0.5
221333,Tennessee College of Applied Technology-Pulaski,Pulaski,TN,5,1,1,1,32.0,0.0,246.0,,,,,,,,0.1974,0.0,PS,40368.0,0.3455
221351,Rhodes College,Memphis,TN,5,2,3,4,11.0,0.0,1836.0,0.5035,1362.0,71136.0,57110.0,57110.0,0.8453,0.9232,0.1593,0.5074,19349,66651.0,0.5882
221397,Roane State Community College,Harriman,TN,5,1,2,2,32.0,0.0,3250.0,,,13397.0,4998.0,18630.0,,,0.275,0.0356,6426,39407.0,0.6732
221430,Tennessee College of Applied Technology Crump,Crump,TN,5,1,1,1,42.0,0.0,388.0,,,,,,,,0.1556,0.0,PS,30796.0,0.3325
221485,Southwest Tennessee Community College,Memphis,TN,5,1,2,2,11.0,0.0,5047.0,,,12999.0,4778.0,17750.0,,,0.4135,0.0,PS,34071.0,0.6836
221494,Tennessee College of Applied Technology-Shelbyville,Shelbyville,TN,5,1,1,1,32.0,0.0,412.0,,,,,,,,0.4094,0.0,PS,38700.0,0.1966
221519,The University of the South,Sewanee,TN,5,2,3,4,42.0,0.0,1607.0,0.569,1344.0,71986.0,56120.0,56120.0,0.7979,0.8886,0.1585,0.3356,17750,64911.0,0.5308
221582,Tennessee College of Applied Technology-Oneida-Huntsville,Huntsville,TN,5,1,1,1,43.0,0.0,171.0,,,,,,,,0.2959,0.0,PS,31949.0,0.345
221591,Tennessee College of Applied Technology-Upper Cumberland,Crossville,TN,5,1,1,1,33.0,0.0,360.0,,,,,,,,0.3496,0.0,PS,35551.0,0.3667
221607,Tennessee College of Applied Technology-McMinnville,McMinnville,TN,5,1,1,1,32.0,0.0,302.0,,,,,,,,0.293,0.0,PS,40322.0,0.394
221616,Tennessee College of Applied Technology-Jackson,Jackson,TN,5,1,1,1,41.0,0.0,563.0,,,,,,,,0.1494,0.0,PS,38383.0,0.3126
221625,Tennessee College of Applied Technology-Knoxville,Knoxville,TN,5,1,1,1,12.0,0.0,887.0,,,,,,,,0.3513,0.0,PS,37235.0,0.4014
221643,Pellissippi State Community College,Knoxville,TN,5,1,2,2,21.0,0.0,6715.0,,,13431.0,4786.0,17770.0,,,0.2444,0.0265,5500,38440.0,0.5105
221661,Southern Adventist University,Collegedale,TN,5,2,3,4,21.0,0.0,2773.0,0.655,1129.0,38618.0,27300.0,27300.0,0.4939,0.8281,0.3063,0.4199,18000,53723.0,0.5398
221670,Southern College of Optometry,Memphis,TN,5,2,4,4,11.0,0.0,,,,,,,,,,,PS,,
221731,Tennessee Wesleyan University,Athens,TN,5,2,3,4,32.0,0.0,846.0,0.6885,1090.0,39440.0,30814.0,30814.0,0.4759,0.7202,0.3921,0.5216,14000,45989.0,0.6383
221740,The University of Tennessee-Chattanooga,Chattanooga,TN,5,1,3,4,12.0,0.0,10074.0,0.8109,1147.0,25489.0,10448.0,18512.0,0.5024,0.7252,0.328,0.3713,12000,51151.0,0.5825
221759,The University of Tennessee-Knoxville,Knoxville,TN,5,1,3,4,12.0,0.0,30418.0,0.416,1311.0,33678.0,13812.0,33256.0,0.7392,0.919,0.1889,0.2889,16000,60249.0,0.5346
221768,The University of Tennessee-Martin,Martin,TN,5,1,3,4,33.0,0.0,4866.0,0.882,1120.0,23079.0,10560.0,16600.0,0.5254,0.7696,0.3442,0.3073,12981,44213.0,0.6165
221829,Tennessee School of Beauty of Knoxville Inc,Knoxville,TN,5,3,1,1,12.0,0.0,323.0,,,,,,,,0.3551,0.302,5500,19913.0,0.9814
221838,Tennessee State University,Nashville,TN,5,1,3,4,11.0,1.0,4848.0,0.7011,1000.0,25637.0,8616.0,22416.0,0.3399,0.335,0.5113,0.4631,17500,42730.0,0.6545
221847,Tennessee Technological University,Cookeville,TN,5,1,3,4,33.0,0.0,8698.0,0.7613,1151.0,25663.0,11376.0,15576.0,0.5767,0.7816,0.309,0.3348,11000,48501.0,0.4469
221892,Trevecca Nazarene University,Nashville,TN,5,2,3,4,11.0,0.0,1737.0,0.6944,1091.0,41548.0,31300.0,31300.0,0.5315,0.736,0.3229,0.3931,14750,49378.0,0.6149
221908,Northeast State Community College,Blountville,TN,5,1,2,2,41.0,0.0,4404.0,,,15793.0,4782.0,17766.0,,,0.3631,0.0,3500,34553.0,0.5277
221953,Tusculum University,Greeneville,TN,5,2,3,4,32.0,0.0,785.0,0.7217,,43776.0,29250.0,29250.0,0.2545,0.6286,0.4637,0.5314,14250,44367.0,0.4484
221971,Union University,Jackson,TN,5,2,3,4,13.0,0.0,1607.0,0.6041,1256.0,58363.0,40025.0,40025.0,0.6596,0.89,0.2454,0.4241,16666,53990.0,0.6254
221999,Vanderbilt University,Nashville,TN,5,2,3,4,11.0,0.0,7208.0,0.0586,1549.0,89590.0,67498.0,67498.0,0.9354,0.9634,0.2022,0.0956,12913,91565.0,0.5248
222053,Volunteer State Community College,Gallatin,TN,5,1,2,2,21.0,0.0,5339.0,,,16401.0,4756.0,17740.0,,,0.3331,0.0503,4727,41150.0,0.6278
222062,Walters State Community College,Morristown,TN,5,1,2,2,13.0,0.0,3591.0,,,14313.0,4752.0,17736.0,,,0.304,0.0,3277,37085.0,0.6491
222105,William R Moore College of Technology,Memphis,TN,5,2,1,2,11.0,0.0,366.0,,,21985.0,9723.0,9723.0,,,0.3536,0.0,PS,32194.0,0.0492
222178,Abilene Christian University,Abilene,TX,6,2,3,4,12.0,0.0,3195.0,0.6603,1194.0,59256.0,44200.0,44200.0,0.5901,0.8051,0.2233,0.399,14750,55736.0,0.5959
222567,Alvin Community College,Alvin,TX,6,1,2,2,21.0,0.0,3342.0,,,16962.0,1906.0,4402.0,0.2397,,0.2523,0.0448,3500,45762.0,0.5835
222576,Amarillo College,Amarillo,TX,6,1,2,2,12.0,0.0,7399.0,,,10854.0,2136.0,4704.0,,,0.4405,0.1245,9500,41302.0,0.6559
222628,Amberton University,Garland,TX,6,2,3,4,21.0,0.0,114.0,,,,,,,,0.1802,0.1351,PS,,0.6754
222822,Angelina College,Lufkin,TX,6,1,1,2,33.0,0.0,2370.0,,,14848.0,3430.0,6490.0,,,0.385,0.0,PS,37301.0,0.6827
222831,Angelo State University,San Angelo,TX,6,1,3,4,13.0,0.0,5643.0,0.8301,1054.0,23441.0,8460.0,18300.0,0.4397,0.6864,0.2764,0.234,12394,50116.0,0.5634
222877,Arlington Baptist University,Arlington,TX,6,2,3,4,11.0,0.0,284.0,,,33424.0,20830.0,20830.0,0.1944,0.4124,0.5309,0.6836,9500,44644.0,0.3169
222886,Arlington Career Institute,Arlington,TX,6,3,1,1,11.0,0.0,562.0,,,,,,,,0.5696,0.3787,8015,36674.0,0.9342
222983,Austin College,Sherman,TX,6,2,3,4,13.0,0.0,1165.0,0.4765,1212.0,61607.0,48680.0,48680.0,0.6705,0.7939,0.3085,0.5,17500,61296.0,0.5133
222992,Austin Community College District,Austin,TX,6,1,2,3,11.0,0.0,30189.0,,,15190.0,2550.0,10590.0,0.202,,0.2436,0.1304,6126,43177.0,0.5746
223001,Austin Presbyterian Theological Seminary,Austin,TX,6,2,4,4,11.0,0.0,,,,,,,,,,,PS,,
223056,Baldwin Beauty School-South Austin,Austin,TX,6,3,1,1,11.0,0.0,31.0,,,,,,,,0.5,0.5541,5500,24801.0,0.9355
223083,Baptist Health System School of Health Professions,San Antonio,TX,6,3,2,3,11.0,0.0,575.0,1.0,,,13760.0,13760.0,,,0.5305,0.7576,14342,74220.0,0.833
223117,Baptist Missionary Association Theological Seminary,Jacksonville,TX,6,2,3,4,32.0,0.0,39.0,0.2857,,,10050.0,10050.0,,,0.3462,0.0385,PS,,0.1282
223223,Baylor College of Medicine,Houston,TX,6,2,4,4,11.0,0.0,,,,,,,,,,,PS,,
223232,Baylor University,Waco,TX,6,2,3,4,12.0,0.0,14785.0,0.5128,1329.0,74226.0,58100.0,58100.0,0.7999,0.9095,0.1245,0.3124,19500,65793.0,0.5927
223320,Coastal Bend College,Beeville,TX,6,1,2,2,33.0,0.0,1958.0,,,12875.0,2916.0,5226.0,,,0.2624,0.0554,7445,35086.0,0.7155
223427,Blinn College District,Brenham,TX,6,1,2,2,32.0,0.0,15535.0,,,15252.0,4890.0,11370.0,,,0.2105,0.1834,5500,46318.0,0.5029
223463,Remington College-Dallas Campus,Dallas,TX,6,2,1,3,11.0,0.0,250.0,,,35534.0,15025.0,15025.0,,,0.6635,0.4423,9500,31349.0,0.624
223472,Vet Tech Institute of Houston,Houston,TX,6,3,2,2,11.0,0.0,200.0,0.8095,,19973.0,16324.0,16324.0,,,0.5632,0.7316,12000,35765.0,0.895
223506,Brazosport College,Lake Jackson,TX,6,1,1,3,23.0,0.0,2622.0,,,12167.0,2388.0,4711.0,0.562,,0.1738,0.012,4250,45910.0,0.5454
223816,Central Texas College,Killeen,TX,6,1,2,2,21.0,0.0,6247.0,,,13822.0,3750.0,7500.0,,,0.3707,0.4185,5250,40995.0,0.5841
223852,Charles and Sues School of Hair Design,Bryan,TX,6,3,1,1,13.0,0.0,69.0,,,,,,,,0.5437,0.6214,7770,27724.0,0.9855
223898,Cisco College,Cisco,TX,6,1,1,2,43.0,0.0,1620.0,,,17469.0,4710.0,7140.0,,,0.2582,0.0643,6500,39092.0,0.6327
223922,Clarendon College,Clarendon,TX,6,1,2,2,43.0,0.0,1520.0,,,14589.0,3720.0,5400.0,,,0.2107,0.1175,5500,38696.0,0.575
224004,Concordia University Texas,Austin,TX,6,2,3,4,11.0,0.0,1185.0,0.9125,,53020.0,23500.0,23500.0,0.446,0.583,0.4142,0.4982,15134,60883.0,0.6439
224013,BK Cosmo College of Cosmetology,Kerrville,TX,6,3,1,1,33.0,0.0,55.0,,,,,,,,0.5556,0.5833,9500,20270.0,0.9818
224110,North Central Texas College,Gainesville,TX,6,1,2,2,32.0,0.0,5863.0,,,10200.0,3600.0,5739.0,,,0.2143,0.2032,6020,45809.0,0.5806
224147,Texas A & M University-Corpus Christi,Corpus Christi,TX,6,1,3,4,11.0,0.0,8034.0,0.8858,1086.0,25210.0,9748.0,20794.0,0.4015,0.5843,0.429,0.417,15273,51865.0,0.6042
224156,Paul Mitchell the School-Dallas,Carrollton,TX,6,3,1,1,21.0,0.0,328.0,,,,,,,,0.4337,0.4653,7457,28693.0,0.9634
224226,Dallas Baptist University,Dallas,TX,6,2,3,4,11.0,0.0,2403.0,0.8884,1120.0,52716.0,40190.0,40190.0,0.5701,0.6437,0.2305,0.3189,16000,56807.0,0.5859
224244,Dallas Christian College,Dallas,TX,6,2,3,4,21.0,0.0,224.0,0.218,931.0,34502.0,21730.0,21730.0,0.2857,0.4091,0.4856,0.5647,15000,43503.0,0.375
224271,Dallas Institute of Funeral Service,Dallas,TX,6,2,2,2,11.0,0.0,454.0,,,27708.0,17640.0,17640.0,,,0.2665,0.4607,7664,45866.0,0.8172
224305,Dallas Theological Seminary,Dallas,TX,6,2,4,4,11.0,0.0,,,,,,,,,,,PS,,
224323,University of Dallas,Irving,TX,6,2,3,4,11.0,0.0,1403.0,0.5344,1227.0,68583.0,53930.0,53930.0,0.7307,0.7723,0.2593,0.4373,18478,58285.0,0.5317
224350,Del Mar College,Corpus Christi,TX,6,1,2,3,11.0,0.0,9501.0,,,12895.0,3440.0,6050.0,0.1109,,0.3349,0.0489,3500,38656.0,0.5655
224527,East Texas Baptist University,Marshall,TX,6,2,3,4,32.0,0.0,1352.0,0.5776,,44211.0,30680.0,30680.0,0.4712,0.7084,0.3219,0.5081,15030,52788.0,0.5222
224545,Texas A&M University-Texarkana,Texarkana,TX,6,1,3,4,13.0,0.0,1982.0,0.6354,,23778.0,8349.0,45080.0,0.2957,0.6371,0.5251,0.4535,12500,45515.0,0.6054
224554,East Texas A&M University,Commerce,TX,6,1,3,4,32.0,0.0,9912.0,0.9224,1076.0,23438.0,10026.0,22326.0,0.4281,0.5723,0.4047,0.3522,14250,50296.0,0.5964
224615,Dallas College,Dallas,TX,6,1,2,3,11.0,0.0,43869.0,,,9704.0,2730.0,6900.0,0.3232,0.6667,0.236,0.0555,5500,41714.0,0.5989
224642,El Paso Community College,El Paso,TX,6,1,2,2,11.0,0.0,24214.0,,,13337.0,4080.0,6630.0,,,0.3655,0.0162,5231,35212.0,0.5722
224660,Western Technical College,El Paso,TX,6,3,2,4,11.0,0.0,600.0,,,,,,0.7163,0.8889,0.4853,0.2298,13406,36156.0,0.4633
224679,Western Technical College,El Paso,TX,6,3,1,3,11.0,0.0,1206.0,,,,,,0.7194,0.8462,0.1903,0.2681,13406,36156.0,0.1468
224712,Episcopal Theological Seminary of the Southwest,Austin,TX,6,2,4,4,11.0,0.0,,,,,,,,,,,,,
224891,Frank Phillips College,Borger,TX,6,1,1,2,32.0,0.0,623.0,,,12877.0,3712.0,4882.0,,,0.262,0.0418,5500,37179.0,0.5891
224961,Galveston College,Galveston,TX,6,1,1,3,13.0,0.0,1528.0,,,15338.0,2726.0,6176.0,0.327,,0.4059,0.0878,7250,37233.0,0.6865
225043,Graham's Barber College,DALLAS,TX,6,3,1,1,11.0,0.0,8.0,,,,,,,,1.0,0.0,,,0.25
225070,Grayson College,Denison,TX,6,1,1,3,41.0,0.0,3075.0,,,14866.0,3052.0,6352.0,0.3994,0.6667,0.3221,0.0888,7500,40873.0,0.6237
225201,Hallmark University,San Antonio,TX,6,2,3,4,11.0,0.0,769.0,0.5134,,,,,0.6633,0.7407,0.5274,0.6002,18989,40183.0,0.3485
225247,Hardin-Simmons University,Abilene,TX,6,2,3,4,12.0,0.0,1283.0,0.9,1108.0,45904.0,32960.0,32960.0,0.4604,0.6487,0.4006,0.8215,13359,54771.0,0.4957
225308,Trinity Valley Community College,Athens,TX,6,1,2,3,32.0,0.0,5655.0,,,14467.0,2640.0,5970.0,0.2721,,0.2977,0.123,6707,38567.0,0.5848
225371,Hill College,Hillsboro,TX,6,1,2,2,32.0,0.0,2253.0,,,13417.0,3570.0,3570.0,,,0.3145,0.1683,8088,39572.0,0.6103
225399,Houston Christian University,Houston,TX,6,2,3,4,11.0,0.0,2886.0,0.8444,1084.0,50082.0,39430.0,39430.0,0.4912,0.6933,0.5554,0.5852,11000,55933.0,0.5908
225414,University of Houston-Clear Lake,Houston,TX,6,1,3,4,12.0,0.0,6078.0,0.9052,1060.0,24622.0,7770.0,21114.0,0.5163,0.7444,0.4524,0.2798,13548,59004.0,0.6104
225423,Houston City College,Houston,TX,6,1,2,3,11.0,0.0,40503.0,,,12009.0,2040.0,5460.0,0.1653,,0.3574,0.1462,8752,39254.0,0.5855
225432,University of Houston-Downtown,Houston,TX,6,1,3,4,11.0,0.0,12555.0,0.8996,1029.0,20749.0,7708.0,17548.0,0.332,0.6709,0.5522,0.2985,13750,53551.0,0.6213
225502,Texas A&M University-Victoria,Victoria,TX,6,1,3,4,13.0,0.0,2513.0,0.959,,21401.0,7149.0,16989.0,0.2638,0.651,0.4893,0.3781,13565,54467.0,0.6176
225511,University of Houston,Houston,TX,6,1,3,4,11.0,0.0,38380.0,0.7392,1250.0,26185.0,9717.0,22547.0,0.6456,0.8699,0.4165,0.3168,14000,62377.0,0.5205
225520,Howard College,Big Spring,TX,6,1,2,2,33.0,0.0,1611.0,,,13858.0,2766.0,6716.0,,,0.2369,0.087,6250,38382.0,0.7238
225548,Howard Payne University,Brownwood,TX,6,2,3,4,33.0,0.0,713.0,0.6737,1026.0,46766.0,34982.0,34982.0,0.2798,0.5174,0.4427,0.6927,11892,48376.0,0.4811
225575,Huston-Tillotson University,Austin,TX,6,2,3,4,11.0,1.0,1005.0,0.3909,1014.0,25384.0,26709.0,26709.0,0.3394,0.5819,0.6122,0.6918,15999,42937.0,0.5403
225627,University of the Incarnate Word,San Antonio,TX,6,2,3,4,11.0,0.0,4440.0,0.9814,,48681.0,37090.0,37090.0,0.5098,0.7129,0.446,0.4856,21231,56733.0,0.643
225876,Jacksonville College-Main Campus,Jacksonville,TX,6,2,2,2,32.0,0.0,157.0,,,19359.0,8850.0,8850.0,,,0.22,0.0,3500,38885.0,0.3885
225885,Jarvis Christian University,Hawkins,TX,6,2,3,4,42.0,1.0,577.0,,,25185.0,11720.0,11720.0,0.1519,0.4765,0.5877,0.5233,12000,32992.0,0.5303
225991,KD Conservatory College of Film and Dramatic Arts,Dallas,TX,6,3,2,2,11.0,0.0,70.0,0.6818,,29037.0,20521.0,20521.0,,,0.3617,0.3617,12000,30187.0,0.4
226019,Kilgore College,Kilgore,TX,6,1,2,2,31.0,0.0,3215.0,,,14080.0,2160.0,5256.0,,,0.3173,0.1223,9500,37975.0,0.6174
226091,Lamar University,Beaumont,TX,6,1,3,4,12.0,0.0,8150.0,0.8641,1061.0,22254.0,8905.0,18745.0,0.3732,0.6187,0.4649,0.418,12500,49652.0,0.594
226107,Lamar State College-Orange,Orange,TX,6,1,1,2,31.0,0.0,1391.0,,,7264.0,3540.0,17280.0,,,0.222,0.1034,8125,36587.0,0.7017
226116,Lamar State College-Port Arthur,Port Arthur,TX,6,1,1,2,13.0,0.0,1508.0,,,10754.0,1770.0,8070.0,,,0.2054,0.0721,7125,37120.0,0.6306
226134,Laredo College,Laredo,TX,6,1,2,3,11.0,0.0,5818.0,,,11469.0,3300.0,5748.0,0.3045,,0.3872,0.0,2334,33934.0,0.5853
226152,Texas A & M International University,Laredo,TX,6,1,3,4,11.0,0.0,6667.0,0.4437,993.0,15558.0,7894.0,19454.0,0.4647,0.7783,0.6451,0.26,11000,48386.0,0.5964
226204,Lee College,Baytown,TX,6,1,1,2,13.0,0.0,5116.0,,,12107.0,2520.0,5190.0,,,0.3531,0.0492,5813,42178.0,0.4419
226231,LeTourneau University,Longview,TX,6,2,3,4,13.0,0.0,1468.0,0.3801,1208.0,51124.0,37160.0,37160.0,0.5858,0.8078,0.1329,0.2395,19000,57103.0,0.3713
226277,Lincoln College of Technology-Grand Prairie,Grand Prairie,TX,6,3,1,2,21.0,0.0,1539.0,,,,,,,,0.6263,0.6791,9524,46396.0,0.0812
226383,Lubbock Christian University,Lubbock,TX,6,2,3,4,11.0,0.0,1252.0,0.731,1100.0,41944.0,28540.0,28540.0,0.5136,0.7032,0.3432,0.6894,15750,53787.0,0.5966
226408,College of the Mainland,Texas City,TX,6,1,2,3,13.0,0.0,3368.0,,,8357.0,2310.0,4140.0,0.3118,,0.2711,0.0274,5156,39639.0,0.6485
226471,University of Mary Hardin-Baylor,Belton,TX,6,2,3,4,22.0,0.0,2759.0,0.9576,1099.0,46874.0,32020.0,32020.0,0.4931,0.6242,0.3965,0.6071,15750,56132.0,0.6176
226578,McLennan Community College,Waco,TX,6,1,2,2,12.0,0.0,5668.0,,,12920.0,3660.0,5910.0,,,0.3794,0.2024,6136,39163.0,0.6971
226587,McMurry University,Abilene,TX,6,2,3,4,12.0,0.0,1176.0,0.5704,1043.0,43778.0,32340.0,32340.0,0.4429,0.6352,0.2382,0.2944,19000,48779.0,0.5077
226675,Covenant School of Nursing and Allied Health,Lubbock,TX,6,2,1,1,11.0,0.0,360.0,,,,,,,,0.4431,0.5549,10399,78724.0,0.8361
226806,Midland College,Midland,TX,6,1,1,3,12.0,0.0,5542.0,,,12707.0,3180.0,6180.0,0.2315,,0.2121,0.0213,6300,43958.0,0.5976
226833,Midwestern State University,Wichita Falls,TX,6,1,3,4,12.0,0.0,4087.0,0.9352,,22652.0,10580.0,12530.0,0.4274,0.6393,0.4065,0.3976,13051,55747.0,0.6354
226860,William Edge Institute,New Braunfels,TX,6,3,1,1,12.0,0.0,73.0,,,,,,,,0.3372,0.0,PS,23040.0,1.0
226879,Wade College,Dallas,TX,6,3,2,3,11.0,0.0,252.0,,,25506.0,17692.0,17692.0,0.5417,1.0,0.6552,0.7931,14608,36657.0,0.7817
226903,Southern Careers Institute-Austin,Austin,TX,6,3,1,2,11.0,0.0,746.0,,,,,,,,0.6031,0.5568,7389,27035.0,0.6649
227058,Tint School of Makeup & Cosmetology,Irving,TX,6,3,1,1,11.0,0.0,44.0,,,,,,,,0.4756,0.4512,4750,26381.0,0.9773
227146,Navarro College,Corsicana,TX,6,1,2,3,32.0,0.0,3781.0,,,18757.0,3008.0,6578.0,0.2257,,0.3049,0.1811,7926,38716.0,0.6485
227182,Lone Star College System,The Woodlands,TX,6,1,2,3,12.0,0.0,45188.0,,,15521.0,3330.0,9390.0,0.2114,,0.2331,0.0733,5500,42466.0,0.5877
227216,University of North Texas,Denton,TX,6,1,3,4,12.0,0.0,34341.0,0.7223,1109.0,26243.0,11309.0,21149.0,0.6071,0.7665,0.3804,0.3612,14000,57010.0,0.5348
227225,Northeast Texas Community College,Mount Pleasant,TX,6,1,1,2,42.0,0.0,1973.0,,,13564.0,2980.0,5620.0,,,0.3971,0.106,9500,37870.0,0.6548
227289,Oblate School of Theology,San Antonio,TX,6,2,4,4,11.0,0.0,,,,,,,,,,,,,
227298,Ocean Corporation,Houston,TX,6,3,1,1,11.0,0.0,192.0,,,,,,,,0.2948,0.465,9500,53474.0,0.0625
227304,Odessa College,Odessa,TX,6,1,2,3,12.0,0.0,4654.0,,,13086.0,2688.0,4926.0,0.3702,0.6635,0.2152,0.0154,6000,42026.0,0.6493
227313,Ogle School Hair Skin Nails-Arlington,Arlington,TX,6,3,1,1,21.0,0.0,374.0,,,,,,,,0.6936,0.6046,7916,31055.0,0.9759
227322,Ogle School Hair Skin Nails-Ft Worth,Fort Worth,TX,6,3,1,1,11.0,0.0,500.0,,,,,,,,0.6536,0.563,7369,26885.0,0.972
227331,Our Lady of the Lake University,San Antonio,TX,6,2,3,4,11.0,0.0,1066.0,,,42865.0,32106.0,32106.0,0.4611,0.6277,0.5719,0.592,17084,48675.0,0.6745
227368,The University of Texas Rio Grande Valley,Edinburg,TX,6,1,3,4,12.0,0.0,28666.0,0.9419,985.0,16830.0,9987.0,19827.0,0.509,0.8111,0.6508,0.2617,9593,49620.0,0.5684
227377,Texas Southmost College,Brownsville,TX,6,1,2,2,12.0,0.0,3372.0,,,10999.0,3148.0,4948.0,,,0.2842,0.0629,6125,41900.0,0.5721
227386,Panola College,Carthage,TX,6,1,1,2,32.0,0.0,1388.0,,,13654.0,2352.0,5232.0,,,0.3077,0.0734,6000,36072.0,0.7212
227401,Paris Junior College,Paris,TX,6,1,2,2,33.0,0.0,2204.0,,,13626.0,2700.0,5700.0,,,0.2567,0.0238,4300,36515.0,0.6475
227429,Paul Quinn College,Dallas,TX,6,2,3,4,11.0,1.0,620.0,0.4028,,23587.0,13498.0,13498.0,0.2687,0.4898,0.6728,0.8347,11090,29288.0,0.6435
227526,Prairie View A & M University,Prairie View,TX,6,1,3,4,42.0,1.0,8877.0,0.7931,980.0,26362.0,11299.0,26874.0,0.432,0.7562,0.656,0.6811,17500,45411.0,0.6619
227687,Ranger College,Ranger,TX,6,1,2,2,43.0,0.0,971.0,,,15017.0,2766.0,9066.0,,,0.1677,0.0653,5792,35552.0,0.6004
227748,Aviation Institute of Maintenance-Houston,Houston,TX,6,3,1,1,11.0,0.0,360.0,,,29992.0,16757.0,16757.0,,,0.331,0.2135,21413,58327.0,0.075
227757,Rice University,Houston,TX,6,2,3,4,11.0,0.0,4776.0,0.08,1553.0,79788.0,64144.0,64144.0,0.9464,0.9741,0.1703,0.0647,9716,89718.0,0.4958
227845,Saint Edward's University,Austin,TX,6,2,3,4,11.0,0.0,2493.0,0.8142,1138.0,66719.0,51384.0,51384.0,0.6259,0.7967,0.4237,0.4767,20000,58826.0,0.5933
227854,St Philip's College,San Antonio,TX,6,1,1,2,11.0,1.0,12914.0,,,11985.0,3412.0,9952.0,0.2827,,0.2195,0.027,7250,38224.0,0.5938
227863,University of St Thomas,Houston,TX,6,2,3,4,11.0,0.0,3220.0,0.8992,1090.0,45672.0,34634.0,34634.0,0.6877,0.777,0.4164,0.3453,12548,59224.0,0.5916
227881,Sam Houston State University,Huntsville,TX,6,1,3,4,32.0,0.0,17743.0,0.9026,1041.0,25505.0,9228.0,19068.0,0.5476,0.7325,0.4133,0.4565,16500,54211.0,0.6255
227924,San Antonio College,San Antonio,TX,6,1,2,3,11.0,0.0,16416.0,,,12343.0,3412.0,9952.0,0.2551,,0.3427,0.0476,6500,39711.0,0.6155
227979,San Jacinto Community College,Pasadena,TX,6,1,2,3,12.0,0.0,22969.0,,,21293.0,2490.0,6690.0,0.3011,,0.3176,0.0206,5750,43062.0,0.5972
228042,Schreiner University,Kerrville,TX,6,2,3,4,33.0,0.0,1053.0,0.882,,48004.0,39266.0,39266.0,0.4318,0.6679,0.4379,0.6394,13500,52228.0,0.5366
228088,Seguin Beauty School-Seguin,Seguin,TX,6,3,1,1,31.0,0.0,38.0,,,,,,,,0.64,0.66,8427,21891.0,1.0
228149,St. Mary's University,San Antonio,TX,6,2,3,4,11.0,0.0,1951.0,0.9776,1089.0,47999.0,37434.0,37434.0,0.5893,0.73,0.3861,0.463,19500,56955.0,0.6023
228158,South Plains College,Levelland,TX,6,1,2,2,32.0,0.0,6005.0,,,13784.0,2731.0,5155.0,,,0.3846,0.1455,6724,41276.0,0.62
228194,South Texas College of Law Houston,Houston,TX,6,2,4,4,11.0,0.0,,,,,,,,,,,PS,,
228200,South Texas Vocational Technical Institute-Weslaco,Weslaco,TX,6,3,1,1,21.0,0.0,521.0,,,,,,,,0.8359,0.8559,10661,31102.0,0.4338
228219,Miller-Motte College-STVT-McAllen,McAllen,TX,6,3,1,1,12.0,0.0,546.0,,,,,,,,0.7884,0.7935,10661,31102.0,0.4304
228246,Southern Methodist University,Dallas,TX,6,2,3,4,21.0,0.0,7277.0,0.6335,1428.0,85606.0,67040.0,67040.0,0.8427,0.9052,0.1276,0.2146,15311,78354.0,0.512
228282,Southwest School of Business and Technical Careers-San Antonio,San Antonio,TX,6,3,1,1,11.0,0.0,21.0,,,,,,,,0.9886,0.9205,7226,24251.0,0.9048
228316,Southwest Texas College,Uvalde,TX,6,1,1,2,33.0,0.0,3306.0,,,13554.0,2646.0,6294.0,,,0.3323,0.023,5750,35563.0,0.6307
228325,Nelson University,Waxahachie,TX,6,2,3,4,21.0,0.0,1479.0,0.8902,980.0,34504.0,25064.0,25064.0,0.4156,0.7516,0.478,0.6133,14750,46238.0,0.4936
228343,Southwestern University,Georgetown,TX,6,2,3,3,13.0,0.0,1440.0,0.4305,1241.0,67493.0,53813.0,53813.0,0.7279,0.806,0.2533,0.4557,19500,56878.0,0.5465
228431,Stephen F Austin State University,Nacogdoches,TX,6,1,3,4,33.0,0.0,8728.0,0.9399,1066.0,25791.0,11128.0,23426.0,0.5333,0.7169,0.3887,0.4135,17750,49634.0,0.6316
228459,Texas State University,San Marcos,TX,6,1,3,4,13.0,0.0,36177.0,0.8932,1103.0,28073.0,11450.0,22930.0,0.5528,0.8008,0.3724,0.4102,14993,56906.0,0.5949
228468,Southwestern Adventist University,Keene,TX,6,2,3,4,31.0,0.0,570.0,0.7836,1031.0,35592.0,25380.0,25380.0,0.5234,0.7267,0.4211,0.5304,21500,52946.0,0.5632
228486,Southwestern Christian College,Terrell,TX,6,2,2,3,32.0,1.0,110.0,,,21854.0,14638.0,14638.0,0.0313,1.0,0.6563,0.5234,PS,32672.0,0.4364
228501,Sul Ross State University,Alpine,TX,6,1,3,4,33.0,0.0,1396.0,0.9871,1024.0,24529.0,7592.0,17672.0,0.2994,0.4491,0.5774,0.4053,11000,41871.0,0.5716
228529,Tarleton State University,Stephenville,TX,6,1,3,4,33.0,0.0,12673.0,0.8955,1075.0,24100.0,8302.0,18142.0,0.4821,0.6985,0.344,0.4004,13989,53040.0,0.6095
228547,Tarrant County College District,Fort Worth,TX,6,1,2,2,11.0,0.0,42300.0,,,11130.0,1863.0,8370.0,,,0.274,0.074,5500,42727.0,0.5819
228608,Temple College,Temple,TX,6,1,2,2,13.0,0.0,3178.0,,,14200.0,3000.0,7224.0,,,0.3474,0.2101,7991,38678.0,0.6728
228635,University of Texas Southwestern Medical Center,Dallas,TX,6,1,4,4,11.0,0.0,,,,,,,,,,,PS,76860.0,
228644,The University of Texas Health Science Center at San Antonio,San Antonio,TX,6,1,3,4,11.0,0.0,930.0,,,,,,,,0.3333,0.5208,15000,82206.0,0.7495
228653,The University of Texas Medical Branch at Galveston,Galveston,TX,6,1,3,4,13.0,0.0,545.0,,,,,,,,0.3363,0.6208,12678,92961.0,0.8037
228699,Texarkana College,Texarkana,TX,6,1,2,2,13.0,0.0,1502.0,,,15998.0,2476.0,5332.0,,,0.263,0.0734,9487,34647.0,0.7144
228705,Texas A&M University-Kingsville,Kingsville,TX,6,1,3,4,32.0,0.0,4748.0,0.9092,1050.0,24060.0,9892.0,25746.0,0.4187,0.6459,0.5273,0.3808,15873,51450.0,0.4933
228723,Texas A&M University-College Station,College Station,TX,6,1,3,4,12.0,0.0,59615.0,0.5743,1280.0,32696.0,13154.0,40124.0,0.8391,0.9431,0.1964,0.2565,15000,72097.0,0.4736
228769,The University of Texas at Arlington,Arlington,TX,6,1,3,4,11.0,0.0,32294.0,0.799,1124.0,25261.0,11950.0,29582.0,0.5402,0.7294,0.423,0.312,11791,63199.0,0.5865
228778,The University of Texas at Austin,Austin,TX,6,1,3,4,11.0,0.0,42855.0,0.2664,1395.0,31247.0,11688.0,44908.0,0.889,0.9674,0.2585,0.2727,18909,75121.0,0.5776
228787,The University of Texas at Dallas,Richardson,TX,6,1,3,4,12.0,0.0,21751.0,0.6513,1286.0,29807.0,14644.0,40144.0,0.7569,0.8995,0.2997,0.3308,13750,68227.0,0.4365
228796,The University of Texas at El Paso,El Paso,TX,6,1,3,4,11.0,0.0,21005.0,0.9992,962.0,19836.0,9744.0,25502.0,0.5017,0.7894,0.6161,0.2675,12573,50923.0,0.5456
228802,The University of Texas at Tyler,Tyler,TX,6,1,3,4,12.0,0.0,7440.0,0.9402,1114.0,24505.0,9736.0,25494.0,0.5413,0.7678,0.3974,0.3199,12500,57053.0,0.6137
228866,Texas Chiropractic College Foundation Inc,Pasadena,TX,6,2,4,4,12.0,0.0,,,,,,,,,,,PS,,
228875,Texas Christian University,Fort Worth,TX,6,2,3,4,11.0,0.0,11026.0,0.4449,1298.0,76604.0,61740.0,61740.0,0.8551,0.9287,0.1432,0.2508,19000,68424.0,0.6146
228884,Texas College,Tyler,TX,6,2,3,3,12.0,1.0,614.0,,,20339.0,10008.0,10008.0,0.1375,0.3403,0.8383,0.6439,19500,33752.0,0.3648
228909,University of North Texas Health Science Center,Fort Worth,TX,6,1,3,4,11.0,0.0,41.0,,,,,,,,0.1176,0.5294,PS,93615.0,0.7561
228981,Texas Lutheran University,Seguin,TX,6,2,3,4,31.0,0.0,1304.0,0.9571,,50002.0,36230.0,36230.0,0.5385,0.6181,0.3462,0.6189,14315,53863.0,0.5284
229018,The University of Texas Permian Basin,Odessa,TX,6,1,3,4,12.0,0.0,3911.0,0.9489,1033.0,23886.0,9236.0,21504.0,0.3967,0.6093,0.3869,0.2902,12285,56073.0,0.6101
229027,The University of Texas at San Antonio,San Antonio,TX,6,1,3,4,11.0,0.0,30580.0,0.8679,1105.0,22352.0,9011.0,22051.0,0.5264,0.7984,0.4406,0.3936,15000,57131.0,0.5102
229063,Texas Southern University,Houston,TX,6,1,3,4,11.0,1.0,6844.0,0.9691,914.0,27052.0,9173.0,21473.0,0.2216,0.6621,0.7226,0.6744,16250,38924.0,0.647
229115,Texas Tech University,Lubbock,TX,6,1,3,4,11.0,0.0,32394.0,0.7265,1190.0,27443.0,11852.0,24451.0,0.6869,0.8495,0.2775,0.4109,15250,62454.0,0.5003
229160,Texas Wesleyan University,Fort Worth,TX,6,2,3,4,11.0,0.0,1741.0,0.6916,1070.0,57451.0,39582.0,39582.0,0.3154,0.6082,0.4471,0.3773,13992,54053.0,0.5416
229179,Texas Woman's University,Denton,TX,6,1,3,4,12.0,0.0,8767.0,0.9612,,22234.0,8640.0,18480.0,0.4906,0.6955,0.4201,0.3796,14000,56544.0,0.9179
229267,Trinity University,San Antonio,TX,6,2,3,4,11.0,0.0,2505.0,0.2592,1416.0,68224.0,53676.0,53676.0,0.8397,0.9287,0.1877,0.4358,19500,71668.0,0.5461
229300,The University of Texas Health Science Center at Houston,Houston,TX,6,1,3,4,11.0,0.0,465.0,,,,,,,,0.5087,0.7152,12500,88757.0,0.8409
229337,Texas Tech University Health Sciences Center,Lubbock,TX,6,1,3,4,11.0,0.0,1482.0,,,,,,,,0.2656,0.4338,11250,92348.0,0.8671
229355,Tyler Junior College,Tyler,TX,6,1,2,3,12.0,0.0,9087.0,,,16654.0,2400.0,4512.0,0.2739,0.5958,0.3574,0.1892,6500,38140.0,0.6469
229416,Universal Technical Institute of Texas Inc.,Houston,TX,6,3,1,2,11.0,0.0,2632.0,,,,,,,,0.5984,0.5943,11574,51222.0,0.0813
229425,UCAS University of Cosmetology Arts & Sciences-McAllen,McAllen,TX,6,3,1,1,12.0,0.0,53.0,,,,,,,,0.4779,0.3673,6083,19880.0,1.0
229504,Vernon College,Vernon,TX,6,1,2,2,33.0,0.0,2113.0,,,14564.0,3720.0,6120.0,,,0.4176,0.2992,7000,40464.0,0.6436
229522,Victoria Beauty & Barber College,Victoria,TX,6,3,1,1,13.0,0.0,73.0,,,,,,,,0.549,0.549,6222,18831.0,0.8082
229540,Victoria College,Victoria,TX,6,1,2,2,13.0,0.0,2351.0,,,10514.0,2976.0,5328.0,,,0.365,0.0713,7256,42382.0,0.664
229656,Vogue College of Cosmetology-McAllen,McAllen,TX,6,3,1,1,12.0,0.0,344.0,,,,,,,,0.8093,0.743,6333,,0.9942
229780,Wayland Baptist University,Plainview,TX,6,2,3,4,33.0,0.0,2041.0,0.5596,,36323.0,23782.0,23782.0,0.1929,0.4453,0.457,0.4995,15467,51838.0,0.5022
229799,Weatherford College,Weatherford,TX,6,1,2,3,31.0,0.0,5094.0,,,15978.0,5250.0,10860.0,0.3462,,0.2553,0.1526,6500,42397.0,0.6547
229814,West Texas A & M University,Canyon,TX,6,1,3,4,31.0,0.0,6917.0,0.9868,1050.0,23482.0,9101.0,10996.0,0.5504,0.6963,0.4111,0.3632,12620,50741.0,0.5761
229832,Western Texas College,Snyder,TX,6,1,2,2,33.0,0.0,599.0,,,13335.0,3300.0,6150.0,,,0.0992,0.0146,5500,42508.0,0.4491
229841,Wharton County Junior College,Wharton,TX,6,1,2,2,32.0,0.0,4585.0,,,11463.0,3192.0,5904.0,,,0.2738,0.1625,5500,44960.0,0.5795
229887,Wiley University,Marshall,TX,6,2,3,4,32.0,1.0,712.0,,,19097.0,12500.0,12500.0,0.2424,0.4958,0.7893,0.706,16833,33159.0,0.5183
230010,Bridgerland Technical College,Logan,UT,7,1,1,1,13.0,0.0,1567.0,,,,,,,,0.0903,0.0,PS,38347.0,0.4269
230038,Brigham Young University,Provo,UT,7,2,3,4,12.0,0.0,32952.0,0.6778,1376.0,22690.0,6688.0,6688.0,0.8098,0.9097,0.321,0.1078,8310,75790.0,0.5158
230047,Brigham Young University-Hawaii,Laie,HI,8,2,3,3,31.0,0.0,2889.0,0.4696,1130.0,25098.0,6630.0,6630.0,0.5264,0.7354,0.151,0.0729,5500,52064.0,0.5822
230065,Cameo College of Essential Beauty,Murray,UT,7,3,1,1,13.0,0.0,257.0,,,,,,,,0.2984,0.2267,5481,32364.0,0.9844
230144,Collectiv Academy,Sandy,UT,7,3,1,1,21.0,0.0,70.0,,,,,,,,0.4688,0.6641,9000,29334.0,0.9714
230162,Davis Technical College,Kaysville,UT,7,1,1,1,21.0,0.0,3027.0,,,,,,,,0.08,0.0,PS,41734.0,0.4014
230171,Utah Tech University,Saint George,UT,7,1,1,4,12.0,0.0,8552.0,,,20763.0,6306.0,18246.0,0.3839,0.6791,0.2208,0.1522,7191,44570.0,0.5955
230199,Evans Hairstyling College-Cedar City,Cedar City,UT,7,3,1,1,33.0,0.0,51.0,,,,,,,,0.3711,0.1237,PS,,0.9608
230205,Evans Hairstyling College-St George,Saint George,UT,7,3,1,1,12.0,0.0,66.0,,,,,,,,0.1852,0.0,PS,16916.0,1.0
230214,Paul Mitchell the School-Salt Lake City,Holladay,UT,7,3,1,1,21.0,0.0,287.0,,,,,,,,0.3606,0.3913,7666,26893.0,0.8885
230366,Eagle Gate College-Murray,Murray,UT,7,3,1,4,13.0,0.0,351.0,,,33765.0,16548.0,16548.0,0.48,1.0,0.308,0.384,20000,37518.0,0.9031
230418,Ensign College,Salt Lake City,UT,7,2,1,3,12.0,0.0,7568.0,,,14145.0,4004.0,4004.0,0.4329,0.5435,0.082,0.0191,3500,50630.0,0.5206
230490,Ogden-Weber Technical College,Ogden,UT,7,1,1,1,13.0,0.0,2928.0,,,,,,,,0.0963,0.0,PS,35032.0,0.3675
230597,Snow College,Ephraim,UT,7,1,2,3,33.0,0.0,3549.0,,,12514.0,4338.0,14288.0,0.4582,,0.2267,0.1201,4500,41022.0,0.5568
230603,Southern Utah University,Cedar City,UT,7,1,3,4,33.0,0.0,9289.0,0.8179,,19416.0,6962.0,21192.0,0.6067,0.7552,0.2488,0.1746,7751,50296.0,0.5526
230676,Uintah Basin Technical College,Roosevelt,UT,7,1,1,1,33.0,0.0,544.0,,,,,,,,0.0097,0.0,PS,28178.0,0.2132
230728,Utah State University,Logan,UT,7,1,3,4,13.0,0.0,20272.0,0.9247,1187.0,21654.0,9228.0,24802.0,0.5913,0.7084,0.2578,0.1904,9500,54022.0,0.5365
230737,Utah Valley University,Orem,UT,7,1,2,4,13.0,0.0,28453.0,,,14765.0,6507.0,18489.0,0.4511,0.7307,0.2292,0.0906,8899,55486.0,0.4868
230746,Salt Lake Community College,Salt Lake City,UT,7,1,2,2,21.0,0.0,18136.0,,,14417.0,4426.0,14244.0,,,0.1681,0.0797,4408,47867.0,0.5498
230764,University of Utah,Salt Lake City,UT,7,1,3,4,12.0,0.0,27264.0,0.8598,1257.0,25557.0,9620.0,30860.0,0.6505,0.8619,0.1959,0.2051,14000,67170.0,0.4797
230782,Weber State University,Ogden,UT,7,1,2,4,13.0,0.0,16360.0,,,16035.0,6557.0,17545.0,0.462,0.6731,0.1652,0.1017,9666,56287.0,0.5897
230807,Westminster University,Salt Lake City,UT,7,2,3,4,12.0,0.0,823.0,0.6657,1220.0,57616.0,43528.0,43528.0,0.6381,0.7634,0.2447,0.6603,18500,66215.0,0.5772
230816,Bennington College,Bennington,VT,1,2,3,4,32.0,0.0,780.0,0.4453,1364.0,87284.0,66262.0,66262.0,0.7121,0.8204,0.2527,0.504,19250,38289.0,0.7346
230852,Champlain College,Burlington,VT,1,2,3,4,13.0,0.0,2752.0,0.8292,1312.0,65009.0,47850.0,47850.0,0.6523,0.817,0.2502,0.5187,19500,58386.0,0.3914
230861,Community College of Vermont,Montpelier,VT,1,1,2,2,41.0,0.0,2841.0,,,21123.0,6920.0,13640.0,,,0.295,0.0368,5702,36234.0,0.7269
230959,Middlebury College,Middlebury,VT,1,2,3,4,32.0,0.0,2738.0,0.1075,1508.0,85880.0,67600.0,67600.0,0.914,0.9366,0.1589,0.2271,11522,76310.0,0.5351
230995,Norwich University,Northfield,VT,1,2,3,4,42.0,0.0,2428.0,0.7444,1190.0,67357.0,49740.0,49740.0,0.6021,0.7926,0.2441,0.4637,17501,65575.0,0.2805
231004,O'Briens Aveda Institute,Williston,VT,1,3,1,1,22.0,0.0,80.0,,,,,,,,0.3389,0.1333,6333,,0.9
231059,Saint Michael's College,Colchester,VT,1,2,3,4,22.0,0.0,1092.0,0.8451,1245.0,69079.0,51450.0,51450.0,0.7277,0.7994,0.2368,0.5756,21500,61317.0,0.5357
231068,SIT Graduate Institute,Brattleboro,VT,1,2,4,4,41.0,0.0,0.0,,,,,,,,,,PS,,0.0
231095,Sterling College,Craftsbury Common,VT,1,2,3,3,43.0,0.0,50.0,0.6667,,54410.0,40760.0,40760.0,0.3158,0.8571,0.4487,0.3718,13625,30573.0,0.56
231147,Vermont Law and Graduate School,South Royalton,VT,1,2,4,4,43.0,0.0,,,,,,,,,,,PS,,
231165,Vermont State University,Randolph,VT,1,1,3,4,43.0,0.0,3590.0,0.8167,,25988.0,11952.0,22296.0,0.4722,0.6783,0.3413,0.5801,11000,50331.0,0.5618
231174,University of Vermont,Burlington,VT,1,1,3,4,13.0,0.0,11743.0,0.653,1374.0,35649.0,19058.0,45502.0,0.7859,0.8918,0.1315,0.3743,17500,62472.0,0.6317
231280,Paul Mitchell the School-Roanoke,Roanoke,VA,5,3,1,1,13.0,0.0,169.0,,,,,,,,0.6834,0.7136,9500,19217.0,0.9231
231411,Advanced Technology Institute,Virginia Beach,VA,5,3,1,2,11.0,0.0,415.0,0.5354,,23713.0,14568.0,14568.0,,,0.374,0.3687,12000,46342.0,0.1012
231420,Averett University,Danville,VA,5,2,3,4,32.0,0.0,1231.0,0.5659,1135.0,53460.0,38550.0,38550.0,0.4814,0.6525,0.411,0.6331,16750,51516.0,0.5126
231536,Blue Ridge Community College,Weyers Cave,VA,5,1,1,2,41.0,0.0,2730.0,,,20788.0,5646.0,12084.0,,,0.3163,0.0455,6500,42644.0,0.6007
231554,Bluefield University,Bluefield,VA,5,2,3,4,32.0,0.0,614.0,0.5931,,42539.0,26770.0,26770.0,0.1778,0.6149,0.5136,0.7088,13000,48896.0,0.4414
231581,Bridgewater College,Bridgewater,VA,5,2,3,4,23.0,0.0,1400.0,0.9172,1180.0,58702.0,16090.0,16090.0,0.5305,0.7529,0.2983,0.6032,17500,53453.0,0.4729
231624,William & Mary,Williamsburg,VA,5,1,3,4,23.0,0.0,7055.0,0.3407,1473.0,43035.0,25914.0,51038.0,0.8942,0.9456,0.1245,0.2169,15500,73490.0,0.587
231651,Regent University,Virginia Beach,VA,5,2,3,4,11.0,0.0,4729.0,0.3812,1153.0,32838.0,21650.0,21650.0,0.5692,0.7458,0.5115,0.5662,11000,44498.0,0.6122
231688,Central School of Practical Nursing,Norfolk,VA,5,1,1,1,12.0,0.0,24.0,,,,,,,,0.425,0.0,PS,59399.0,1.0
231697,Central Virginia Community College,Lynchburg,VA,5,1,1,2,13.0,0.0,2249.0,,,12829.0,5157.0,11595.0,,,0.3639,0.0314,5500,36627.0,0.606
231712,Christopher Newport University,Newport News,VA,5,1,3,4,12.0,0.0,4365.0,0.8604,1180.0,33766.0,16828.0,31178.0,0.7164,0.8124,0.1613,0.3669,19500,60509.0,0.5249
231785,Bryant & Stratton College-Virginia Beach,Virginia Beach,VA,5,2,2,3,11.0,0.0,1709.0,,,23803.0,18489.0,18489.0,0.2446,1.0,0.6484,0.7738,9500,32568.0,0.8373
231873,Mountain Gateway Community College,Clifton Forge,VA,5,1,1,2,41.0,0.0,425.0,,,12565.0,5022.0,11460.0,,,0.2675,0.0509,6500,34293.0,0.6447
231882,Danville Community College,Danville,VA,5,1,1,2,32.0,0.0,1306.0,,,14126.0,4992.0,11430.0,,,0.3684,0.0398,6100,31664.0,0.6263
232016,Centura College-Chesapeake,Chesapeake,VA,5,3,1,3,11.0,0.0,0.0,,,,16637.0,16637.0,,,0.125,0.0,10054,25930.0,0.0
232025,Emory & Henry University,Emory,VA,5,2,3,4,41.0,0.0,1078.0,0.8365,1135.0,52854.0,39000.0,39000.0,0.5634,0.6627,0.3848,0.5899,18460,47385.0,0.5584
232043,Eastern Mennonite University,Harrisonburg,VA,5,2,3,4,13.0,0.0,754.0,1.0,,56756.0,43920.0,43920.0,0.67,0.7609,0.3268,0.5562,16750,54869.0,0.5584
232052,Eastern Shore Community College,Melfa,VA,5,1,1,2,43.0,0.0,495.0,,,10998.0,5082.0,11520.0,,,0.4042,0.0,PS,32418.0,0.6485
232089,Ferrum College,Ferrum,VA,5,2,3,4,42.0,0.0,699.0,0.8898,,54526.0,28520.0,28520.0,0.319,0.6414,0.5427,0.8541,14250,44296.0,0.3948
232186,George Mason University,Fairfax,VA,5,1,3,4,21.0,0.0,27752.0,0.8748,1274.0,28604.0,14220.0,38688.0,0.6784,0.8599,0.3013,0.3071,15750,76343.0,0.4875
232195,Germanna Community College,Locust Grove,VA,5,1,2,2,41.0,0.0,5508.0,,,12249.0,5257.0,11648.0,,,0.265,0.04,5500,39644.0,0.6367
232256,Hampden-Sydney College,Hampden-Sydney,VA,5,2,3,3,42.0,0.0,946.0,0.4092,1207.0,70325.0,54550.0,54550.0,0.6217,0.8368,0.2263,0.472,19500,67640.0,0.0
232265,Hampton University,Hampton,VA,5,2,3,4,21.0,1.0,3727.0,0.6225,969.0,46027.0,30592.0,30592.0,0.5716,0.8534,0.3935,0.5604,19500,59159.0,0.6778
232308,Hollins University,Roanoke,VA,5,2,3,4,22.0,0.0,665.0,0.6795,1230.0,58698.0,43560.0,43560.0,0.6465,0.7396,0.3944,0.563,22925,40075.0,1.0
232414,J Sargeant Reynolds Community College,Richmond,VA,5,1,1,2,21.0,0.0,5586.0,,,12428.0,5280.0,11718.0,,,0.3192,0.0459,8000,39529.0,0.5911
232423,James Madison University,Harrisonburg,VA,5,1,3,4,13.0,0.0,20888.0,0.7152,1256.0,31735.0,14250.0,31604.0,0.7972,0.9198,0.1712,0.2903,17272,69954.0,0.5642
232450,Brightpoint Community College,Chester,VA,5,1,1,2,21.0,0.0,5792.0,,,12196.0,5082.0,11520.0,,,0.2252,0.0328,5500,41223.0,0.5858
232557,Liberty University,Lynchburg,VA,5,2,3,4,13.0,0.0,50012.0,0.9898,,42025.0,22465.0,22465.0,0.6533,0.8013,0.3834,0.4625,15943,44813.0,0.5459
232566,Longwood University,Farmville,VA,5,1,3,4,32.0,0.0,3015.0,0.9022,1120.0,34588.0,15744.0,27978.0,0.6123,0.7977,0.2771,0.4592,19000,52347.0,0.7075
232575,Laurel Ridge Community College,Middletown,VA,5,1,1,2,41.0,0.0,3195.0,,,12110.0,5072.0,11510.0,,,0.1793,0.0239,5982,41000.0,0.6407
232609,University of Lynchburg,Lynchburg,VA,5,2,3,4,13.0,0.0,1577.0,0.4301,1125.0,50067.0,36750.0,36750.0,0.5736,0.7061,0.279,0.6696,22500,56380.0,0.5694
232618,Centra College,Lynchburg,VA,5,2,2,3,13.0,0.0,219.0,1.0,,,12983.0,12983.0,1.0,,0.467,0.6934,12000,60122.0,0.9132
232672,Mary Baldwin University,Staunton,VA,5,2,3,4,13.0,0.0,1090.0,,,45935.0,34152.0,34152.0,0.393,0.6678,0.5532,0.7068,12250,44427.0,0.7477
232681,University of Mary Washington,Fredericksburg,VA,5,1,3,4,22.0,0.0,3566.0,0.7978,1272.0,31137.0,14640.0,27560.0,0.6641,0.844,0.2105,0.2927,16250,60613.0,0.6411
232706,Marymount University,Arlington,VA,5,2,3,4,12.0,0.0,1810.0,0.9316,,57184.0,40920.0,40920.0,0.5351,0.7259,0.2306,0.343,20000,67516.0,0.6022
232724,Sovah School of Health Professions,Danville,VA,5,3,2,2,32.0,0.0,30.0,,,,,,,,0.35,0.35,PS,69924.0,0.9333
232788,Mountain Empire Community College,Big Stone Gap,VA,5,1,1,2,32.0,0.0,1282.0,,,15605.0,5007.0,11445.0,,,0.4337,0.0,PS,32622.0,0.6108
232797,American National University,Salem,VA,5,3,2,4,22.0,0.0,630.0,,,25159.0,10961.0,10961.0,0.3333,0.8333,0.6827,0.7201,7567,26370.0,0.7825
232867,New River Community College,Dublin,VA,5,1,1,2,32.0,0.0,1965.0,,,13864.0,4979.0,11417.0,,,0.2276,0.0318,5998,40025.0,0.4901
232885,Sentara College of Health Sciences,Chesapeake,VA,5,2,3,4,11.0,0.0,242.0,,,,,,,,0.3498,0.5513,15694,77821.0,0.9215
232919,Tidewater Tech-Trades,Norfolk,VA,5,3,1,1,12.0,0.0,367.0,,,31796.0,16337.0,16337.0,,,0.5953,0.3852,9500,31657.0,0.1608
232937,Norfolk State University,Norfolk,VA,5,1,3,4,12.0,1.0,5392.0,0.8777,927.0,26633.0,10180.0,21682.0,0.385,0.7256,0.6497,0.6388,17277,44666.0,0.6754
232946,Northern Virginia Community College,Annandale,VA,5,1,2,2,21.0,0.0,33048.0,,,17153.0,5891.0,12409.0,,,0.2021,0.0684,7000,53557.0,0.5129
232982,Old Dominion University,Norfolk,VA,5,1,3,4,12.0,0.0,17514.0,0.9036,1197.0,29446.0,12750.0,33780.0,0.4632,0.7691,0.3682,0.4056,16300,54914.0,0.5415
233019,Patrick & Henry Community College,Martinsville,VA,5,1,2,2,41.0,0.0,1350.0,,,12043.0,5002.0,11440.0,,,0.4664,0.0,PS,33323.0,0.5533
233037,Paul D Camp Community College,Franklin,VA,5,1,2,2,32.0,0.0,613.0,,,10577.0,5012.0,11450.0,,,0.286,0.0616,5500,36031.0,0.6427
233082,Southside College of Health Sciences,Colonial Heights,VA,5,2,2,2,21.0,0.0,151.0,,,,,,,,0.337,0.4891,12088,71380.0,0.9073
233116,Piedmont Virginia Community College,Charlottesville,VA,5,1,2,2,22.0,0.0,3045.0,,,13297.0,5072.0,11510.0,,,0.2509,0.0284,5500,40752.0,0.6076
233277,Radford University,Radford,VA,5,1,3,4,31.0,0.0,6038.0,0.8953,1060.0,28405.0,12548.0,25633.0,0.4866,0.7557,0.3713,0.5074,17500,53739.0,0.6413
233286,Sylvain Melloul International Hair Academy,Lynchburg,VA,5,3,1,1,13.0,0.0,175.0,,,,,,,,0.5978,0.6014,8855,17106.0,0.8743
233295,Randolph-Macon College,Ashland,VA,5,2,3,4,21.0,0.0,1639.0,0.8661,1095.0,63985.0,49466.0,49466.0,0.7048,0.8372,0.1987,0.5733,22500,58448.0,0.5308
233301,Randolph College,Lynchburg,VA,5,2,3,4,13.0,0.0,658.0,0.9371,1134.0,45040.0,30310.0,30310.0,0.4639,0.745,0.4584,0.671,17455,53409.0,0.5684
233310,Rappahannock Community College,Glenns,VA,5,1,1,2,42.0,0.0,1367.0,,,12333.0,5102.0,11540.0,,,0.2486,0.0,PS,36121.0,0.6891
233329,Fortis College-Norfolk,Norfolk,VA,5,3,1,2,12.0,0.0,399.0,,,32005.0,14801.0,14801.0,,,0.7841,0.7273,9396,32754.0,0.9649
233338,Richard Bland College,South Prince George,VA,5,1,2,2,41.0,0.0,894.0,0.8926,,24206.0,9090.0,14970.0,,,0.1624,0.1443,5750,41452.0,0.594
233356,Bon Secours Memorial College of Nursing,Richmond,VA,5,2,3,3,21.0,0.0,591.0,,,,,,,,0.2746,0.4129,23933,77014.0,0.9002
233374,University of Richmond,University of Richmond,VA,5,2,3,4,12.0,0.0,2980.0,0.222,1497.0,80961.0,65230.0,65230.0,0.852,0.9075,0.1716,0.3166,19000,76178.0,0.5409
233408,Riverside College of Health Sciences,Newport News,VA,5,2,2,3,12.0,0.0,350.0,0.129,,27018.0,17250.0,17250.0,1.0,,0.4615,0.7477,14250,66072.0,0.9143
233426,Roanoke College,Salem,VA,5,2,3,4,22.0,0.0,1767.0,0.8306,1211.0,54283.0,38068.0,38068.0,0.6736,0.7571,0.244,0.8032,22313,58047.0,0.5241
233480,Bon Secours St Mary's Hospital School of Medical Imaging,Richmond,VA,5,2,2,2,21.0,0.0,35.0,,,,,,,,0.2258,0.5806,PS,65432.0,0.8286
233541,Shenandoah University,Winchester,VA,5,2,3,4,13.0,0.0,2116.0,0.7695,,51928.0,36950.0,36950.0,0.6682,0.8174,0.1892,0.5073,19500,58433.0,0.5761
233602,Southeastern Free Will Baptist Bible College,Wendell,NC,5,2,3,3,41.0,0.0,64.0,,,21203.0,11739.0,11739.0,0.4167,0.8125,0.473,0.1892,5000,,0.375
233611,Southern Virginia University,Buena Vista,VA,5,2,3,3,32.0,0.0,936.0,0.9642,,34431.0,21280.0,21280.0,0.3347,0.7401,0.4519,0.5719,14250,50002.0,0.469
233639,Southside Virginia Community College,Alberta,VA,5,1,1,2,43.0,0.0,1807.0,,,14036.0,5007.0,11445.0,,,0.3542,0.0,PS,32371.0,0.7034
233648,Southwest Virginia Community College,Cedar Bluff,VA,5,1,1,2,42.0,0.0,1651.0,,,13775.0,5075.0,11513.0,,,0.462,0.0,PS,34221.0,0.6275
233666,Staunton School of Cosmetology,Staunton,VA,5,3,1,1,13.0,0.0,24.0,,,,,,,,0.6875,0.8125,9500,22660.0,0.9167
233684,Strayer University-Virginia,Arlington,VA,5,3,3,4,12.0,0.0,1668.0,,,25158.0,13920.0,13920.0,0.3636,0.75,0.5935,0.6836,14000,40092.0,0.6853
233718,Sweet Briar College,Sweet Briar,VA,5,2,3,3,41.0,0.0,443.0,0.7554,1230.0,43898.0,26160.0,26160.0,0.5182,0.6934,0.3103,0.4655,21000,51943.0,1.0
233754,Virginia Peninsula Community College,Hampton,VA,5,1,2,2,21.0,0.0,3941.0,,,13576.0,5088.0,11526.0,,,0.2603,0.0543,7130,37996.0,0.5836
233772,Tidewater Community College,Norfolk,VA,5,1,2,2,12.0,0.0,12082.0,,,19788.0,5588.0,12296.0,,,0.3006,0.0839,5810,38349.0,0.5805
233842,Union Presbyterian Seminary,Richmond,VA,5,2,4,4,12.0,0.0,,,,,,,,,,,PS,,
233897,University of Virginia's College at Wise,Wise,VA,5,1,3,4,32.0,0.0,1101.0,0.2854,1050.0,26593.0,11780.0,28010.0,0.4706,0.7157,0.3977,0.2282,10695,45325.0,0.5259
233903,Virginia Highlands Community College,Abingdon,VA,5,1,1,2,23.0,0.0,1349.0,,,12955.0,5022.0,11460.0,,,0.4337,0.0,PS,32681.0,0.6464
233921,Virginia Polytechnic Institute and State University,Blacksburg,VA,5,1,3,4,13.0,0.0,30923.0,0.5478,1364.0,36951.0,15948.0,37764.0,0.8622,0.9308,0.1529,0.3362,19000,81698.0,0.4331
233949,Virginia Western Community College,Roanoke,VA,5,1,1,2,13.0,0.0,3898.0,,,11768.0,5400.0,11838.0,,,0.3032,0.0452,7200,38787.0,0.5808
234030,Virginia Commonwealth University,Richmond,VA,5,1,3,4,12.0,0.0,20753.0,0.9262,1137.0,38954.0,16945.0,40109.0,0.6318,0.8534,0.3119,0.3878,17021,58128.0,0.6339
234076,University of Virginia-Main Campus,Charlottesville,VA,5,1,3,4,22.0,0.0,17597.0,0.1681,1480.0,39926.0,21803.0,59512.0,0.956,0.9755,0.1555,0.1999,15153,86863.0,0.5612
234085,Virginia Military Institute,Lexington,VA,5,1,3,3,32.0,0.0,1527.0,0.7125,1244.0,34824.0,21046.0,52638.0,0.7621,0.8098,0.1647,0.5949,19000,77369.0,0.1441
234137,Virginia University of Lynchburg,Lynchburg,VA,5,2,3,4,13.0,1.0,125.0,,,25328.0,11360.0,11360.0,0.3762,0.75,0.7471,0.7706,9859,28396.0,0.152
234155,Virginia State University,Petersburg,VA,5,1,3,4,21.0,1.0,5074.0,0.8863,948.0,27661.0,10043.0,22650.0,0.3944,0.6939,0.7213,0.7567,17500,45543.0,0.5899
234164,Virginia Union University,Richmond,VA,5,2,3,4,12.0,1.0,1203.0,0.9799,850.0,29075.0,17450.0,17450.0,0.3415,0.6657,0.6867,0.7103,22500,38275.0,0.5204
234173,Virginia Wesleyan University,Virginia Beach,VA,5,2,3,4,11.0,0.0,1256.0,0.7287,,51255.0,37500.0,37500.0,0.4164,0.7425,0.2712,0.4502,14000,50074.0,0.5685
234207,Washington and Lee University,Lexington,VA,5,2,3,4,32.0,0.0,1881.0,0.1397,1498.0,87000.0,68045.0,68045.0,0.9388,0.9661,0.1133,0.1449,16617,94810.0,0.5109
234377,Wytheville Community College,Wytheville,VA,5,1,1,2,33.0,0.0,1255.0,,,12111.0,5007.0,11445.0,,,0.3832,0.0264,6000,34303.0,0.6757
234669,Bellevue College,Bellevue,WA,8,1,2,3,12.0,0.0,7364.0,,,20309.0,4436.0,10502.0,0.3578,,0.0992,0.0287,8282,56310.0,0.5694
234696,Bellingham Technical College,Bellingham,WA,8,1,1,3,13.0,0.0,1733.0,,,16104.0,4431.0,5809.0,0.4167,,0.3086,0.0789,9500,49748.0,0.5488
234711,Big Bend Community College,Moses Lake,WA,8,1,2,3,33.0,0.0,1272.0,,,21661.0,5059.0,5619.0,0.4151,,0.3494,0.0677,6832,43814.0,0.6116
234827,Central Washington University,Ellensburg,WA,8,1,3,4,32.0,0.0,7833.0,0.9062,,28816.0,9417.0,27526.0,0.5361,0.7005,0.2828,0.3129,13000,61580.0,0.5349
234845,Centralia College,Centralia,WA,8,1,2,3,32.0,0.0,1552.0,,,19910.0,5266.0,5651.0,0.4172,,0.2724,0.0,PS,43140.0,0.578
234915,City University of Seattle,Seattle,WA,8,2,3,4,11.0,0.0,1137.0,,,,,,,,0.107,0.1186,14091,69460.0,0.5233
234924,Paul Mitchell the School-Richland,Richland,WA,8,3,1,1,13.0,0.0,256.0,,,,,,,,0.6455,0.5864,8028,27407.0,0.8789
234933,Clark College,Vancouver,WA,8,1,2,3,12.0,0.0,4945.0,,,19668.0,5233.0,11183.0,0.3895,,0.2406,0.2151,6666,42356.0,0.6144
234951,Clover Park Technical College,Lakewood,WA,8,1,1,3,13.0,0.0,2636.0,,,18882.0,6634.0,6634.0,0.4275,,0.1813,0.0536,9063,41787.0,0.5956
234979,Columbia Basin College,Pasco,WA,8,1,2,3,21.0,0.0,4640.0,,,18261.0,6555.0,8668.0,0.333,,0.2572,0.0428,7506,46680.0,0.6282
235088,Divers Institute of Technology,Seattle,WA,8,3,1,1,11.0,0.0,198.0,,,,,,,,0.3901,0.3836,9355,62489.0,0.0657
235097,Eastern Washington University,Cheney,WA,8,1,3,4,31.0,0.0,6222.0,0.9075,,24478.0,8586.0,25959.0,0.4349,0.674,0.351,0.3504,14053,57897.0,0.5648
235103,Edmonds College,Lynnwood,WA,8,1,2,3,21.0,0.0,3656.0,,,20062.0,4810.0,10875.0,0.2901,,0.1395,0.0471,7442,48144.0,0.5676
235149,Everett Community College,Everett,WA,8,1,2,3,12.0,0.0,4709.0,,,20451.0,5032.0,11171.0,0.3662,,0.1713,0.0261,6148,45434.0,0.5901
235167,The Evergreen State College,Olympia,WA,8,1,3,4,22.0,0.0,2160.0,0.9637,1216.0,28477.0,9264.0,31905.0,0.4074,0.6986,0.4156,0.3961,15000,45320.0,0.6088
235237,Pierce College District,Lakewood,WA,8,1,2,3,13.0,0.0,5313.0,,,18085.0,5418.0,5976.0,0.3077,,0.2259,0.1143,8532,47532.0,0.6341
235316,Gonzaga University,Spokane,WA,8,2,3,4,12.0,0.0,5198.0,0.8169,1335.0,73178.0,55480.0,55480.0,0.8629,0.929,0.1441,0.3556,20500,78892.0,0.5341
235334,Grays Harbor College,Aberdeen,WA,8,1,2,3,41.0,0.0,1010.0,,,15708.0,5593.0,12553.0,0.3947,,0.2796,0.0433,7665,40865.0,0.5168
235343,Green River College,Auburn,WA,8,1,2,3,13.0,0.0,4965.0,,,22040.0,4711.0,5263.0,0.3877,,0.1856,0.0639,7125,50712.0,0.5138
235352,Toni & Guy Hairdressing Academy-Shoreline,Shoreline,WA,8,3,1,1,21.0,0.0,131.0,,,,,,,,0.3364,0.4953,7989,29827.0,0.771
235422,Heritage University,Toppenish,WA,8,2,3,4,41.0,0.0,812.0,,,31209.0,20928.0,20928.0,0.5368,0.568,0.6667,0.3576,11925,49416.0,0.7746
235431,Highline College,Des Moines,WA,8,1,2,3,21.0,0.0,3838.0,,,18812.0,4772.0,5332.0,0.3546,,0.1912,0.0189,6113,47869.0,0.6532
235547,Bastyr University,Kenmore,WA,8,2,3,4,21.0,0.0,39.0,,,,,,,,0.1379,0.1724,12500,49364.0,0.8205
235671,Bates Technical College,Tacoma,WA,8,1,1,2,12.0,0.0,1813.0,,,18837.0,6027.0,12165.0,0.4337,,0.115,0.0252,5563,50051.0,0.4225
235699,Lake Washington Institute of Technology,Kirkland,WA,8,1,1,3,21.0,0.0,2406.0,,,16339.0,5997.0,12062.0,0.3701,,0.1343,0.0486,10356,50669.0,0.579
235750,Lower Columbia College,Longview,WA,8,1,2,3,13.0,0.0,1932.0,,,16169.0,4626.0,6003.0,0.2338,,0.3648,0.1302,6487,40691.0,0.7226
236072,North Seattle College,Seattle,WA,8,1,1,3,11.0,0.0,3074.0,,,18943.0,5238.0,5796.0,0.3277,,0.1383,0.0217,7000,47728.0,0.5927
236133,Northwest University,Kirkland,WA,8,2,3,4,21.0,0.0,645.0,0.832,1150.0,50501.0,36035.0,36035.0,0.7078,0.8389,0.2533,0.5508,15000,54914.0,0.5969
236188,Olympic College,Bremerton,WA,8,1,2,3,13.0,0.0,3826.0,,,15585.0,4197.0,9740.0,0.3103,,0.186,0.0637,8000,43169.0,0.6009
236212,Perry Technical Institute,Yakima,WA,8,2,1,2,13.0,0.0,1072.0,,,,,,,,0.5612,0.5974,13364,57764.0,0.1735
236230,Pacific Lutheran University,Tacoma,WA,8,2,3,4,21.0,0.0,2401.0,0.7802,1168.0,62459.0,52254.0,52254.0,0.6857,0.8194,0.3527,0.4421,17074,66990.0,0.6422
236258,Peninsula College,Port Angeles,WA,8,1,1,3,33.0,0.0,1263.0,,,18514.0,4718.0,5270.0,0.3688,,0.3157,0.0735,9000,37078.0,0.6089
236328,University of Puget Sound,Tacoma,WA,8,2,3,4,12.0,0.0,1594.0,0.7225,1296.0,78378.0,62898.0,62898.0,0.6799,0.8402,0.1728,0.4314,19250,69594.0,0.5627
236382,Renton Technical College,Renton,WA,8,1,1,3,12.0,0.0,1783.0,,,17585.0,6308.0,7369.0,0.4586,,0.2095,0.0304,6993,49782.0,0.5373
236452,Saint Martin's University,Lacey,WA,8,2,3,4,13.0,0.0,1158.0,0.898,1093.0,62449.0,45510.0,45510.0,0.519,0.6459,0.4191,0.6867,15625,62092.0,0.563
236504,South Seattle College,Seattle,WA,8,1,1,3,11.0,0.0,1616.0,,,15385.0,5238.0,5796.0,0.3142,,0.0952,0.0366,5478,44486.0,0.4208
236513,Seattle Central College,Seattle,WA,8,1,2,3,11.0,0.0,3953.0,,,17889.0,5184.0,5745.0,0.3155,,0.2061,0.0319,8943,43307.0,0.5712
236577,Seattle Pacific University,Seattle,WA,8,2,3,4,11.0,0.0,1762.0,0.834,,56826.0,40407.0,40407.0,0.6195,0.7237,0.3534,0.4892,16946,64506.0,0.6493
236595,Seattle University,Seattle,WA,8,2,3,4,11.0,0.0,4062.0,0.7692,1307.0,72124.0,56721.0,56721.0,0.7551,0.8422,0.2357,0.4939,16658,75272.0,0.6027
236610,Shoreline College,Shoreline,WA,8,1,2,2,21.0,0.0,3046.0,,,16671.0,5115.0,7905.0,0.2867,,0.1274,0.0433,7123,52009.0,0.5955
236638,Skagit Valley College,Mount Vernon,WA,8,1,2,3,13.0,0.0,2477.0,,,14866.0,5400.0,7500.0,0.3612,,0.2108,0.0466,8798,43505.0,0.6249
236656,South Puget Sound Community College,Olympia,WA,8,1,2,2,13.0,0.0,3075.0,,,17888.0,5252.0,5813.0,0.437,,0.2241,0.0492,6334,45039.0,0.6049
236692,Spokane Community College,Spokane,WA,8,1,2,3,12.0,0.0,4533.0,,,13839.0,5461.0,6612.0,0.3333,,0.3174,0.2111,8625,41984.0,0.6034
236708,Spokane Falls Community College,Spokane,WA,8,1,2,3,12.0,0.0,3199.0,,,15685.0,5461.0,6612.0,0.3204,,0.2949,0.1724,7645,38955.0,0.5927
236744,Stylemaster College of Hair Design,Longview,WA,8,3,1,1,13.0,0.0,50.0,,,,,,,,0.7444,0.5778,7460,20580.0,0.92
236753,Tacoma Community College,Tacoma,WA,8,1,2,3,12.0,0.0,4668.0,,,16766.0,5507.0,11646.0,0.3154,,0.258,0.1204,7718,47168.0,0.6667
236887,Walla Walla Community College,Walla Walla,WA,8,1,2,3,13.0,0.0,2418.0,,,19268.0,5279.0,6700.0,0.3822,,0.3162,0.1244,9500,43526.0,0.4975
236896,Walla Walla University,College Place,WA,8,2,3,4,23.0,0.0,1252.0,,,45903.0,34227.0,34227.0,0.599,0.8491,0.2598,0.4715,19306,61885.0,0.4816
236939,Washington State University,Pullman,WA,8,1,3,4,32.0,0.0,21099.0,0.8664,,27648.0,13391.0,29950.0,0.605,0.7834,0.2738,0.3031,14853,68905.0,0.5326
236948,University of Washington-Seattle Campus,Seattle,WA,8,1,3,4,11.0,0.0,31942.0,0.3915,,32446.0,12973.0,43209.0,0.8518,0.9473,0.1486,0.1489,12375,78466.0,0.5664
236975,Wenatchee Valley College,Wenatchee,WA,8,1,2,3,13.0,0.0,1759.0,,,20827.0,5267.0,5636.0,0.433,,0.2731,0.0415,7046,41127.0,0.643
237011,Western Washington University,Bellingham,WA,8,1,3,4,13.0,0.0,13544.0,0.9325,1289.0,30359.0,9582.0,28707.0,0.6464,0.7937,0.2089,0.2921,13500,62569.0,0.5691
237039,Whatcom Community College,Bellingham,WA,8,1,2,3,13.0,0.0,2378.0,,,19672.0,5115.0,11037.0,0.3639,,0.2057,0.0533,8000,44092.0,0.569
237057,Whitman College,Walla Walla,WA,8,2,3,3,13.0,0.0,1531.0,0.3815,1410.0,78092.0,64050.0,64050.0,0.8052,0.8671,0.1632,0.5356,12000,67589.0,0.5722
237066,Whitworth University,Spokane,WA,8,2,3,4,21.0,0.0,1858.0,0.8978,1220.0,68516.0,52880.0,52880.0,0.7089,0.776,0.2945,0.557,18000,58561.0,0.549
237109,Yakima Valley College,Yakima,WA,8,1,2,3,13.0,0.0,2770.0,,,21199.0,5312.0,5873.0,0.2927,,0.3809,0.0724,8834,43499.0,0.6993
237127,Appalachian Beauty School,Belfry,KY,5,3,1,1,43.0,0.0,49.0,,,,,,,,0.6308,0.0,PS,,0.9796
237136,Appalachian Bible College,Mount Hope,WV,5,2,3,4,23.0,0.0,193.0,0.7778,1039.0,31423.0,18760.0,18760.0,0.7105,0.6571,0.4186,0.1814,6767,37467.0,0.4041
237145,B M Spurr School of Practical Nursing,Glen Dale,WV,5,2,1,1,31.0,0.0,17.0,,,,,,,,0.3871,0.0,PS,,0.9412
237172,Ben Franklin Career Center,Dunbar,WV,5,1,1,1,22.0,0.0,78.0,,,,,,,,0.459,0.0,PS,37962.0,0.4103
237181,Bethany College,Bethany,WV,5,2,3,4,41.0,0.0,614.0,0.5879,,50758.0,36765.0,36765.0,0.4682,0.5375,0.5116,0.7473,23750,44512.0,0.4137
237215,Bluefield State University,Bluefield,WV,5,1,3,4,32.0,1.0,1042.0,0.9723,989.0,21839.0,10648.0,18376.0,0.37,0.5484,0.4444,0.554,12038,38217.0,0.5893
237242,Cabell County Career Technology Center,Huntington,WV,5,1,1,1,22.0,0.0,51.0,,,,,,,,0.6667,0.0,PS,33975.0,0.5098
237303,Charleston School of Beauty Culture,Charleston,WV,5,3,1,1,13.0,0.0,46.0,,,,,,,,0.6316,0.4632,5500,17827.0,0.7174
237312,University of Charleston,Charleston,WV,5,2,3,4,13.0,0.0,2259.0,0.6152,,46470.0,33800.0,33800.0,0.4555,0.7479,0.3143,0.3546,12666,55774.0,0.378
237321,Clarksburg Beauty Academy and School of Massage Therapy,Clarksburg,WV,5,3,1,1,32.0,0.0,47.0,,,,,,,,0.6489,0.2979,6498,16306.0,0.8936
237330,Concord University,Athens,WV,5,1,3,4,41.0,0.0,1504.0,0.9256,977.0,20434.0,10664.0,22000.0,0.3897,0.6484,0.4952,0.4633,11250,42703.0,0.5944
237358,Davis & Elkins College,Elkins,WV,5,2,3,3,33.0,0.0,661.0,0.9433,,44888.0,31820.0,31820.0,0.3929,0.6522,0.4334,0.631,17057,43411.0,0.5688
237367,Fairmont State University,Fairmont,WV,5,1,3,4,32.0,0.0,2590.0,0.9862,996.0,20018.0,8708.0,18924.0,0.4425,0.6739,0.3429,0.3926,12500,46857.0,0.5734
237385,Glenville State University,Glenville,WV,5,1,3,4,43.0,0.0,1096.0,,,23591.0,9578.0,11354.0,0.3392,0.5539,0.3912,0.4309,11123,39315.0,0.4261
237437,Ameritas College,Huntington,WV,5,2,2,2,13.0,0.0,181.0,,,17951.0,10050.0,10050.0,,,0.9043,0.7512,17321,21783.0,0.6685
237473,James Rumsey Technical Institute,Martinsburg,WV,5,1,1,1,41.0,0.0,99.0,,,,,,,,0.2632,0.0,PS,45133.0,0.0606
237491,Ralph R Willis Career and Technical Center,Stollings,WV,5,1,1,1,41.0,0.0,18.0,,,,,,,,0.8276,0.0,PS,51465.0,0.7778
237525,Marshall University,Huntington,WV,5,1,3,4,13.0,0.0,7266.0,0.9573,1061.0,22022.0,9162.0,20342.0,0.5123,0.7218,0.3868,0.3953,16750,46354.0,0.5601
237543,Mercer County Technical Education Center,Princeton,WV,5,1,1,1,32.0,0.0,120.0,,,,,,,,0.6239,0.0,PS,33511.0,0.6583
237561,Monongalia County Technical Education Center,Morgantown,WV,5,1,1,1,13.0,0.0,43.0,0.5833,,,,,,,0.4857,0.0,PS,40499.0,0.6744
237570,Morgantown Beauty College Inc,Morgantown,WV,5,3,1,1,13.0,0.0,68.0,,,,,,,,0.5276,0.5984,6052,22230.0,0.9706
237686,West Virginia University at Parkersburg,Parkersburg,WV,5,1,2,3,41.0,0.0,1868.0,,,9420.0,4612.0,9124.0,0.0909,,0.3278,0.1807,8250,35171.0,0.6167
237701,Potomac State College of West Virginia University,Keyser,WV,5,1,2,3,33.0,0.0,853.0,,,17619.0,5280.0,13200.0,0.3096,0.577,0.3781,0.2991,15500,55939.0,0.5955
237729,Academy of Careers and Technology,Beckley,WV,5,1,1,1,13.0,0.0,168.0,,,,,,,,0.3843,0.0,PS,32756.0,0.5298
237783,Salem University,Salem,WV,5,3,3,4,42.0,0.0,892.0,,,18650.0,11900.0,11900.0,0.1992,0.5476,0.7461,0.7173,7405,34642.0,0.6581
237792,Shepherd University,Shepherdstown,WV,5,1,3,4,41.0,0.0,2344.0,0.9678,1034.0,19601.0,9056.0,19082.0,0.5103,0.7138,0.2943,0.3922,14297,49358.0,0.6054
237817,Southern West Virginia Community and Technical College,Logan,WV,5,1,2,2,32.0,0.0,1064.0,,,18725.0,5136.0,7872.0,,,0.5058,0.1574,5750,32153.0,0.7105
237844,Fred W Eberle Technical Center,Buckhannon,WV,5,1,1,1,33.0,0.0,109.0,,,,,,,,0.8462,0.0,PS,43364.0,0.5413
237880,West Virginia School of Osteopathic Medicine,Lewisburg,WV,5,1,4,4,32.0,0.0,,,,,,,,,,,PS,,
237899,West Virginia State University,Institute,WV,5,1,3,4,22.0,1.0,1321.0,0.9596,955.0,19772.0,9570.0,14990.0,0.3918,0.5673,0.2014,0.1794,15250,40492.0,0.5541
237905,West Virginia University Hospital Departments of Rad Tech and Nutrition,Morgantown,WV,5,2,1,1,13.0,0.0,62.0,,,,,,,,0.1333,0.1,12000,69666.0,0.8065
237932,West Liberty University,West Liberty,WV,5,1,3,4,41.0,0.0,1511.0,0.9727,1045.0,23809.0,8893.0,17442.0,0.5953,0.6886,0.3188,0.4393,16000,43296.0,0.6056
237950,West Virginia University Institute of Technology,Beckley,WV,5,1,3,3,13.0,0.0,981.0,0.3668,1033.0,18907.0,8424.0,21072.0,0.3296,0.6176,0.2738,0.2434,15500,55939.0,0.4261
237969,West Virginia Wesleyan College,Buckhannon,WV,5,2,3,4,33.0,0.0,954.0,0.9334,1052.0,48190.0,34090.0,34090.0,0.5714,0.6732,0.3763,0.6535,15750,51593.0,0.5073
237987,West Virginia Junior College-Charleston,Cross Lanes,WV,5,3,2,2,22.0,0.0,394.0,,,22249.0,14798.0,14798.0,,,0.7382,0.7287,7195,27472.0,0.8706
237996,West Virginia Junior College-Morgantown,Morgantown,WV,5,3,2,3,13.0,0.0,673.0,,,24052.0,14798.0,14798.0,0.7111,,0.7449,0.8596,8178,31912.0,0.8707
238005,International Beauty School,Martinsburg,WV,5,3,1,1,13.0,0.0,86.0,,,,,,,,0.7265,0.812,6326,18906.0,0.8953
238014,West Virginia Northern Community College,Wheeling,WV,5,1,2,2,13.0,0.0,1014.0,,,13512.0,4706.0,12698.0,,,0.3682,0.0934,6000,30162.0,0.6351
238032,West Virginia University,Morgantown,WV,5,1,3,4,13.0,0.0,17385.0,0.89,1122.0,26415.0,10104.0,28608.0,0.6466,0.8343,0.2157,0.4468,15500,55939.0,0.5122
238078,Wheeling University,Wheeling,WV,5,2,3,4,13.0,0.0,589.0,0.6316,,42504.0,29875.0,29875.0,0.2333,0.5366,0.3156,0.6063,15375,57949.0,0.399
238096,Wood County Technical Center-Practical Nursing,Parkersburg,WV,5,1,1,1,13.0,0.0,31.0,0.75,,,,,,,0.7778,0.0,PS,40547.0,1.0
238175,VICI Beauty School,Greenfield,WI,3,3,1,1,21.0,0.0,109.0,,,,,,,,0.627,0.7351,6333,32393.0,0.9817
238193,Alverno College,Milwaukee,WI,3,2,3,4,11.0,0.0,631.0,0.8574,,51362.0,34086.0,34086.0,0.4918,0.6096,0.451,0.4667,22000,53145.0,0.9857
238263,Madison Area Technical College,Madison,WI,3,1,1,2,11.0,0.0,10073.0,,,19434.0,4977.0,7255.0,0.2891,,0.2001,0.155,8728,45413.0,0.5704
238324,Bellin College,Green Bay,WI,3,2,3,4,22.0,0.0,372.0,0.9718,,42941.0,30952.0,30952.0,0.6304,0.9464,0.1258,0.3742,15000,76222.0,0.9274
238333,Beloit College,Beloit,WI,3,2,3,3,13.0,0.0,926.0,0.6304,1287.0,71365.0,60886.0,60886.0,0.7105,0.8056,0.2964,0.5369,22773,53260.0,0.5065
238397,Blackhawk Technical College,Janesville,WI,3,1,1,2,23.0,0.0,2488.0,,,15522.0,4267.0,6061.0,,,0.3642,0.2332,5250,41620.0,0.6359
238458,Carroll University,Waukesha,WI,3,2,3,4,13.0,0.0,2523.0,0.6684,1190.0,52639.0,38890.0,38890.0,0.707,0.7825,0.2291,0.5864,22000,58009.0,0.6742
238476,Carthage College,Kenosha,WI,3,2,3,4,13.0,0.0,2660.0,0.8706,1150.0,50822.0,38750.0,38750.0,0.6426,0.7339,0.271,0.8641,19500,56950.0,0.5733
238616,Concordia University-Wisconsin,Mequon,WI,3,2,3,4,21.0,0.0,2197.0,0.782,1190.0,53315.0,35470.0,35470.0,0.6835,0.781,0.2673,0.6012,19500,56075.0,0.6017
238661,Edgewood University,Madison,WI,3,2,3,4,11.0,0.0,1107.0,0.7573,,50903.0,35860.0,35860.0,0.6024,0.7315,0.2578,0.575,19000,59728.0,0.6495
238722,Fox Valley Technical College,Appleton,WI,3,1,1,2,22.0,0.0,5825.0,,,16862.0,5040.0,7283.0,,,0.1302,0.1065,5834,45684.0,0.4584
238759,Gateway Technical College,Kenosha,WI,3,1,1,2,13.0,0.0,4759.0,,,16242.0,4956.0,7199.0,,,0.1698,0.1023,8000,40264.0,0.6138
238810,The Professional Hair Design Academy,Eau Claire,WI,3,3,1,1,22.0,0.0,60.0,,,,,,,,0.3592,0.4272,6650,29587.0,0.9667
238980,Lakeland University,Plymouth,WI,3,2,3,4,41.0,0.0,1212.0,0.8628,,48840.0,33396.0,33396.0,0.4245,0.6332,0.2515,0.4465,19500,55961.0,0.5495
239008,Lakeshore Technical College,Cleveland,WI,3,1,1,2,42.0,0.0,1886.0,,,14599.0,4844.0,7087.0,,,0.211,0.1238,5250,47113.0,0.5037
239017,Lawrence University,Appleton,WI,3,2,3,3,13.0,0.0,1396.0,0.6394,1350.0,69849.0,56982.0,56982.0,0.7677,0.8657,0.2199,0.4858,19500,55789.0,0.5165
239071,Maranatha Baptist University,Watertown,WI,3,2,3,4,31.0,0.0,541.0,0.719,1170.0,37092.0,21550.0,21550.0,0.6357,0.8824,0.3399,0.2398,12375,45593.0,0.5638
239080,Marian University,Fond Du Lac,WI,3,2,3,4,13.0,0.0,1010.0,0.7498,,44450.0,35178.0,35178.0,0.4416,0.6746,0.3259,0.7775,17340,53501.0,0.6188
239105,Marquette University,Milwaukee,WI,3,2,3,4,11.0,0.0,7660.0,0.8134,1310.0,66768.0,51170.0,51170.0,0.8321,0.9097,0.1839,0.3838,20500,78257.0,0.5604
239169,Medical College of Wisconsin,Milwaukee,WI,3,2,4,4,21.0,0.0,,,,,,,,,,,PS,,
239220,Mid-State Technical College,Wisconsin Rapids,WI,3,1,1,2,32.0,0.0,2288.0,,,15840.0,5002.0,7171.0,,,0.2377,0.1694,5112,42253.0,0.5358
239248,Milwaukee Area Technical College,Milwaukee,WI,3,1,1,2,11.0,0.0,12024.0,,,17359.0,5184.0,7427.0,,,0.3998,0.2582,9248,41113.0,0.6084
239309,Milwaukee Institute of Art & Design,Milwaukee,WI,3,2,3,3,11.0,0.0,837.0,0.6054,,53528.0,43743.0,43743.0,0.6695,0.795,0.3729,0.7819,15750,41174.0,0.8088
239318,Milwaukee School of Engineering,Milwaukee,WI,3,2,3,4,11.0,0.0,2654.0,0.5893,,62648.0,50480.0,50480.0,0.6711,0.8378,0.2417,0.5623,24500,89070.0,0.2924
239372,Moraine Park Technical College,Fond du Lac,WI,3,1,1,2,13.0,0.0,2464.0,,,14583.0,4819.0,7084.0,,,0.1719,0.269,5500,44371.0,0.586
239390,Mount Mary University,Milwaukee,WI,3,2,3,4,11.0,0.0,631.0,0.6233,1020.0,49270.0,35420.0,35420.0,0.4296,0.6725,0.5941,0.6287,19000,48745.0,0.9984
239424,Nashotah House,Nashotah,WI,3,2,4,4,21.0,0.0,,,,,,,,,,,PS,,
239442,Nicolet Area Technical College,Rhinelander,WI,3,1,1,2,41.0,0.0,663.0,,,14072.0,4793.0,7066.0,,,0.3159,0.1799,3500,38643.0,0.6652
239460,Northcentral Technical College,Wausau,WI,3,1,1,2,13.0,0.0,3257.0,,,15768.0,4889.0,7132.0,,,0.1872,0.1387,5250,44925.0,0.6006
239488,Northeast Wisconsin Technical College,Green Bay,WI,3,1,1,2,12.0,0.0,5704.0,,,15436.0,4960.0,7233.0,,,0.1792,0.1106,8887,44553.0,0.6287
239628,Ripon College,Ripon,WI,3,2,3,4,32.0,0.0,688.0,0.7984,1176.0,63540.0,51900.0,51900.0,0.633,0.7231,0.3379,0.703,19500,54902.0,0.4564
239637,Sacred Heart Seminary and School of Theology,Franklin,WI,3,2,4,4,21.0,0.0,,,,,,,,,,,,,
239716,Saint Norbert College,De Pere,WI,3,2,3,4,22.0,0.0,1662.0,0.8574,1182.0,59422.0,45580.0,45580.0,0.7129,0.8367,0.147,0.4351,21500,58363.0,0.5355
239877,State College of Beauty Culture,Wausau,WI,3,3,1,1,13.0,0.0,57.0,,,,,,,,0.3837,0.3721,5500,28037.0,0.9649
239910,Southwest Wisconsin Technical College,Fennimore,WI,3,1,1,2,43.0,0.0,1313.0,,,16662.0,4904.0,7147.0,,,0.2016,0.2282,5500,43470.0,0.6291
240107,Viterbo University,La Crosse,WI,3,2,3,4,13.0,0.0,1249.0,0.7243,1190.0,45558.0,34250.0,34250.0,0.6838,0.7619,0.2626,0.5814,19500,55660.0,0.711
240116,Chippewa Valley Technical College,Eau Claire,WI,3,1,1,2,13.0,0.0,4272.0,,,16986.0,4844.0,7087.0,,,0.1743,0.1659,8000,46297.0,0.6194
240125,Waukesha County Technical College,Pewaukee,WI,3,1,1,2,21.0,0.0,4955.0,,,15531.0,4872.0,7115.0,,,0.1015,0.083,9500,46894.0,0.4319
240170,Western Technical College,La Crosse,WI,3,1,1,2,13.0,0.0,3183.0,,,16078.0,4820.0,7078.0,,,0.3221,0.3323,6917,45303.0,0.5379
240189,University of Wisconsin-Whitewater,Whitewater,WI,3,1,3,4,32.0,0.0,9405.0,0.8572,1050.0,18719.0,8616.0,18716.0,0.589,0.7804,0.2517,0.4625,16241,55356.0,0.4895
240198,Northwood Technical College,Rice Lake,WI,3,1,1,2,33.0,0.0,2149.0,,,14981.0,4926.0,7169.0,,,0.305,0.24,5500,43406.0,0.6254
240213,Wisconsin School of Professional Psychology,Milwaukee,WI,3,2,4,4,11.0,0.0,,,,,,,,,,,PS,,
240268,University of Wisconsin-Eau Claire,Eau Claire,WI,3,1,3,4,13.0,0.0,8895.0,0.8234,1220.0,21705.0,9642.0,19228.0,0.6381,0.8175,0.1964,0.4209,13000,58561.0,0.6026
240277,University of Wisconsin-Green Bay,Green Bay,WI,3,1,3,4,12.0,0.0,6341.0,0.8859,1120.0,19366.0,8700.0,17288.0,0.4822,0.6591,0.2183,0.2739,11250,52528.0,0.6206
240329,University of Wisconsin-La Crosse,La Crosse,WI,3,1,3,4,13.0,0.0,9277.0,0.755,1220.0,19593.0,10070.0,19517.0,0.7096,0.8651,0.1441,0.4229,18000,60378.0,0.5663
240338,Wisconsin Lutheran College,Milwaukee,WI,3,2,3,4,11.0,0.0,943.0,0.7816,1239.0,48785.0,36110.0,36110.0,0.6357,0.7251,0.286,0.6768,19500,54664.0,0.5154
240365,University of Wisconsin-Oshkosh,Oshkosh,WI,3,1,3,4,13.0,0.0,6877.0,0.865,1090.0,19652.0,8532.0,16446.0,0.4614,0.693,0.1607,0.2423,12500,55548.0,0.5587
240374,University of Wisconsin-Parkside,Kenosha,WI,3,1,3,4,41.0,0.0,2844.0,0.7539,1090.0,18199.0,8270.0,17429.0,0.404,0.6872,0.3503,0.357,14000,51129.0,0.5471
240392,Herzing University-Madison,Madison,WI,3,2,1,4,11.0,0.0,2494.0,0.943,,27939.0,13450.0,13450.0,0.284,0.3971,0.6937,0.6864,11756,36909.0,0.8765
240417,University of Wisconsin-Stout,Menomonie,WI,3,1,3,4,32.0,0.0,5842.0,0.8767,1150.0,22797.0,10701.0,19265.0,0.5486,0.789,0.2386,0.4804,16000,58084.0,0.4295
240426,University of Wisconsin-Superior,Superior,WI,3,1,3,4,22.0,0.0,1807.0,0.9301,1090.0,19860.0,8812.0,16726.0,0.4188,0.7183,0.3082,0.4343,14055,49606.0,0.6375
240444,University of Wisconsin-Madison,Madison,WI,3,1,3,4,11.0,0.0,36902.0,0.452,1427.0,28679.0,11603.0,42103.0,0.8955,0.9616,0.1594,0.2038,18058,73792.0,0.5339
240453,University of Wisconsin-Milwaukee,Milwaukee,WI,3,1,3,4,11.0,0.0,16758.0,0.9068,1090.0,22756.0,10398.0,22398.0,0.4932,0.7295,0.3275,0.415,15250,54990.0,0.5563
240462,University of Wisconsin-Platteville,Platteville,WI,3,1,3,4,32.0,0.0,5837.0,0.8938,1190.0,21266.0,8644.0,17603.0,0.5576,0.7903,0.211,0.423,15000,61760.0,0.3713
240471,University of Wisconsin-River Falls,River Falls,WI,3,1,3,4,32.0,0.0,4205.0,0.8172,1150.0,19781.0,9008.0,17470.0,0.57,0.7645,0.2083,0.4297,14865,54458.0,0.6181
240480,University of Wisconsin-Stevens Point,Stevens Point,WI,3,1,3,4,32.0,0.0,7306.0,0.918,1150.0,20079.0,9488.0,18508.0,0.5078,0.7383,0.287,0.4877,14674,52021.0,0.5652
240505,Casper College,Casper,WY,7,1,2,2,13.0,0.0,2204.0,,,15256.0,4470.0,10770.0,,,0.2391,0.13,6500,40935.0,0.6434
240514,Central Wyoming College,Riverton,WY,7,1,2,3,33.0,0.0,1054.0,,,16891.0,4800.0,11100.0,0.3744,0.6471,0.1883,0.098,5500,34402.0,0.5825
240596,Eastern Wyoming College,Torrington,WY,7,1,2,2,33.0,0.0,482.0,,,14076.0,4290.0,10590.0,,,0.1298,0.0719,4500,37121.0,0.6411
240620,Laramie County Community College,Cheyenne,WY,7,1,2,3,41.0,0.0,2799.0,,,13504.0,4613.0,10913.0,0.384,,0.265,0.1779,7015,44783.0,0.6785
240657,Northwest College,Powell,WY,7,1,2,3,33.0,0.0,890.0,,,16898.0,4962.0,11262.0,0.4866,,0.1784,0.0711,6500,36950.0,0.5607
240666,Northern Wyoming Community College District,Sheridan,WY,7,1,2,2,33.0,0.0,1610.0,,,17001.0,4830.0,11130.0,,,0.1822,0.1201,5500,40477.0,0.6149
240693,Western Wyoming Community College,Rock Springs,WY,7,1,2,3,33.0,0.0,1319.0,,,14532.0,4230.0,10530.0,0.325,0.6,0.1952,0.1181,4500,40939.0,0.5883
240709,Cheeks Beauty Academy,Cheyenne,WY,7,3,1,1,13.0,0.0,47.0,,,,,,,,0.6491,0.5789,6333,25459.0,0.9149
240718,WyoTech,Laramie,WY,7,3,1,2,33.0,0.0,1334.0,,,,,,,,0.4274,0.6808,6800,50167.0,0.084
240727,University of Wyoming,Laramie,WY,7,1,3,4,33.0,0.0,7944.0,0.9688,,24818.0,7768.0,24178.0,0.5884,0.7968,0.2275,0.281,12000,56880.0,0.5428
240736,American Samoa Community College,Pago Pago,AS,9,1,2,3,41.0,0.0,839.0,,,10560.0,5300.0,5600.0,0.3241,,0.7316,0.0,PS,30087.0,0.7032
240745,Guam Community College,Mangilao,GU,9,1,2,2,22.0,0.0,1139.0,,,10778.0,3414.0,4614.0,0.2489,,0.5133,0.0,PS,27820.0,0.6023
240754,University of Guam,Mangilao,GU,9,1,3,4,22.0,0.0,2515.0,,,14961.0,6110.0,11414.0,0.369,0.7661,0.4528,0.1246,12500,35946.0,0.5654
240790,Northern Marianas College,Saipan,MP,9,1,2,3,33.0,0.0,1225.0,,,10545.0,4038.0,5520.0,0.4074,0.7333,0.7279,0.0,PS,27836.0,0.6245
240879,Institute of Beauty Careers,Arecibo,PR,9,3,1,1,13.0,0.0,93.0,,,,,,,,0.9825,0.0,PS,17713.0,0.7419
241146,American Educational College,Bayamon,PR,9,3,1,1,12.0,0.0,168.0,,,11408.0,8306.0,8306.0,,,0.9957,0.0,PS,17172.0,0.75
241182,Antilles School of Technical Careers,San Juan,PR,9,3,1,1,11.0,0.0,286.0,,,,,,,,0.7679,0.0,PS,21766.0,0.8042
241191,Universidad Adventista de las Antillas,Mayaguez,PR,9,2,3,4,23.0,0.0,830.0,1.0,,16834.0,8350.0,8350.0,0.3636,0.7952,0.7913,0.2561,11725,28465.0,0.5675
241216,Atlantic University,Guaynabo,PR,9,2,3,4,13.0,0.0,1451.0,,,12986.0,8280.0,8280.0,0.3941,0.8175,0.8451,0.0633,4500,25272.0,0.4121
241225,Universidad Central de Bayamon,Bayamón,PR,9,2,3,4,12.0,0.0,539.0,0.6594,,12976.0,5986.0,5986.0,0.3438,0.8,0.7844,0.1637,7250,25021.0,0.6642
241331,Albizu University-San Juan,San Juan,PR,9,2,3,4,11.0,0.0,728.0,1.0,,18382.0,8505.0,8505.0,0.6703,0.8243,0.6885,0.2487,5000,41544.0,0.831
241377,Caribbean University-Bayamon,Bayamon,PR,9,2,1,4,12.0,0.0,639.0,,,9835.0,8844.0,8844.0,0.4255,0.7119,0.7683,0.2571,7000,22842.0,0.5994
241386,Caribbean University-Carolina,Carolina,PR,9,2,3,4,21.0,0.0,99.0,,,10710.0,8844.0,8844.0,0.4444,0.7143,0.6772,0.3307,7000,22842.0,0.6465
241395,Pontifical Catholic University of Puerto Rico-Arecibo,Arecibo,PR,9,2,3,4,23.0,0.0,273.0,0.9378,,18678.0,6550.0,6550.0,0.5395,0.8696,0.6885,0.2835,11337,24908.0,0.7033
241410,Pontifical Catholic University of Puerto Rico-Ponce,Ponce,PR,9,2,3,4,12.0,0.0,3874.0,0.9808,1300.0,20508.0,6650.0,6650.0,0.4859,0.8312,0.8065,0.3023,11337,24908.0,0.6412
241517,CEM College-San Juan,San Juan,PR,9,3,1,3,11.0,0.0,119.0,,,19241.0,12900.0,12900.0,0.859,0.2,0.9209,0.1243,3700,21033.0,0.6891
241614,Universidad Teologica del Caribe,Trujillo Alto,PR,9,2,3,4,21.0,0.0,173.0,,,11510.0,6660.0,6660.0,0.3889,1.0,0.9789,0.6737,5750,23536.0,0.4682
241720,Colegio Universitario de San Juan,San Juan,PR,9,1,2,3,11.0,0.0,491.0,0.7538,,6024.0,2580.0,2580.0,0.3226,0.5556,0.7694,0.0,PS,26510.0,0.5743
241739,Universidad Ana G. Mendez-Cupey Campus,San Juan,PR,9,2,3,4,11.0,0.0,4540.0,,,14214.0,7750.0,7750.0,0.3085,0.6858,0.9928,0.5835,10006,24490.0,0.6654
241766,Puerto Rico Conservatory of Music,San Juan,PR,9,1,3,4,11.0,0.0,307.0,0.7835,,12920.0,3370.0,3850.0,0.6667,0.875,0.6169,0.1071,8750,19474.0,0.3029
241793,Center for Advanced Studies On Puerto Rico and the Caribbean,San Juan,PR,9,2,4,4,11.0,0.0,,,,,,,,,,,PS,,
241836,EDP University of Puerto Rico Inc-San Sebastian,San Sebastian,PR,9,2,2,4,22.0,0.0,1032.0,0.9574,,15680.0,7050.0,14125.0,0.287,0.6667,0.6289,0.4784,10500,22844.0,0.6938
241951,Escuela de Artes Plasticas y Diseno de Puerto Rico,San Juan,PR,9,1,3,3,11.0,0.0,466.0,1.0,,9057.0,4902.0,8502.0,0.4478,0.7229,0.7807,0.0,PS,21790.0,0.7833
242042,Instituto Tecnologico de Puerto Rico-Recinto de Manati,Manati,PR,9,1,2,2,21.0,0.0,323.0,0.9337,,6073.0,1600.0,1600.0,,,0.9428,0.0,PS,26293.0,0.3127
242112,Huertas College,Caguas,PR,9,3,1,3,13.0,0.0,430.0,,,14229.0,8750.0,8750.0,0.4559,0.4,0.7957,0.1935,6625,22927.0,0.5349
242121,Humacao Community College,Humacao,PR,9,2,1,3,21.0,0.0,173.0,,,9960.0,6560.0,6560.0,0.3821,0.6,0.942,0.0,PS,20064.0,0.5838
242130,ICPR Junior College-Arecibo,Arecibo,PR,9,3,1,2,13.0,0.0,339.0,,,15358.0,8664.0,8664.0,,,0.9799,0.0,PS,18694.0,0.8142
242149,ICPR Junior College-Mayaguez,Mayaguez,PR,9,3,1,2,13.0,0.0,373.0,,,15988.0,8664.0,8664.0,,,0.9557,0.0,PS,18694.0,0.7587
242556,Instituto Tecnologico de Puerto Rico-Recinto de Guayama,Guayama,PR,9,1,2,2,13.0,0.0,216.0,0.7899,,11845.0,3608.0,3608.0,,,0.9771,0.0,PS,26293.0,0.4028
242583,Instituto Tecnologico de Puerto Rico-Recinto de San Juan,San Juan,PR,9,1,2,2,11.0,0.0,179.0,0.6324,,4451.0,1180.0,1180.0,,,0.7211,0.0,PS,26293.0,0.2793
242617,Inter American University of Puerto Rico-San German,San German,PR,9,2,3,4,23.0,0.0,2569.0,0.4248,,16380.0,5780.0,5780.0,0.4316,0.7955,0.8304,0.1161,7000,25416.0,0.5274
242626,Inter American University of Puerto Rico-Aguadilla,Aguadilla,PR,9,2,3,4,22.0,0.0,2906.0,0.4176,,16057.0,5742.0,5742.0,0.4288,0.8056,0.8285,0.1227,5500,24776.0,0.6022
242635,Inter American University of Puerto Rico-Arecibo,Arecibo,PR,9,2,3,4,13.0,0.0,2220.0,0.382,,16625.0,5780.0,5780.0,0.3892,0.713,0.771,0.1535,6750,24539.0,0.6414
242644,Inter American University of Puerto Rico-Barranquitas,Barranquitas,PR,9,2,3,4,21.0,0.0,937.0,0.8595,,16051.0,5742.0,5742.0,0.3802,0.7323,0.8838,0.1066,3500,23204.0,0.6446
242653,Inter American University of Puerto Rico-Metro,San Juan,PR,9,2,3,4,11.0,0.0,2607.0,0.6972,,16837.0,5780.0,5780.0,0.3881,0.7643,0.6649,0.1741,8666,30821.0,0.5972
242662,Inter American University of Puerto Rico-Ponce,Mercedita,PR,9,2,3,4,41.0,0.0,2404.0,0.3373,,16065.0,5780.0,5780.0,0.4144,0.6865,0.8036,0.1737,4850,26721.0,0.6302
242680,Inter American University of Puerto Rico-Fajardo,Fajardo,PR,9,2,3,4,23.0,0.0,1072.0,0.2654,,16190.0,5780.0,5780.0,0.3767,0.7628,0.8272,0.1191,5500,23132.0,0.6063
242699,Inter American University of Puerto Rico-Guayama,Guayama,PR,9,2,2,4,13.0,0.0,2393.0,0.3633,,16475.0,5780.0,5780.0,0.4421,0.8255,0.6639,0.2463,6775,25827.0,0.6899
242705,Inter American University of Puerto Rico-Bayamon,Bayamon,PR,9,2,3,4,12.0,0.0,3476.0,0.3962,,16324.0,5780.0,5780.0,0.3492,0.7387,0.8011,0.1325,5500,29936.0,0.4238
242723,Inter American University of Puerto Rico-School of Law,San Juan,PR,9,2,4,4,11.0,0.0,,,,,,,,,,,PS,,
242820,Liceo de Arte y Tecnologia,San Juan,PR,9,3,1,1,11.0,0.0,431.0,,,23233.0,8451.0,8451.0,,,0.9152,0.103,3599,26733.0,0.2111
242945,Modern Hairstyling Institute-Bayamon,Bayamon,PR,9,3,1,1,12.0,0.0,156.0,,,,,,,,1.0,0.0,PS,17105.0,0.5705
242954,Modern Hairstyling Institute-Arecibo,Arecibo,PR,9,3,1,1,13.0,0.0,76.0,0.74,,,,,,,0.957,0.0,PS,15266.0,0.75
242972,NUC University,Bayamon,PR,9,3,1,4,12.0,0.0,28918.0,,,15821.0,12698.0,13853.0,0.5435,0.6402,0.8586,0.4628,9500,24785.0,0.6448
243081,Ponce Health Sciences University,Ponce,PR,9,3,4,4,12.0,0.0,,,,,,,,,,,15500,,
243106,University of Puerto Rico-Aguadilla,Aguadilla,PR,9,1,3,3,22.0,0.0,1883.0,0.814,909.0,14498.0,5954.0,5954.0,0.4633,0.6905,0.8261,0.0606,5500,27997.0,0.5497
243115,University of Puerto Rico-Arecibo,Arecibo,PR,9,1,3,4,13.0,0.0,2669.0,0.5918,,17710.0,5354.0,5354.0,0.52,0.7612,0.8896,0.0334,4500,30512.0,0.5931
243133,University of Puerto Rico,Bayamon,PR,9,1,3,3,12.0,0.0,2851.0,0.3533,,12501.0,6284.0,6284.0,0.3706,0.7784,0.8692,0.0401,5500,34409.0,0.4907
243142,University of Puerto Rico-Carolina,Carolina,PR,9,1,3,3,21.0,0.0,2404.0,0.5454,932.0,19396.0,7986.0,7986.0,0.3727,0.7148,0.7603,0.0342,4500,30626.0,0.6493
243151,University of Puerto Rico at Cayey,Cayey,PR,9,1,3,3,21.0,0.0,2069.0,0.53,955.0,15909.0,5354.0,5354.0,0.4983,0.7593,0.7588,0.0036,5000,30958.0,0.6825
243179,University of Puerto Rico-Humacao,Humacao,PR,9,1,3,3,21.0,0.0,2529.0,0.548,,19547.0,5364.0,5364.0,0.4712,0.8133,0.8058,0.0375,5500,29521.0,0.6663
243188,University of Puerto Rico-Utuado,Utuado,PR,9,1,2,3,41.0,0.0,325.0,0.6411,,20908.0,5354.0,5354.0,0.2326,0.4634,0.8423,0.0662,3500,23906.0,0.4862
243197,University of Puerto Rico-Mayaguez,Mayaguez,PR,9,1,3,4,13.0,0.0,9539.0,0.5652,,21637.0,5274.0,5274.0,0.491,0.8701,0.6489,0.0852,8000,48992.0,0.4374
243203,University of Puerto Rico-Medical Sciences,San Juan,PR,9,1,3,4,11.0,0.0,233.0,,,,,,,,0.5402,0.2857,5500,45953.0,0.8369
243212,University of Puerto Rico at Ponce,Ponce,PR,9,1,3,3,12.0,0.0,2278.0,0.5245,,17193.0,5354.0,5354.0,0.4618,0.7304,0.8262,0.0785,5500,31394.0,0.5334
243221,University of Puerto Rico-Rio Piedras,San Juan,PR,9,1,3,4,11.0,0.0,8572.0,0.5459,,15118.0,5354.0,5354.0,0.5026,0.7718,0.6647,0.0473,5500,35723.0,0.6253
243346,Universidad Ana G. Mendez-Carolina Campus,Carolina,PR,9,2,3,4,21.0,0.0,4468.0,,,14113.0,7750.0,7750.0,0.3426,0.7505,0.9046,0.3193,10000,24328.0,0.6124
243443,Universidad del Sagrado Corazon,Santurce,PR,9,2,3,4,11.0,0.0,4442.0,0.5802,,19728.0,6410.0,6410.0,0.5207,0.7907,0.7148,0.2127,11250,31754.0,0.6547
243498,Seminario Evangelico de Puerto Rico,San Juan,PR,9,2,4,4,11.0,0.0,,,,,,,,,,,PS,,
243568,Universidad Central Del Caribe,Bayamon,PR,9,2,1,4,12.0,0.0,90.0,0.6,,14642.0,7707.0,7707.0,0.4,0.7143,0.7222,0.1778,7050,31468.0,0.6667
243577,Universidad Politecnica de Puerto Rico,Hato Rey,PR,9,2,3,4,11.0,0.0,3594.0,,,23368.0,9870.0,9870.0,0.2808,0.7832,0.6217,0.3387,12830,47540.0,0.2896
243586,Pontifical Catholic University of Puerto Rico-Mayaguez,Mayaguez,PR,9,2,3,4,13.0,0.0,555.0,0.9917,,18605.0,6550.0,6550.0,0.3989,0.7805,0.8042,0.2443,11337,24908.0,0.6324
243601,Universidad Ana G. Mendez-Gurabo Campus,Gurabo,PR,9,2,3,4,21.0,0.0,7868.0,,,14224.0,7750.0,7750.0,0.314,0.7514,0.8559,0.2771,9000,26223.0,0.6049
243638,College of Micronesia-FSM,Pohnpei,FM,9,1,2,3,-3.0,0.0,1729.0,0.8707,,10445.0,5050.0,5050.0,0.3408,0.4,0.7925,0.0,PS,24651.0,0.6287
243647,Palau Community College,Koror,PW,9,1,2,2,-3.0,0.0,393.0,,,9624.0,3730.0,3970.0,,,0.6951,0.0,PS,29898.0,0.6158
243665,University of the Virgin Islands,Charlotte Amalie,VI,9,1,3,4,41.0,1.0,1518.0,0.9898,938.0,17771.0,5957.0,16557.0,0.2823,0.6859,0.4874,0.1711,9500,38681.0,0.6864
243744,Stanford University,Stanford,CA,8,2,3,4,21.0,0.0,7554.0,0.0361,1553.0,87833.0,65910.0,65910.0,0.9192,0.9818,0.1916,0.062,9851,124080.0,0.5163
243780,Purdue University-Main Campus,West Lafayette,IN,3,1,3,4,13.0,0.0,44503.0,0.4987,1364.0,24591.0,9992.0,28794.0,0.831,0.927,0.1298,0.2245,15000,72424.0,0.4099
243823,Parker University,Dallas,TX,6,2,3,4,11.0,0.0,607.0,,,42167.0,17893.0,17893.0,0.7407,0.5,0.5,0.6528,9500,42091.0,0.6985
243832,EDP University of Puerto Rico Inc-San Juan,San Juan,PR,9,2,2,4,11.0,0.0,1404.0,0.6067,,15740.0,7050.0,14125.0,0.2439,0.6,0.5816,0.4957,10500,22844.0,0.7372
243841,ICPR Junior College,Hato Rey,PR,9,3,1,2,11.0,0.0,439.0,,,15133.0,8664.0,8664.0,,,0.9271,0.0083,PS,18694.0,0.8633
244279,Meridian College,Sarasota,FL,5,3,1,2,13.0,0.0,163.0,,,,,,,,0.5359,0.5249,13000,33735.0,0.9387
244437,Georgia State University-Perimeter College,Atlanta,GA,5,1,2,2,11.0,0.0,13693.0,0.9077,919.0,17608.0,3104.0,10064.0,,,0.4502,0.2439,11750,47384.0,0.6201
244446,Georgia Piedmont Technical College,Clarkston,GA,5,1,1,2,21.0,0.0,2198.0,,,21274.0,3386.0,5954.0,,,0.4494,0.0,9500,34619.0,0.5924
244613,ETI School of Skilled Trades,Willowbrook,IL,3,3,1,1,21.0,0.0,443.0,,,,,,,,0.5177,0.4774,9428,52800.0,0.0587
245281,Traxlers School of Hair,Jackson,MS,5,3,1,1,12.0,0.0,98.0,,,,,,,,0.7484,0.5613,PS,16249.0,0.5714
245625,Warren County Community College,Washington,NJ,2,1,2,2,41.0,0.0,836.0,,,13314.0,5460.0,6360.0,,,0.0985,0.0123,6499,43359.0,0.6196
245652,St. John's College,Santa Fe,NM,6,2,3,4,41.0,0.0,368.0,0.5315,1426.0,55824.0,40504.0,40504.0,0.5493,0.8243,0.2695,0.4178,13500,44985.0,0.5
245777,Bais Medrash Elyon,Monsey,NY,2,2,3,3,21.0,0.0,61.0,0.375,,19500.0,8600.0,8600.0,0.0,0.75,0.1136,0.0,PS,,0.0
245838,Antioch University-Los Angeles,Culver City,CA,8,2,3,4,21.0,0.0,60.0,,,,,,,,0.2459,0.377,17103,51541.0,0.65
245847,Antioch University-Santa Barbara,Santa Barbara,CA,8,2,3,4,13.0,0.0,55.0,,,,,,,,0.3137,0.3922,17103,51541.0,0.6364
245865,Antioch University-New England,Keene,NH,1,2,4,4,32.0,0.0,,,,,,,,,,,17103,51541.0,
245883,Antioch University-Seattle,Seattle,WA,8,2,3,4,11.0,0.0,74.0,,,,,,,,0.3333,0.4167,17103,51541.0,0.7973
245892,Antioch University,Yellow Springs,OH,3,2,3,4,41.0,0.0,77.0,,,,,,,,0.4444,0.537,17103,51541.0,0.6883
245953,Mid-America Christian University,Oklahoma City,OK,6,2,3,4,11.0,0.0,1666.0,0.9176,1020.0,31313.0,21294.0,21294.0,0.4423,0.6515,0.5287,0.5813,15444,46116.0,0.6675
245962,Miller-Motte College-Tulsa,Tulsa,OK,6,3,2,2,11.0,0.0,389.0,,,,,,,,0.8419,0.859,10661,31102.0,0.9152
245980,Ponca City Beauty College,Ponca City,OK,6,3,1,1,33.0,0.0,38.0,,,,,,,,0.2787,0.0984,3311,15872.0,0.8947
245999,Francis Tuttle Technology Center,Oklahoma City,OK,6,1,1,1,11.0,0.0,886.0,,,,,,,,0.0749,0.0,PS,32996.0,0.4842
246017,Central Technology Center,Drumright,OK,6,1,1,1,42.0,0.0,533.0,,,,,,,,0.0546,0.0,PS,36351.0,0.3884
246035,Carrington College-Portland,Portland,OR,8,3,1,1,11.0,0.0,254.0,,,,,,,,0.633,0.6804,8615,36625.0,0.5748
246071,Career Technology Center of Lackawanna County,Scranton,PA,2,1,1,1,13.0,0.0,113.0,1.0,,,,,,,0.6612,0.7438,11861,45555.0,0.9292
246354,Palo Alto College,San Antonio,TX,6,1,2,3,11.0,0.0,8801.0,,,11946.0,3412.0,9952.0,0.3296,,0.2658,0.0232,6779,37448.0,0.627
246415,UCAS University of Cosmetology Arts & Sciences-San Antonio 410,San Antonio,TX,6,3,1,1,21.0,0.0,39.0,,,,,,,,0.4516,0.2688,6169,24450.0,1.0
246460,Central Texas Beauty College-Round Rock,Round Rock,TX,6,3,1,1,12.0,0.0,122.0,,,,,,,,0.8893,0.0,PS,23338.0,0.918
246789,HJ International Graduate School for Peace and Public Leadership,New York,NY,2,2,4,4,11.0,0.0,,,,,,,,,,,PS,,
246813,Athens Technical College,Athens,GA,5,1,1,2,12.0,0.0,3318.0,,,15783.0,3390.0,5958.0,,,0.3641,0.0,PS,35951.0,0.6489
246895,GateWay Community College-Central City,Phoenix,AZ,6,1,1,1,11.0,0.0,595.0,,,,,,,,0.2322,0.0528,4500,46147.0,0.6924
246974,Carrington College-San Leandro Campus,San Leandro,CA,8,3,1,2,21.0,0.0,326.0,,,,,,,,0.6167,0.6631,10460,39633.0,0.865
247010,Headmasters School of Hair Design,Lewiston,ID,7,3,1,1,13.0,0.0,92.0,,,,,,,,0.5479,0.6712,10556,17707.0,0.9891
247047,The Salon Professional Academy-Nampa,Nampa,ID,7,3,1,1,22.0,0.0,111.0,,,,,,,,0.4699,0.541,6333,18095.0,0.991
247065,Beckfield College-Florence,Florence,KY,5,3,2,3,21.0,0.0,536.0,,,34541.0,13295.0,13295.0,0.3171,,0.6405,0.7778,13722,37114.0,0.9328
247153,Dorsey College-Wayne,Wayne,MI,3,3,1,1,21.0,0.0,196.0,,,36763.0,16990.0,16990.0,,,0.8325,0.9015,9500,29392.0,0.7296
247162,Ecumenical Theological Seminary,Detroit,MI,3,2,1,4,11.0,0.0,11.0,,,,,,,,0.0,0.0,PS,,0.8182
247409,Ross Medical Education Center-Saginaw,Saginaw,MI,3,3,1,1,22.0,0.0,84.0,,,,,,,,0.7016,0.6048,7504,30060.0,0.9286
247603,Sussex County Community College,Newton,NJ,2,1,2,2,41.0,0.0,2086.0,,,14708.0,5544.0,9024.0,,,0.367,0.156,6000,44664.0,0.4545
247649,Landmark College,Putney,VT,1,2,2,4,42.0,0.0,455.0,0.4944,,83124.0,66540.0,66540.0,0.4302,0.6301,0.1622,0.2157,8875,29813.0,0.3516
247773,Yeshiva Gedolah of Greater Detroit,Oak Park,MI,3,2,3,3,21.0,0.0,75.0,0.9,,19682.0,6100.0,6100.0,0.4,0.96,0.3662,0.0,PS,,0.0
247834,Collin County Community College District,McKinney,TX,6,1,2,3,21.0,0.0,26449.0,,,15237.0,2014.0,6064.0,0.2034,,0.1622,0.0734,4500,48701.0,0.5268
247940,Owensboro Community and Technical College,Owensboro,KY,5,1,1,2,41.0,0.0,2648.0,,,13476.0,4728.0,6432.0,,,0.3061,0.0863,5500,35798.0,0.6129
248527,Cloyd's Beauty School 3 Inc,Monroe,LA,5,3,1,1,13.0,0.0,93.0,,,,,,,,0.6471,0.0,PS,15105.0,0.9892
248606,Moore Norman Technology Center,Norman,OK,6,1,1,1,41.0,0.0,419.0,,,,,,,,0.084,0.0,PS,34000.0,0.3628
248624,Fayette County Career & Technical Institute Practical Nursing Program,Uniontown,PA,2,1,1,1,41.0,0.0,71.0,,,,,,,,0.8837,0.7558,12440,49229.0,0.7887
248633,Franklin County Career and Technology Center,Chambersburg,PA,2,1,1,1,41.0,0.0,60.0,1.0,,,,,,,0.4533,0.44,14614,54747.0,0.9333
248703,Ogle School Hair Skin Nails-Hurst,Hurst,TX,6,3,1,1,21.0,0.0,273.0,,,,,,,,0.6336,0.6159,7917,31488.0,0.9853
248925,Tennessee College of Applied Technology Nashville,Nashville,TN,5,1,1,1,11.0,0.0,759.0,,,,,,,,0.4037,0.0,PS,38955.0,0.3439
248934,ECPI University,Virginia Beach,VA,5,3,2,4,11.0,0.0,12090.0,0.7452,,30055.0,18484.0,18484.0,0.4246,0.5646,0.5313,0.5658,13915,42837.0,0.5924
249061,Ms Roberts Academy of Beauty Culture,Hillside,IL,3,3,1,1,21.0,0.0,52.0,,,,,,,,0.2524,0.2233,PS,24535.0,0.9615
249238,Paul Mitchell the School-Houston,Houston,TX,6,3,1,1,11.0,0.0,288.0,,,,,,,,0.5327,0.4846,9500,27384.0,0.941
249609,Fortis Institute-Forty Fort,Forty Fort,PA,2,3,1,1,21.0,0.0,15.0,,,30808.0,13955.0,13955.0,,,0.6667,0.6038,8063,30224.0,0.0
250027,Laurel Technical Institute,Uniontown,PA,2,3,2,2,32.0,0.0,515.0,0.7685,,15483.0,13713.0,13713.0,,,0.5239,0.7154,9500,30819.0,0.7592
250285,Aviation Institute of Maintenance-Philadelphia,Philadelphia,PA,2,3,1,1,11.0,0.0,385.0,,,30830.0,16757.0,16757.0,,,0.3333,0.233,21875,42785.0,0.1143
250744,Dorsey College-Roseville,Roseville,MI,3,3,1,1,21.0,0.0,437.0,,,33929.0,16990.0,16990.0,,,0.8691,0.8781,9500,29392.0,0.8146
250902,Moler-Pickens Beauty Academy,Fairfield,OH,3,3,1,1,21.0,0.0,88.0,,,,,,,,0.6239,0.6239,4889,22137.0,0.9205
250993,Red River Technology Center,Duncan,OK,6,1,1,1,41.0,0.0,516.0,,,,,,,,0.083,0.0,PS,31415.0,0.5174
251260,Southern Union State Community College,Wadley,AL,5,1,1,2,43.0,0.0,4173.0,,,13637.0,5040.0,8910.0,,,0.3405,0.2247,6250,36597.0,0.5574
251312,South University-Columbia,Columbia,SC,5,3,3,4,21.0,0.0,450.0,,,35322.0,18145.0,18145.0,0.2333,0.5714,0.5798,0.6472,13000,34421.0,0.7933
260363,Greene County Career and Technology Center,Waynesburg,PA,2,1,1,0,32.0,0.0,16.0,1.0,,,,,,,0.7368,0.8947,13025,34231.0,0.75
260372,Lac Courte Oreilles Ojibwe University,Hayward,WI,3,1,2,4,43.0,0.0,176.0,,,17202.0,6030.0,6030.0,0.2258,1.0,0.6995,0.0,PS,24302.0,0.767
260664,Diesel Driving Academy-Shreveport,Shreveport,LA,5,3,1,1,12.0,0.0,191.0,,,,,,,,0.6346,0.6916,6333,38740.0,0.2984
260691,Pima Medical Institute-Mesa,Mesa,AZ,6,3,2,2,11.0,0.0,705.0,,,,,,,,0.4964,0.6625,9500,38673.0,0.7035
260789,Platt College-Los Angeles,Alhambra,CA,8,3,1,3,21.0,0.0,570.0,,,32164.0,14922.0,14922.0,0.6345,,0.4821,0.644,15215,40669.0,0.8561
260929,Paul Mitchell the School-Boise,Boise,ID,7,3,1,1,12.0,0.0,183.0,,,,,,,,0.5233,0.5269,9500,25719.0,0.9454
260965,Educators of Beauty College of Cosmetology-Rockford,Rockford,IL,3,3,1,1,12.0,0.0,97.0,,,,,,,,0.6863,0.6405,9500,21463.0,0.9897
261436,Douglas J Aveda Institute,East Lansing,MI,3,3,1,1,13.0,0.0,777.0,,,,,,,,0.4593,0.5344,6333,26849.0,0.9125
261676,Ross Medical Education Center-Brighton,Brighton,MI,3,3,1,1,22.0,0.0,39.0,,,,,,,,0.5156,0.4688,7719,29898.0,0.9744
261685,Ross Medical Education Center-Ann Arbor,Ann Arbor,MI,3,3,1,1,21.0,0.0,51.0,,,,,,,,0.6964,0.5893,7719,29898.0,1.0
261719,Dorsey School of Beauty,Taylor,MI,3,3,1,1,21.0,0.0,164.0,,,,,,,,0.4724,0.4026,8322,13256.0,0.9939
261773,Pike-Lincoln Technical Center,Eolia,MO,4,1,1,1,43.0,0.0,32.0,,,,,,,,0.5946,0.6486,9481,48581.0,0.9375
262031,St Charles Community College,Cottleville,MO,4,1,2,2,21.0,0.0,5017.0,,,13629.0,3048.0,6096.0,,,0.2462,0.0634,4832,42422.0,0.5914
262086,University of Massachusetts Global,Aliso Viejo,CA,8,1,3,4,21.0,0.0,4491.0,,,35325.0,12540.0,12540.0,0.4286,0.6222,0.2246,0.2303,18750,65703.0,0.6836
262129,New College of Florida,Sarasota,FL,5,1,3,4,13.0,0.0,843.0,0.732,1150.0,24449.0,6916.0,29944.0,0.6667,0.7557,0.3394,0.1887,12000,48082.0,0.5386
262165,Montana Bible College,Billings,MT,7,2,3,0,22.0,0.0,24.0,,,,14640.0,14640.0,,0.4286,,,,,0.4583
262341,Conservatory of Recording Arts and Sciences,Tempe,AZ,6,3,1,1,12.0,0.0,692.0,,,,,,,,0.3877,0.6583,8344,37429.0,0.1749
262457,San Joaquin Valley College-Fresno,Fresno,CA,8,3,1,2,11.0,0.0,447.0,,,,,,,,0.6688,0.6364,9773,38317.0,0.8859
262466,Dr. Ida Rolf Institute,Boulder,CO,7,2,1,1,12.0,0.0,12.0,1.0,,,,,,,0.1818,0.4773,7716,,0.5833
362700,Aveda Institute-Fort Myers,Fort Myers,FL,5,3,1,1,13.0,0.0,283.0,,,,,,,,0.3566,0.4209,6953,24057.0,0.9223
363013,Ross Medical Education Center-Port Huron,Port Huron,MI,3,3,1,1,23.0,0.0,38.0,,,,,,,,0.6182,0.5636,7504,30060.0,1.0
363147,Raphael's School of Beauty Culture Inc-Alliance,Alliance,OH,3,3,1,1,31.0,0.0,339.0,,,,,,,,0.6338,0.5915,6250,17650.0,0.9882
363165,Metro Technology Centers,Oklahoma City,OK,6,1,1,1,11.0,0.0,632.0,,,,,,,,0.1439,0.0441,9140,38830.0,0.4225
363633,Luna Community College,Las Vegas,NM,6,1,1,2,41.0,0.0,423.0,,,10405.0,1474.0,3418.0,,,0.2483,0.0211,3855,32461.0,0.6217
363679,Grabber School of Hair Design,St. Louis,MO,4,3,1,1,21.0,0.0,182.0,,,,,,,,0.4235,0.4694,7830,27109.0,0.9945
363712,Yeshivah Gedolah Rabbinical College,Miami Beach,FL,5,2,3,0,13.0,0.0,60.0,,,19300.0,9300.0,9300.0,0.0,0.5,0.4789,0.0,PS,30667.0,0.0
363882,Raphael's School of Beauty Culture Inc-Brunswick,Brunswick,OH,3,3,1,1,21.0,0.0,73.0,,,,,,,,0.4571,0.4714,6251,21307.0,0.9863
363907,Caribbean University-Ponce,Ponce,PR,9,2,3,4,12.0,0.0,414.0,,,10000.0,8844.0,8844.0,0.3667,0.76,0.71,0.3402,7000,22842.0,0.3647
363916,Caribbean University-Vega Baja,Vega Baja,PR,9,2,3,4,21.0,0.0,152.0,,,9936.0,8844.0,8844.0,0.5,0.65,0.7629,0.2165,7000,22842.0,0.6645
363934,University of Advancing Technology,Tempe,AZ,6,3,2,4,12.0,0.0,855.0,0.9806,,32794.0,19365.0,19365.0,0.3514,0.7699,0.5695,0.6839,12000,50719.0,0.2117
364016,Paradise Valley Community College,Phoenix,AZ,6,1,1,2,11.0,0.0,5117.0,,,18375.0,2358.0,8958.0,0.1885,,0.1789,0.065,4500,47196.0,0.5705
364025,Chandler-Gilbert Community College,Chandler,AZ,6,1,1,2,11.0,0.0,5051.0,,,17845.0,2358.0,8958.0,,,0.1098,0.0511,4500,51111.0,0.5021
364548,Great Plains Technology Center,Lawton,OK,6,1,1,1,13.0,0.0,314.0,,,,,,,,0.2559,0.0,PS,42376.0,0.4904
364575,Roane-Jackson Technical Center,Leroy,WV,5,1,1,1,42.0,0.0,28.0,,,,,,,,0.6429,0.0,PS,33982.0,0.8571
364627,Pioneer Technology Center,Ponca City,OK,6,1,1,1,33.0,0.0,89.0,,,,,,,,0.1525,0.0,PS,29841.0,0.6742
364636,Portage Lakes Career Center,Uniontown,OH,3,1,1,1,21.0,0.0,168.0,,,,,,,,0.4118,0.4157,6333,38316.0,0.7976
364946,Caddo Kiowa Technology Center,Fort Cobb,OK,6,1,1,1,43.0,0.0,108.0,,,,,,,,0.1465,0.0,PS,21576.0,0.6111
364964,Center for Instruction Technology & Innovation,Mexico,NY,2,1,1,0,42.0,0.0,15.0,,,,,,,,0.7143,0.7619,5052,,0.8667
365091,International School of Skin Nailcare & Massage Therapy,Sandy Springs,GA,5,3,1,1,12.0,0.0,246.0,,,,,,,,0.6024,0.5659,6193,25452.0,0.9268
365125,Palomar Institute of Cosmetology,San Marcos,CA,8,3,1,1,21.0,0.0,193.0,,,,,,,,0.3315,0.4309,6333,23451.0,0.9896
365198,Southern Oklahoma Technology Center,Ardmore,OK,6,1,1,1,41.0,0.0,326.0,,,,,,,,0.1367,0.0,PS,29012.0,0.7853
365213,Autry Technology Center,Enid,OK,6,1,1,1,13.0,0.0,259.0,0.7094,,,,,,,0.1411,0.0,PS,40389.0,0.5019
365240,Greene County Career Center,Xenia,OH,3,1,1,1,41.0,0.0,12.0,,,,,,,,0.1818,0.2727,5225,41796.0,0.3333
365374,Canadian Valley Technology Center,El Reno,OK,6,1,1,1,41.0,0.0,614.0,,,,,,,,0.0844,0.0,PS,31355.0,0.4805
365383,Wilkes-Barre Area Career and Technical Center Practical Nursing,Wilkes Barre,PA,2,1,1,1,21.0,0.0,85.0,0.7925,,,,,,,0.5887,0.6694,14247,48705.0,0.8706
365480,Meridian Technology Center,Stillwater,OK,6,1,1,1,32.0,0.0,307.0,,,,,,,,0.1161,0.0,PS,34451.0,0.4919
365505,Waynesville Career Center,Waynesville,MO,4,1,1,1,33.0,0.0,27.0,,,,,,,,0.6667,0.4286,5500,40979.0,0.9259
365693,Capitol Beauty School,Omaha,NE,4,3,1,1,11.0,0.0,161.0,,,,,,,,0.3833,0.4564,6333,31349.0,0.9876
365763,Morris County Vocational School District,Denville,NJ,2,1,1,1,21.0,0.0,36.0,1.0,,,,,,,0.3519,0.463,5990,47174.0,0.7778
365824,Ross Medical Education Center-Roosevelt Park,Roosevelt Park,MI,3,3,1,1,22.0,0.0,130.0,,,,,,,,0.6522,0.6033,7504,30060.0,0.9769
365833,Ross Medical Education Center-Kentwood,Kentwood,MI,3,3,1,1,13.0,0.0,134.0,,,,,,,,0.6458,0.5365,5500,30072.0,0.9627
366003,South Florida Bible College and Theological Seminary,Deerfield Beach,FL,5,2,2,4,13.0,0.0,373.0,,,25161.0,7980.0,7980.0,0.3636,0.5385,0.2271,0.1978,PS,45354.0,0.5764
366155,Cloyd's Barber School 2 Inc,Monroe,LA,5,3,1,1,13.0,0.0,35.0,,,,,,,,0.8125,0.0,PS,23220.0,0.4857
366191,Universal Technical Institute of Illinois Inc,Lisle,IL,3,3,1,1,21.0,0.0,1156.0,,,,,,,,0.5015,0.6818,11183,52873.0,0.0701
366252,Pennsylvania College of Technology,Williamsport,PA,2,1,2,4,13.0,0.0,4464.0,,,33192.0,18240.0,25980.0,0.5348,0.8054,0.3308,0.5981,15250,52567.0,0.3528
366261,Commonwealth Institute of Funeral Service,Houston,TX,6,2,2,2,11.0,0.0,254.0,0.8642,1110.0,45244.0,15313.0,15313.0,,,0.4058,0.5131,7125,37786.0,0.7047
366270,Delta College of Arts & Technology,Baton Rouge,LA,5,3,1,2,12.0,0.0,326.0,,,,,,,,0.7647,0.7014,5899,34222.0,0.954
366340,Stone Child College,Box Elder,MT,7,1,2,3,43.0,0.0,193.0,,,15570.0,3610.0,3610.0,0.3421,,0.4904,0.0,PS,24555.0,0.6425
366368,New York Academy of Art,New York,NY,2,2,4,4,11.0,0.0,,,,,,,,,,,PS,,
366395,Suffolk County Community College,Selden,NY,2,1,2,2,21.0,0.0,14218.0,,,12429.0,6630.0,12460.0,,,0.246,0.0721,5500,49907.0,0.544
366401,Las Positas College,Livermore,CA,8,1,2,2,13.0,0.0,7299.0,,,15138.0,1168.0,9808.0,,,0.1445,0.0028,5639,51088.0,0.5086
366465,Ogeechee Technical College,Statesboro,GA,5,1,1,2,32.0,0.0,1820.0,,,17125.0,3388.0,5956.0,,,0.4382,0.0,7328,31248.0,0.7082
366535,Remington College-Mobile Campus,Mobile,AL,5,2,1,2,12.0,0.0,257.0,,,32998.0,16411.0,16411.0,,,0.6926,0.5779,9500,31349.0,0.821
366553,Southern Technical College,Fort Myers,FL,5,3,1,2,13.0,0.0,550.0,,,26505.0,14894.0,14894.0,,,0.7613,0.8064,9897,36155.0,0.4836
366571,Mercy-St Luke's School of Radiologic Technology,Cedar Rapids,IA,4,2,1,1,12.0,0.0,21.0,,,,,,,,0.3182,0.3182,PS,,0.9048
366623,Northwest Technology Center-Alva,Alva,OK,6,1,1,1,41.0,0.0,58.0,,,,,,,,0.0986,0.0,PS,32501.0,0.6379
366711,California State University-San Marcos,San Marcos,CA,8,1,3,4,21.0,0.0,14877.0,0.951,,21649.0,8082.0,20682.0,0.5456,0.7864,0.4261,0.2834,13500,62908.0,0.5746
367088,Tricoci University of Beauty Culture LLC-Bloomington,Bloomington,IN,3,3,1,1,13.0,0.0,109.0,,,,,,,,0.5079,0.6021,7307,27925.0,0.9908
367103,Interactive College of Technology-Newport,Newport,KY,5,3,1,2,21.0,0.0,101.0,,,21837.0,10970.0,10970.0,,,0.4795,0.411,8661,27065.0,0.1287
367158,Ross Medical Education Center-Taylor,Taylor,MI,3,3,1,1,21.0,0.0,75.0,,,,,,,,0.6731,0.5962,8481,30481.0,0.9733
367361,Interactive College of Technology,Houston,TX,6,3,2,2,11.0,0.0,65.0,,,21770.0,10970.0,10970.0,,,0.4507,0.2817,5300,27182.0,0.3231
367431,Butler Beauty Academy-New Castle Beauty Academy,New Castle,PA,2,3,1,1,31.0,0.0,15.0,,,,,,,,0.4324,0.4595,7481,23003.0,0.9333
367459,NorthWest Arkansas Community College,Bentonville,AR,5,1,1,2,13.0,0.0,4953.0,,,12157.0,3342.0,5238.0,,,0.2318,0.1139,5500,43505.0,0.5952
367875,H W Brewster Technical College,Tampa,FL,5,1,1,1,11.0,0.0,695.0,,,,,,,,0.0233,0.0,PS,27053.0,0.6403
367954,University of St. Augustine for Health Sciences,San Marcos,CA,8,3,4,4,21.0,0.0,,,,,,,,,,,PS,79150.0,
367972,Capital Area Career Center,Springfield,IL,3,1,1,1,41.0,0.0,161.0,0.9444,,20495.0,12075.0,12075.0,,,0.6087,0.6087,9500,55357.0,0.9689
367981,Hair Professionals Career College,Palos Hills,IL,3,3,1,1,21.0,0.0,86.0,,,,,,,,0.5345,0.5948,7917,23417.0,0.9767
368230,Empire Beauty School-Bloomfield,Bloomfield,NJ,2,3,1,1,21.0,0.0,164.0,,,,,,,,0.6892,0.6351,7667,23925.0,0.9451
368364,Southwest Technology Center,Altus,OK,6,1,1,1,41.0,0.0,332.0,,,,,,,,0.1985,0.0,PS,48966.0,0.4488
368407,Western Area Career & Technology Center,Canonsburg,PA,2,1,1,1,41.0,0.0,23.0,,,,,,,,0.7955,0.7045,15817,43189.0,1.0
368452,Nossi College of Art and Design,Nashville,TN,5,3,3,3,11.0,0.0,247.0,0.4631,,27710.0,20350.0,20350.0,0.418,0.88,0.5725,0.5279,17708,35113.0,0.5547
368629,Pima Medical Institute-Seattle,Seattle,WA,8,3,1,2,11.0,0.0,471.0,,,,,,,,0.2893,0.5146,9500,38673.0,0.7728
368647,Mineral County Vocational Technical Center,Keyser,WV,5,1,1,1,33.0,0.0,14.0,,,,,,,,0.3939,0.0,PS,46022.0,0.8571
368771,Hypnosis Motivation Institute,Tarzana,CA,8,2,1,2,11.0,0.0,209.0,,,,,,,,0.5192,0.8999,9500,24244.0,0.7799
368832,Thanh Le College School of Cosmetology,Garden Grove,CA,8,3,1,1,21.0,0.0,43.0,,,,,,,,0.6386,0.0,PS,13265.0,0.7442
368911,Southeastern Technical College,Vidalia,GA,5,1,1,2,33.0,0.0,1008.0,,,19660.0,3400.0,5968.0,,,0.3943,0.0,5027,30329.0,0.748
369002,Massachusetts School of Law,Andover,MA,1,2,4,4,21.0,0.0,,,,,,,,,,,PS,,
369400,Universal Technical Institute-Orlando,Orlando,FL,5,3,2,2,21.0,0.0,788.0,,,,,,,,0.486,0.5466,10247,48341.0,0.0609
369419,Erwin Technical College,Tampa,FL,5,1,1,1,11.0,0.0,581.0,,,,,,,,0.1569,0.0,PS,37966.0,0.4854
369446,Rosel School of Cosmetology,Niles,IL,3,3,1,1,21.0,0.0,55.0,,,,,,,,0.1765,0.0,PS,19819.0,0.9818
369455,Worsham College of Mortuary Science,Wheeling,IL,3,3,2,2,21.0,0.0,183.0,0.92,,30495.0,20500.0,20500.0,,,0.5936,0.8877,12000,61574.0,0.7869
369516,Bryan University,Springfield,MO,4,3,2,4,12.0,0.0,144.0,,,26626.0,15868.0,15868.0,0.8958,,0.8443,0.7787,16999,28725.0,0.8889
369668,Central Pennsylvania Institute of Science and Technology,Pleasant Gap,PA,2,1,1,2,41.0,0.0,171.0,0.962,,,,,,,0.5581,0.5116,7480,41677.0,0.6491
369686,Northwest Educational Center,Houston,TX,6,3,1,1,11.0,0.0,305.0,,,,,,,,1.0,0.0,PS,25442.0,0.6361
369783,PCI Health Training Center,Dallas,TX,6,3,1,1,11.0,0.0,256.0,,,,,,,,0.8803,0.8154,7842,34096.0,0.9531
369950,Hamrick School,Medina,OH,3,3,1,1,41.0,0.0,89.0,,,,,,,,0.1909,0.1909,5481,44797.0,0.1124
371052,Fortis College,Mobile,AL,5,3,1,1,12.0,0.0,315.0,,,,,,,,0.8333,0.6958,9122,26652.0,0.7556
371690,Downey Adult School,Downey,CA,8,1,1,1,21.0,0.0,875.0,,,,,,,,0.3508,0.0,PS,46851.0,0.8811
371830,CRU Institute of Cosmetology and Barbering,Garden Grove,CA,8,3,1,1,21.0,0.0,91.0,,,,,,,,0.7263,0.5978,9551,20125.0,0.3407
371928,Modern Technology School,Fountain Valley,CA,8,3,1,1,13.0,0.0,101.0,,,,,,,,0.26,0.365,11430,50667.0,0.7426
371964,National Career Education,Citrus Heights,CA,8,3,1,1,21.0,0.0,515.0,,,,,,,,0.52,0.529,7600,38015.0,0.2136
372028,North-West College-Glendale,Glendale,CA,8,3,1,1,12.0,0.0,71.0,,,,,,,,0.5,0.5208,9500,37542.0,0.8732
372073,Fremont University,Cerritos,CA,8,3,2,4,21.0,0.0,157.0,,,,,,0.3947,0.0,0.6829,0.6707,20000,39003.0,0.828
372082,Pomona Unified School District Adult and Career Education,Pomona,CA,8,1,1,1,21.0,0.0,57.0,,,,,,,,0.375,0.0,PS,34849.0,0.7895
372240,Universal College of Beauty Inc-Los Angeles 2,Los Angeles,CA,8,3,1,1,11.0,0.0,44.0,,,,,,,,0.6957,0.0,PS,17821.0,1.0
372329,IBMC College,Fort Collins,CO,7,3,1,2,12.0,0.0,297.0,,,,,,,,0.7153,0.7373,7048,34432.0,0.8754
372356,Avalon Institute-Aurora,Aurora,CO,7,3,1,1,11.0,0.0,162.0,,,,,,,,0.6603,0.8381,6325,24367.0,0.9877
372462,Academy of Cosmetology,Merritt Island,FL,5,3,1,1,21.0,0.0,50.0,,,,,,,,0.4545,0.3287,5125,20144.0,0.9
372921,Fortis College-Smyrna,Smyrna,GA,5,3,1,2,21.0,0.0,607.0,,,31288.0,15543.0,15543.0,,,0.7697,0.703,9500,36368.0,0.542
373085,Ross College-Davenport,Davenport,IA,4,3,1,1,12.0,0.0,42.0,,,,,,,,0.6667,0.6667,7719,29898.0,0.9524
373216,Pivot Point Academy,Bloomingdale,IL,3,3,1,1,21.0,0.0,103.0,,,,,,,,0.3585,0.434,9833,30453.0,0.9709
373456,Blalock's Professional Beauty College,Shreveport,LA,5,3,1,1,12.0,0.0,32.0,,,,,,,,1.0,1.0,PS,,0.9688
373526,Diesel Driving Academy-Baton Rouge,Baton Rouge,LA,5,3,1,1,12.0,0.0,282.0,,,,,,,,0.7322,0.7687,6333,43011.0,0.2624
373678,New England Hair Academy,Malden,MA,1,3,1,1,21.0,0.0,87.0,,,,,,,,0.3731,0.1679,PS,,0.5977
373696,Rob Roy Academy-Worcester,Worcester,MA,1,3,1,1,12.0,0.0,109.0,,,,,,,,0.516,0.5691,5500,30033.0,0.4679
373711,Upper Cape Cod Regional Technical School,Bourne,MA,1,1,1,1,41.0,0.0,70.0,0.7143,,,,,,,0.4471,0.6706,9500,,0.9286
373784,All-State Career-Baltimore,Baltimore,MD,2,3,1,1,11.0,0.0,563.0,,,,,,,,0.6813,0.5521,6333,33193.0,0.3179
374024,Adler Graduate School,Minnetonka,MN,4,2,4,4,13.0,0.0,,,,,,,,,,,PS,,
374316,Mississippi Barber Academy,Jackson,MS,5,3,1,1,12.0,0.0,71.0,,,,,,,,0.8534,0.681,6500,22284.0,0.3099
374343,KC's School of Hair Design,Pontotoc,MS,5,3,1,1,43.0,0.0,58.0,,,,,,,,0.6837,0.3571,6500,,0.9828
374574,Lincoln Technical Institute-Moorestown,Moorestown,NJ,2,3,1,1,21.0,0.0,782.0,,,,,,,,0.7274,0.8154,9000,31914.0,0.8235
374592,MCVSD,Freehold,NJ,2,1,1,1,21.0,0.0,67.0,,,,,,,,0.7463,0.2239,5500,45062.0,0.8955
375230,Yeshiva Gedolah Imrei Yosef D'spinka,Brooklyn,NY,2,2,3,3,11.0,0.0,226.0,,,15989.0,12500.0,12500.0,0.2162,0.7949,0.917,0.0,PS,36545.0,0.0
375373,Knox County Career Center,Mount Vernon,OH,3,1,1,1,32.0,0.0,126.0,,,,,,,,0.2402,0.2451,8618,38212.0,0.619
375407,Madison Adult Career Center,Mansfield,OH,3,1,1,1,23.0,0.0,81.0,,,,,,,,0.3139,0.2117,3383,30941.0,0.8765
375416,Remington College-Cleveland Campus,Cleveland,OH,3,2,1,2,21.0,0.0,197.0,,,29267.0,15876.0,15876.0,,,0.6767,0.406,9500,31349.0,0.5178
375568,Brown & Clermont Adult Career Campuses,Bethel,OH,3,1,1,1,41.0,0.0,101.0,,,,,,,,0.2115,0.0,PS,,0.6139
375656,Chisholm Trail Technology Center,Omega,OK,6,1,1,1,43.0,0.0,34.0,,,,,,,,0.0773,0.0,PS,27170.0,0.5882
375683,Gordon Cooper Technology Center,Shawnee,OK,6,1,1,1,32.0,0.0,173.0,,,,,,,,0.0942,0.0,PS,42021.0,0.3064
375726,Kiamichi Technology Center-McAlester,McAlester,OK,6,1,1,1,33.0,0.0,540.0,,,,,,,,0.1101,0.0,PS,31625.0,0.4759
375939,YTI Career Institute-Altoona,Altoona,PA,2,3,2,2,23.0,0.0,32.0,,,,,,,,0.2443,0.4261,6334,30188.0,1.0
375966,Eastern Center for Arts and Technology,Willow Grove,PA,2,1,1,1,21.0,0.0,180.0,0.8081,,,,,,,0.2704,0.2876,9850,56446.0,0.9056
375984,Empire Beauty School-Center City Philadelphia,Philadelphia,PA,2,3,1,1,11.0,0.0,279.0,,,,,,,,0.7678,0.659,6633,22377.0,0.9319
376224,CEM College-Humacao,Humacao,PR,9,3,2,3,21.0,0.0,161.0,,,18696.0,12900.0,12900.0,0.3818,0.8,0.9425,0.0805,3700,21033.0,0.6335
376242,Colegio Mayor de Tecnologia Inc,Arroyo,PR,9,3,1,1,23.0,0.0,56.0,,,,,,,,0.9817,0.0,PS,24591.0,0.0714
376288,Institucion Chaviano de Mayaguez,Mayaguez,PR,9,3,1,1,13.0,0.0,210.0,,,,,,,,0.9716,0.0,PS,12635.0,0.6524
376330,Liceo de Arte-Dise-O y Comercio,Caguas,PR,9,3,1,1,13.0,0.0,212.0,,,,12226.0,12226.0,,,0.8526,0.0,PS,15501.0,0.6368
376385,Universal Technology College of Puerto Rico,Aguadilla,PR,9,2,1,3,13.0,0.0,149.0,,,,,,0.6437,,0.6134,0.0,PS,19878.0,0.6711
376446,Academy of Hair Technology,Greenville,SC,5,3,1,1,21.0,0.0,58.0,,,,,,,,0.3913,0.2795,2750,22893.0,1.0
376631,Mr Wayne's School of Unisex Hair Design,Cookeville,TN,5,3,1,1,33.0,0.0,20.0,,,,,,,,0.7241,0.8276,7667,23696.0,0.5
376695,College of the Marshall Islands,Majuro,MH,9,1,2,3,-3.0,0.0,1009.0,,,17275.0,6840.0,7480.0,0.1837,,0.8915,0.0,PS,,0.551
377111,Remington College-Fort Worth Campus,North Richland Hills,TX,6,2,1,2,21.0,0.0,154.0,,,31669.0,16071.0,16071.0,,,0.6829,0.439,9500,31349.0,0.487
377193,UCAS University of Cosmetology Arts & Sciences,San Antonio,TX,6,3,1,1,11.0,0.0,24.0,,,,,,,,0.4348,0.3913,4384,13862.0,1.0
377218,School of Automotive Machinists & Technology,Houston,TX,6,3,1,2,11.0,0.0,88.0,0.6857,,,,,,,0.4148,0.2444,9500,57529.0,0.0227
377272,Nuvani Institute,San Antonio,TX,6,3,1,1,11.0,0.0,12.0,,,,,,,,0.8621,0.0,3862,19484.0,0.9167
377281,Nuvani Institute,Eagle Pass,TX,6,3,1,1,13.0,0.0,77.0,,,,,,,,0.8854,0.7813,4242,22354.0,0.9091
377315,Texas College of Cosmetology-Abilene,Abilene,TX,6,3,1,1,12.0,0.0,40.0,,,,,,,,0.614,0.6082,5500,21685.0,1.0
377449,Centura College-Newport News,Newport News,VA,5,3,1,1,12.0,0.0,203.0,,,31642.0,16637.0,16637.0,,,0.6,0.3571,10054,25930.0,0.5813
377458,Centura College-Norfolk,Norfolk,VA,5,3,1,2,12.0,0.0,163.0,,,36328.0,16637.0,16637.0,,,0.5544,0.4249,10054,25930.0,0.5644
377485,Virginia Beach City Public Schools School of Practical Nursing,Virginia Beach,VA,5,1,1,1,11.0,0.0,29.0,,,,,,,,0.254,0.0,PS,,0.7931
377546,Northwest College of Art & Design,Tacoma,WA,8,3,3,3,12.0,0.0,139.0,0.6598,,30038.0,18100.0,18100.0,0.5769,0.7679,0.5067,0.48,29030,31167.0,0.6835
377555,University of Washington-Bothell Campus,Bothell,WA,8,1,3,4,21.0,0.0,5457.0,0.906,,26908.0,12919.0,43155.0,0.6532,0.8584,0.2864,0.1989,12375,78466.0,0.4565
377564,University of Washington-Tacoma Campus,Tacoma,WA,8,1,3,4,12.0,0.0,4185.0,0.8252,,25346.0,13168.0,43404.0,0.6324,0.7997,0.3966,0.2733,12375,78466.0,0.471
377643,Huntington School of Beauty Culture,Huntington,WV,5,3,1,1,22.0,0.0,111.0,,,,,,,,0.5212,0.2848,PS,24794.0,0.9459
377652,Valley College-Beckley,Beckley,WV,5,2,1,2,13.0,0.0,165.0,,,,,,,,0.7407,0.8074,6843,24070.0,0.9758
377661,Valley College-Martinsburg,Martinsburg,WV,5,2,1,3,22.0,0.0,765.0,,,,,,0.6643,0.5,0.7545,0.8233,9418,24900.0,0.8706
377722,Bellus Academy-Poway,Poway,CA,8,3,1,1,21.0,0.0,324.0,,,,,,,,0.4753,0.4638,6333,25223.0,0.9321
377759,Capstone College,Pasadena,CA,8,3,1,1,12.0,0.0,148.0,,,,,,,,0.4609,0.4815,9296,35348.0,0.0135
378105,Central Coast College,Salinas,CA,8,3,1,2,12.0,0.0,569.0,,,,,,,,0.5087,0.5239,5503,40823.0,0.9455
378576,Pacific College of Health and Science,San Diego,CA,8,3,1,4,11.0,0.0,143.0,,,54944.0,11000.0,11000.0,0.7692,,0.2995,0.4264,9500,26209.0,0.7343
378886,Artistic Nails and Beauty Academy-Tampa,Tampa,FL,5,3,1,1,11.0,0.0,253.0,,,,,,,,0.5486,0.545,6333,20948.0,0.6838
378956,National Aviation Academy of Tampa Bay,Clearwater,FL,5,3,1,1,21.0,0.0,713.0,,,,,,,,0.5447,0.667,21313,59029.0,0.0729
379621,Madison Oneida BOCES-Practical Nursing Program,Verona,NY,2,1,1,1,42.0,0.0,113.0,1.0,,,,,,,0.7857,0.9375,9052,41169.0,0.8938
379746,College of Health Care Professions,Houston,TX,6,3,1,2,11.0,0.0,631.0,,,,,,,,0.729,0.7256,9473,33070.0,0.9414
379782,Center for Advanced Legal Studies,Houston,TX,6,3,1,3,11.0,0.0,271.0,,,,,,0.6154,,0.4439,0.6332,9395,56561.0,0.8967
380067,Houston Training School-Main Campus,Houston,TX,6,3,1,1,21.0,0.0,198.0,,,,,,,,0.9408,0.0,PS,18991.0,0.9848
380359,Bay Mills Community College,Brimley,MI,3,1,1,3,42.0,0.0,662.0,,,12043.0,3480.0,3480.0,0.3023,,0.4419,0.0,PS,30048.0,0.8399
380368,Fond du Lac Tribal and Community College,Cloquet,MN,4,1,2,3,31.0,0.0,557.0,,,19659.0,6006.0,6006.0,0.2566,0.4384,0.1624,0.1092,9500,45665.0,0.6553
380377,Northwest Indian College,Bellingham,WA,8,1,2,3,22.0,0.0,629.0,,,10551.0,4365.0,4365.0,0.1806,0.55,0.523,0.0,PS,35447.0,0.7377
380438,Provo College,Provo,UT,7,3,3,3,12.0,0.0,669.0,,,30099.0,16548.0,16548.0,0.5135,0.6667,0.3106,0.4298,24262,39645.0,0.8819
381255,CET-Coachella,Coachella,CA,8,2,1,1,21.0,0.0,96.0,,,,,,,,0.592,0.4,6729,32986.0,0.1667
381282,CET-Oxnard,Oxnard,CA,8,2,1,1,12.0,0.0,95.0,,,,,,,,0.2465,0.1127,6729,32986.0,0.5684
381325,CET-Santa Maria,Santa Maria,CA,8,2,1,1,12.0,0.0,142.0,,,,,,,,0.5885,0.1244,6729,32986.0,0.6338
381352,Colorado Chinese Medicine University,Denver,CO,7,3,4,4,11.0,0.0,,,,,,,,,,,PS,,
381370,Michigan College of Beauty-Troy,Troy,MI,3,3,1,1,13.0,0.0,230.0,,,,,,,,0.7553,0.8324,6333,22058.0,0.9739
381404,Ogle School Hair Skin Nails-Dallas,Dallas,TX,6,3,1,1,11.0,0.0,415.0,,,,,,,,0.717,0.5645,7369,26885.0,0.959
381459,Phoenix Seminary,Scottsdale,AZ,6,2,4,4,12.0,0.0,,,,,,,,,,,PS,,
381486,Faust Institute of Cosmetology-Spirit Lake,Spirit Lake,IA,4,3,1,1,33.0,0.0,22.0,,,,,,,,0.4231,0.3846,6375,23784.0,1.0
381699,Cheeks Beauty Academy,Loveland,CO,7,3,1,1,21.0,0.0,46.0,,,,,,,,0.5577,0.5,6333,25459.0,0.9783
381732,Colorado School of Healing Arts,Lakewood,CO,7,3,1,1,21.0,0.0,52.0,,,,11764.0,11764.0,,,0.4667,0.5833,7459,33444.0,0.7308
382258,Mt. Diablo Adult Education-Mt. Diablo USD,Concord,CA,8,1,1,1,21.0,0.0,172.0,,,,,,,,0.303,0.0,PS,40175.0,0.6628
382416,Greater Lowell Technical School,Tyngsboro,MA,1,1,1,1,21.0,0.0,80.0,0.75,,,,,,,0.3049,0.2805,7833,,0.825
382461,Academy of Hair Design-Pearl,Pearl,MS,5,3,1,1,21.0,0.0,43.0,,,,,,,,0.7966,0.6949,6500,19921.0,1.0
382780,Genesis Career College-Lebanon,Lebanon,TN,5,3,1,1,31.0,0.0,96.0,,,,,,,,0.8375,0.8313,8857,24977.0,0.8333
382911,Southwest College for the Deaf,Big Spring,TX,6,1,1,2,33.0,0.0,47.0,,,13318.0,2766.0,14746.0,,,0.7447,0.0638,6250,38382.0,0.5319
382957,Fortis College-Richmond,Richmond,VA,5,3,1,2,21.0,0.0,502.0,,,31646.0,15688.0,15688.0,,,0.7568,0.67,9396,32754.0,0.5219
383020,Midwest College of Oriental Medicine-Racine,Racine,WI,3,3,1,4,13.0,0.0,1.0,,,,,,,,,,15000,44136.0,0.0
383084,Hacienda La Puente Adult Education,La Puente,CA,8,1,1,1,21.0,0.0,491.0,1.0,,,,,,,0.3516,0.0,PS,39271.0,0.6415
383163,La Belle Beauty Academy,Miami,FL,5,3,1,1,11.0,0.0,106.0,,,,,,,,0.4025,0.4025,5909,16212.0,0.9811
383190,Hawaii Community College,Hilo,HI,8,1,2,2,33.0,0.0,1546.0,,,15702.0,3204.0,8340.0,,,0.2876,0.0544,6101,34891.0,0.5809
383279,Robert Fiance Beauty Schools-North Plainfield,North Plainfield,NJ,2,3,1,1,21.0,0.0,190.0,,,,,,,,0.4369,0.5085,6333,24509.0,0.8684
383297,Long Island Beauty School-Hauppauge,Hauppauge,NY,2,3,1,1,21.0,0.0,232.0,,,,,,,,0.218,0.2371,5500,26900.0,0.9698
383312,Buckeye Joint Vocational School,New Philadelphia,OH,3,1,1,1,41.0,0.0,80.0,,,,,,,,0.4878,0.0,PS,35889.0,0.6625
383330,Sandusky Career Center,Sandusky,OH,3,1,1,1,13.0,0.0,88.0,,,,,,,,0.6057,0.6743,12773,40504.0,0.6932
383367,Greater Altoona Career & Technology Center,Altoona,PA,2,1,1,1,13.0,0.0,220.0,,,,,,,,0.515,0.46,9438,38008.0,0.7182
383464,Central Texas Beauty College-Temple,Temple,TX,6,3,1,1,13.0,0.0,32.0,,,,,,,,0.7725,0.0,PS,23338.0,0.9375
383525,Erie 2 Chautauqua Cattaraugus BOCES-Practical Nursing Program,Angola,NY,2,1,1,1,32.0,0.0,24.0,,,,,,,,0.597,0.3134,PS,47270.0,0.8333
383996,Eastern New Mexico University Ruidoso Branch Community College,Ruidoso,NM,6,1,1,2,33.0,0.0,377.0,,,9907.0,1372.0,3268.0,,,0.1409,0.0054,11000,38550.0,0.7109
384236,UEI College-Ontario,Ontario,CA,8,3,1,1,12.0,0.0,1045.0,,,,,,,,0.7092,0.7505,9500,31141.0,0.3876
384245,UEI College-Reseda,Reseda,CA,8,3,1,1,11.0,0.0,1201.0,,,,,,,,0.728,0.758,9500,31141.0,0.2998
384254,Beacon College,Leesburg,FL,5,2,3,3,22.0,0.0,506.0,0.4347,,70775.0,51680.0,51680.0,0.6023,0.8492,0.2353,0.3491,18500,29420.0,0.3518
384306,Acupuncture and Integrative Medicine College-Berkeley,Berkeley,CA,8,2,4,4,12.0,0.0,,,,,,,,,,,PS,,
384333,Estrella Mountain Community College,Avondale,AZ,6,1,1,2,21.0,0.0,4512.0,,,18040.0,2358.0,8958.0,,,0.2358,0.0702,4670,44356.0,0.629
384342,Heartland Community College,Normal,IL,3,1,1,2,22.0,0.0,2997.0,,,16727.0,5550.0,13110.0,,,0.2073,0.0753,5500,40768.0,0.5666
384412,University of the Potomac-Washington DC Campus,Washington,DC,2,3,2,4,11.0,0.0,809.0,,,,6660.0,6660.0,0.3333,0.8,0.2444,0.094,7500,34961.0,0.6218
384421,Rabbi Jacob Joseph School,Edison,NJ,2,2,3,3,21.0,0.0,115.0,0.9167,,22600.0,12700.0,12700.0,0.0,0.9677,0.2292,0.0,PS,,0.0
385132,The Salon Professional Academy-Melbourne,Melbourne,FL,5,3,1,1,13.0,0.0,163.0,,,,,,,,0.4632,0.5421,6333,16515.0,0.9387
385415,Albert Einstein College of Medicine,Bronx,NY,2,2,4,4,11.0,0.0,,,,,,,,,,,,,
385503,Fortis Institute-Scranton,Scranton,PA,2,3,1,2,13.0,0.0,372.0,,,29552.0,15348.0,15348.0,,,0.7136,0.7379,8063,30224.0,0.7097
385619,Everglades University,Boca Raton,FL,5,2,3,4,13.0,0.0,2789.0,0.8145,,38913.0,21680.0,21680.0,0.6136,0.7365,0.7201,0.7396,18950,47597.0,0.502
386153,Seminar L'moros Bais Yaakov,Brooklyn,NY,2,2,1,2,11.0,0.0,449.0,0.844,,31285.0,12500.0,12500.0,,,0.7601,0.0,PS,24366.0,1.0
386472,Herzing University-Orlando,Winter Park,FL,5,2,2,4,21.0,0.0,714.0,0.942,,26664.0,13450.0,13450.0,0.3714,0.4,0.6496,0.8077,11756,36909.0,0.8221
387925,Cortiva Institute,Maitland,FL,5,3,1,1,13.0,0.0,0.0,,,,,,,,0.5241,0.5,6500,27193.0,0.0
388520,College of Biblical Studies-Houston,Houston,TX,6,2,3,3,11.0,0.0,419.0,,,11523.0,9350.0,9350.0,0.4,1.0,0.3817,0.2178,14750,39260.0,0.3962
389745,Mercaz Hatorah of Belle Harbor,Belle Harbor,NY,2,2,2,3,,0.0,,,,,,,,,,,,,
389860,Mid-EastCTC-Adult Education,Zanesville,OH,3,1,1,1,41.0,0.0,356.0,,,,,,,,0.3185,0.3252,7063,40416.0,0.4775
390905,Polaris Career Center,Middleburg Heights,OH,3,1,1,1,21.0,0.0,300.0,,,,,,,,0.4437,0.3169,5500,38718.0,0.5333
391005,P&A Scholars Beauty School,Detroit,MI,3,3,1,1,11.0,0.0,90.0,,,,,,,,0.6438,0.4292,6333,20249.0,0.9667
391759,Sharp's Academy of Hairstyling,Grand Blanc,MI,3,3,1,1,21.0,0.0,16.0,,,,,,,,0.5,0.4667,PS,16266.0,0.875
392257,The College of Health Care Professions-Northwest,Houston,TX,6,3,1,3,11.0,0.0,4530.0,,,,,,0.4673,,0.6423,0.6801,9473,33070.0,0.9338
392354,School of Professional Horticulture New York Botanical Garden,Bronx,NY,2,2,1,1,11.0,0.0,14.0,0.0,,,8750.0,8750.0,,,0.0,0.0556,PS,,0.3571
392415,Fortis College,Houston,TX,6,3,1,1,11.0,0.0,455.0,,,,,,,,0.8505,0.7673,6333,33193.0,0.5912
393649,UEI College-Gardena,Gardena,CA,8,3,1,2,11.0,0.0,1332.0,,,,,,,,0.757,0.7855,9433,30848.0,0.4279
393861,Asian-American International Beauty College,Westminster,CA,8,3,1,1,21.0,0.0,442.0,,,,,,,,0.2837,0.0,PS,12610.0,0.8484
395362,Copper Mountain Community College,Joshua Tree,CA,8,1,2,2,42.0,0.0,1323.0,,,18216.0,1390.0,13570.0,,,0.4442,0.0315,9250,33281.0,0.6795
395690,Diversified Vocational College,Los Angeles,CA,8,3,1,1,11.0,0.0,264.0,,,,,,,,0.7865,0.4074,9500,25328.0,0.2879
397942,UEI College-Fresno,Fresno,CA,8,3,1,1,11.0,0.0,1009.0,,,,,,,,0.7317,0.7559,9445,27688.0,0.5828
399212,Santiago Canyon College,Orange,CA,8,1,2,2,12.0,0.0,10579.0,,,13818.0,1164.0,9612.0,,,0.1109,0.0063,4500,44956.0,0.346
399869,Southern California Institute of Technology,Anaheim,CA,8,3,1,3,11.0,0.0,508.0,0.7419,,37992.0,20515.0,20515.0,0.7404,1.0,0.6167,0.6262,10651,53598.0,0.0551
399911,Soka University of America,Aliso Viejo,CA,8,2,3,4,21.0,0.0,484.0,0.4338,1440.0,55064.0,38728.0,38728.0,0.9182,0.9048,0.2043,0.372,15250,55017.0,0.6178
400080,Summit College,San Bernardino,CA,8,3,1,1,12.0,0.0,989.0,,,,,,,,0.6899,0.6054,7600,40187.0,0.2305
400187,Advance Beauty College,Garden Grove,CA,8,3,1,1,21.0,0.0,346.0,,,,,,,,0.5591,0.0,PS,11575.0,0.9046
400558,Los Angeles Pacific College,Los Angeles,CA,8,3,1,2,11.0,0.0,78.0,,,,7260.0,7260.0,,,0.0,0.0,,,0.5385
401223,World Mission University,Los Angeles,CA,8,2,3,4,11.0,0.0,207.0,,,22505.0,6920.0,6920.0,1.0,1.0,0.4111,0.0222,PS,,0.6957
401250,Yo San University of Traditional Chinese Medicine,Los Angeles,CA,8,2,4,4,21.0,0.0,,,,,,,,,,,PS,,
401764,John Amico School of Hair Design,Oak Forest,IL,3,3,1,1,21.0,0.0,162.0,,,,,,,,0.6473,0.5892,7917,,0.963
402563,Delta College Inc,Covington,LA,5,3,1,1,22.0,0.0,155.0,,,,,,,,0.6691,0.64,6200,32044.0,0.9097
402800,Tri-State Cosmetology Institute,El Paso,TX,6,3,1,1,11.0,0.0,126.0,,,,,,,,0.6651,0.5933,5432,18157.0,0.9603
404055,Brookline College-Tempe,Tempe,AZ,6,3,2,2,12.0,0.0,282.0,,,,,,,,0.5821,0.5771,9500,29576.0,0.8972
404222,Inter American University of Puerto Rico-School of Optometry,Bayamon,PR,9,2,4,4,12.0,0.0,,,,,,,,,,,PS,,
404338,Schiller International University,Tampa,FL,5,3,3,4,11.0,0.0,43.0,,,,13680.0,13680.0,0.3333,0.625,0.0571,0.1143,23224,35529.0,0.3721
404426,Coconino Community College,Flagstaff,AZ,6,1,1,2,41.0,0.0,2426.0,,,19844.0,2907.0,9987.0,,,0.1257,0.0538,5500,40420.0,0.5569
404684,Emma's Beauty Academy-Juana Diaz,Juana Diaz,PR,9,3,1,1,23.0,0.0,339.0,,,,,,,,0.8399,0.0,PS,17034.0,0.6903
404718,Brillare Beauty Institute,Cleveland,TN,5,2,1,1,13.0,0.0,265.0,,,,,,,,0.7163,0.7163,5107,24728.0,0.9811
404912,Pima Medical Institute-Denver,Denver,CO,7,3,1,2,21.0,0.0,664.0,,,,,,,,0.4266,0.5016,9500,38673.0,0.8148
405012,Ohio State School of Cosmetology-Heath,Heath,OH,3,3,1,1,23.0,0.0,86.0,,,,,,,,0.3622,0.6457,5831,25078.0,0.9767
405058,Yeshivas Novominsk,Brooklyn,NY,2,2,2,3,11.0,0.0,157.0,0.9038,,17880.0,8640.0,8640.0,0.8077,0.8261,0.3436,0.0,PS,,0.0
405076,Southern Careers Institute-Corpus Christi,Corpus Christi,TX,6,3,1,2,11.0,0.0,578.0,,,,,,,,0.6941,0.6419,7389,27035.0,0.7889
405854,Rabbinical College of Ohr Shimon Yisroel,Brooklyn,NY,2,2,3,3,11.0,0.0,232.0,,,41283.0,22300.0,22300.0,0.4118,0.6154,0.8455,0.0,PS,,0.0
405872,Carroll Community College,Westminster,MD,2,1,2,2,31.0,0.0,1990.0,,,8628.0,4308.0,10158.0,,,0.1517,0.0446,7769,44349.0,0.5764
406024,Galen College of Nursing-Tampa Bay,Saint Petersburg,FL,5,3,2,3,11.0,0.0,1465.0,,,34369.0,17048.0,17048.0,0.6333,0.5385,0.4916,0.8157,16500,61480.0,0.8717
406033,Galen College of Nursing-San Antonio,San Antonio,TX,6,3,2,3,11.0,0.0,2953.0,,,34565.0,17048.0,17048.0,0.8088,0.6129,0.5546,0.8188,16500,61480.0,0.8537
406149,Sarasota School of Massage Therapy,Sarasota,FL,5,3,1,1,21.0,0.0,82.0,,,,,,,,0.5424,0.822,7916,30237.0,0.7317
406325,Schuyler Steuben Chemung Tioga Allegany BOCES,Elmira,NY,2,1,1,1,41.0,0.0,166.0,,,,,,,,0.6216,0.7351,9323,43956.0,0.8193
406361,Delaware Chenango Madison Otsego BOCES-Practical Nursing Program,Norwich,NY,2,1,1,1,41.0,0.0,31.0,,,,,,,,0.6471,0.8235,PS,48116.0,0.9355
406422,Central Susquehanna Intermediate Unit LPN Career,Milton,PA,2,1,1,1,41.0,0.0,98.0,0.6667,,,,,,,0.5847,0.6102,9500,49686.0,0.898
407090,G Skin & Beauty Institute,Oakbrook,IL,3,3,1,1,21.0,0.0,337.0,,,,,,,,0.6095,0.6012,5396,32281.0,0.9852
407142,Cosmetology Training Center,Lafayette,LA,5,3,1,1,12.0,0.0,125.0,,,,,,,,0.5705,0.5577,7350,16194.0,0.984
407151,Stage One-The Hair School,Lake Charles,LA,5,3,1,1,13.0,0.0,66.0,,,,,,,,0.72,0.6,8250,17390.0,1.0
407179,Empire Beauty School-Malden,Malden,MA,1,3,1,1,21.0,0.0,95.0,,,,,,,,0.5731,0.5029,7851,23921.0,0.9684
407355,Xenon A Stephanie Moss Academy,Omaha,NE,4,3,1,1,11.0,0.0,241.0,,,,,,,,0.5339,0.4972,6333,28953.0,0.8714
407434,Orlo School of Hair Design and Cosmetology,Albany,NY,2,3,1,1,12.0,0.0,56.0,,,,,,,,0.3736,0.5385,5500,32014.0,0.9464
407461,Eastland-Fairfield Career and Technical Schools,Groveport,OH,3,1,1,1,21.0,0.0,115.0,,,,,,,,0.5146,0.6505,5500,43780.0,0.3652
407470,Empire Beauty School-Cincinnati,Cincinnati,OH,3,3,1,1,21.0,0.0,168.0,,,,,,,,0.6928,0.5563,6155,23743.0,0.9583
407489,Mahoning County Career and Technical Center,Canfield,OH,3,1,1,1,21.0,0.0,80.0,,,,,,,,0.1119,0.0746,5500,37526.0,0.375
407498,Maplewood Area Joint Vocational School,Ravenna,OH,3,1,1,1,,0.0,,,,,,,,,,,,,
407513,Pickaway Ross Joint Vocational School District,Chillicothe,OH,3,1,1,1,32.0,0.0,145.0,,,,,,,,0.368,0.2954,5500,46485.0,0.5034
407522,Pioneer Career and Technology Center,Shelby,OH,3,1,1,1,31.0,0.0,63.0,,,,,,,,0.0254,0.0,PS,32219.0,0.6349
407568,Raphael's School of Beauty Culture Inc-Boardman,Boardman,OH,3,3,1,1,21.0,0.0,129.0,,,,,,,,0.5502,0.5024,5500,22437.0,0.9535
407577,Scioto County Career Technical Center,Lucasville,OH,3,1,1,1,42.0,0.0,175.0,,,,,,,,0.6649,0.3777,5500,40584.0,0.6857
407610,Pacific Bible College,Medford,OR,8,2,3,3,13.0,0.0,22.0,1.0,,28080.0,7168.0,7168.0,0.0,,0.4082,0.0,PS,,0.4545
407629,Lake Erie College of Osteopathic Medicine,Erie,PA,2,2,1,4,13.0,0.0,4.0,,,,,,,,0.0,1.0,PS,,1.0
407683,UCAS University of Cosmetology Arts & Sciences-Harlingen,Harlingen,TX,6,3,1,1,13.0,0.0,87.0,,,,,,,,0.9701,0.7612,6083,19880.0,0.9885
407708,Paul Mitchell the School-Federal Way,Federal Way,WA,8,3,1,1,21.0,0.0,147.0,,,,,,,,0.4163,0.5167,7780,31123.0,0.9456
407735,Empire Beauty School-Green Bay,Ashwaubenon,WI,3,3,1,1,22.0,0.0,100.0,,,,,,,,0.4823,0.5177,6333,23589.0,0.95
407832,Warren County Career Center,Lebanon,OH,3,1,1,1,41.0,0.0,263.0,,,,,,,,0.1492,0.2155,5500,49016.0,0.3384
408066,Paul Mitchell the School-Wichita,Wichita,KS,4,3,1,1,11.0,0.0,163.0,,,,,,,,0.625,0.6176,9500,31553.0,0.6135
408163,Pinnacle Institute of Cosmetology,Mooresville,NC,5,3,1,1,13.0,0.0,18.0,,,,,,,,0.396,0.6238,9833,22786.0,1.0
408385,Southern Careers Institute-Pharr,Pharr,TX,6,3,1,2,13.0,0.0,596.0,,,,,,,,0.7426,0.6974,7389,27035.0,0.6057
408844,Florida National University-Main Campus,Hialeah,FL,5,3,2,4,21.0,0.0,2449.0,,,33447.0,17368.0,17368.0,0.3119,0.7669,0.8546,0.7715,16492,33928.0,0.7305
408862,Georgia Institute of Cosmetology,Athens,GA,5,3,1,1,12.0,0.0,200.0,,,,,,,,0.7821,0.8776,9500,21432.0,0.96
409032,Nouvelle Institute,Miami,FL,5,3,1,1,11.0,0.0,75.0,,,,,,,,1.0,0.0,PS,16138.0,0.9733
409120,Franklin Technology Center Adult Education,Joplin,MO,4,1,1,1,13.0,0.0,91.0,,,,,,,,0.7679,0.6071,7600,36700.0,0.6374
409193,Professional Technical Institution,Bayamon,PR,9,3,1,1,12.0,0.0,181.0,,,,,,,,1.0,0.0,PS,24336.0,0.0497
409254,Erikson Institute,Chicago,IL,3,2,4,4,11.0,0.0,,,,,,,,,,,PS,,
409315,South Texas College,McAllen,TX,6,1,2,3,12.0,0.0,15856.0,,,9561.0,4920.0,7620.0,0.2729,0.5846,0.388,0.0,PS,36788.0,0.5791
409537,Pike County Joint Vocational School District,Piketon,OH,3,1,1,1,42.0,0.0,39.0,,,,,,,,0.0,0.0,PS,44689.0,0.4359
409591,Lorain County Joint Vocational School District,Oberlin,OH,3,1,1,1,41.0,0.0,87.0,,,,,,,,0.3333,0.2024,3242,35776.0,0.6552
409616,Roger Williams University School of Law,Bristol,RI,1,2,4,4,21.0,0.0,,,,,,,,,,,19500,70266.0,
409698,California State University-Monterey Bay,Seaside,CA,8,1,3,4,22.0,0.0,6819.0,0.974,,26987.0,7779.0,20379.0,0.5909,0.7987,0.4317,0.2848,11000,59247.0,0.5947
410797,Ohio Media School-Valley View,Valley View,OH,3,3,1,1,21.0,0.0,88.0,,,,,,,,0.7192,0.7385,9500,37423.0,0.4659
410964,EINE Inc,Tewksbury,MA,1,3,1,1,21.0,0.0,47.0,,,,,,,,0.2727,0.3636,9500,,0.9149
411684,Marian Health Careers Center-Los Angeles Campus,Los Angeles,CA,8,3,1,1,11.0,0.0,150.0,,,,,,,,0.5745,0.7021,10916,63612.0,0.7667
411754,Cleveland Clinic School of Health Professions Radiologic Technology Program,Beachwood,OH,3,2,1,1,21.0,0.0,38.0,,,,,,,,0.3103,0.5517,11658,,0.8684
412173,Academy for Nursing and Health Occupations,West Palm Beach,FL,5,2,2,2,21.0,0.0,558.0,,,,,,,,0.6116,0.6847,15715,47039.0,0.914
412535,Shawsheen Valley School of Practical Nursing,Billerica,MA,1,1,1,1,21.0,0.0,37.0,,,,,,,,0.5429,0.7143,4750,,0.7568
412544,Shear Ego International School of Hair Design,Rochester,NY,2,3,1,1,21.0,0.0,204.0,,,,,,,,0.3262,0.3156,6333,,0.9167
412599,Remington College-Memphis Campus,Memphis,TN,5,2,1,2,11.0,0.0,331.0,,,32443.0,17083.0,17083.0,,,0.7311,0.4935,9500,31349.0,0.6798
413176,Fayette Institute of Technology,Oak Hill,WV,5,1,1,1,23.0,0.0,32.0,,,,,,,,0.5676,0.0,PS,41880.0,0.4375
413413,Capella University,Minneapolis,MN,4,3,3,4,11.0,0.0,18364.0,,,22820.0,14400.0,14400.0,0.2,0.4167,0.3853,0.4709,8814,42189.0,0.849
413617,College of Menominee Nation,Keshena,WI,3,2,2,3,42.0,0.0,258.0,,,16144.0,6200.0,6200.0,0.3171,,0.6347,0.0,PS,25853.0,0.6202
413626,Leech Lake Tribal College,Cass Lake,MN,4,1,2,2,42.0,0.0,197.0,,,16717.0,4850.0,4850.0,,,0.7565,0.0,PS,,0.6244
413680,Spartan College of Aeronautics & Technology,Inglewood,CA,8,3,1,2,21.0,0.0,411.0,,,,,,,,0.3996,0.4252,20000,61575.0,0.0511
413820,Yukon Beauty College Inc,Yukon,OK,6,3,1,1,21.0,0.0,9.0,,,,,,,,0.641,0.641,9500,19950.0,1.0
413893,United Education Institute-Morrow,Morrow,GA,5,3,1,1,21.0,0.0,1160.0,,,,,,,,0.7708,0.7763,9500,31141.0,0.5241
414063,Artistic Academy of Hair Design,Morris Plains,NJ,2,3,1,1,21.0,0.0,88.0,,,,,,,,0.2741,0.4444,5500,34266.0,0.9773
414124,Motoring Technical Training Institute,Seekonk,MA,1,3,1,1,21.0,0.0,312.0,,,,,,,,0.4956,0.4991,9350,48281.0,0.2372
414461,Mech-Tech College,Caguas,PR,9,3,1,2,13.0,0.0,2302.0,,,18206.0,11394.0,11394.0,,,0.9234,0.0931,3008,24967.0,0.0621
414489,Baldwin Beauty School-North Austin,Austin,TX,6,3,1,1,11.0,0.0,78.0,,,,,,,,0.6893,0.534,5500,24801.0,0.9744
414540,Jean Madeline Aveda Institute,Philadelphia,PA,2,3,1,1,11.0,0.0,244.0,,,,,,,,0.3797,0.5071,8028,26029.0,0.9836
414595,Pacific College of Health and Science,New York,NY,2,3,2,4,11.0,0.0,330.0,,,59356.0,15804.0,15804.0,0.5556,,0.228,0.3648,9500,26209.0,0.8364
414869,Tricoci University of Beauty Culture-Indianapolis,Indianapolis,IN,3,3,1,1,21.0,0.0,346.0,,,,,,,,0.6025,0.6025,6333,26446.0,0.9682
414878,Trine University-Regional/Non-Traditional Campuses,Angola,IN,3,2,3,4,32.0,0.0,607.0,0.3986,,26786.0,7176.0,7176.0,0.0,1.0,0.1802,0.1959,18500,57165.0,0.5601
414911,Pennsylvania Highlands Community College,Johnstown,PA,2,1,2,2,41.0,0.0,788.0,,,12306.0,7110.0,13350.0,,,0.1767,0.1321,6211,38752.0,0.6142
414939,Nevada Career Institute,Las Vegas,NV,8,3,1,2,11.0,0.0,461.0,,,,,,,,0.6139,0.7517,9321,41472.0,0.8677
414966,Phillips Theological Seminary,Tulsa,OK,6,2,4,4,11.0,0.0,,,,,,,,,,,PS,,
415039,Empire Beauty School-Hanover,Hanover,PA,2,3,1,1,13.0,0.0,55.0,,,,,,,,0.5581,0.5814,7050,24407.0,1.0
415057,Industrial Management Training Institute,Waterbury,CT,1,3,1,1,12.0,0.0,114.0,,,,,,,,0.3611,0.3889,8490,55344.0,0.0175
415987,Allen School-Jamaica,Jamaica,NY,2,3,1,1,11.0,0.0,67.0,,,,,,,,0.9677,0.9309,9500,34186.0,0.9403
416458,Premiere Career College,Irwindale,CA,8,3,1,2,21.0,0.0,105.0,,,,,,,,0.8111,0.6111,13818,41270.0,0.7905
416801,The University of Texas MD Anderson Cancer Center,Houston,TX,6,1,3,4,11.0,0.0,334.0,,,,,,,,0.3416,0.3416,12500,90232.0,0.7844
417062,Estes Institute of Cosmetology Arts and Science,Visalia,CA,8,3,1,1,12.0,0.0,41.0,,,,,,,,0.4353,0.3294,7000,26965.0,0.9756
417105,Baldwin Park Adult & Community Education,Baldwin Park,CA,8,1,1,1,21.0,0.0,426.0,,,,,,,,0.3615,0.0,PS,32069.0,0.2793
417123,Ventura Adult and Continuing Education,Ventura,CA,8,1,1,1,12.0,0.0,74.0,,,,,,,,0.4663,0.0675,3920,38232.0,0.5541
417442,Career Center of Southern Illinois,Red Bud,IL,3,1,1,1,42.0,0.0,36.0,0.5652,,,,,,,0.7411,0.8214,10221,48452.0,0.9444
417503,Crave Beauty Academy,Wichita,KS,4,3,1,1,11.0,0.0,303.0,,,,,,,,0.3944,0.4763,7917,26589.0,1.0
417600,Hastings Beauty School,Hastings,MN,4,3,1,1,31.0,0.0,22.0,,,,,,,,0.4865,0.5946,9500,26258.0,0.9091
417628,Kirksville Area Technical Center,Kirksville,MO,4,1,1,1,33.0,0.0,22.0,0.6154,,,,,,,0.619,0.1429,9000,40517.0,0.7273
417637,Southern Missouri Technical Institute,West Plains,MO,4,1,1,1,33.0,0.0,90.0,,,,,,,,0.6,0.2769,8994,31460.0,0.5111
417646,Saline County Career Center,Marshall,MO,4,1,1,1,33.0,0.0,23.0,0.5,,,,,,,0.8261,0.8696,11602,37200.0,1.0
417655,Warrensburg Area Career Center,Warrensburg,MO,4,1,1,1,32.0,0.0,31.0,1.0,,,,,,,0.5217,0.6522,PS,37242.0,0.9677
417682,Cass Career Center,Harrisonville,MO,4,1,1,1,32.0,0.0,27.0,1.0,,,,,,,0.6,0.8,9500,52545.0,0.963
417716,Applied Tech,Sunset Hills,MO,4,1,1,1,21.0,0.0,172.0,0.4074,,,,,,,0.5575,0.708,14750,56508.0,0.936
417725,Central College of Cosmetology,Saint Robert,MO,4,3,1,1,33.0,0.0,61.0,,,,,,,,0.3784,0.0,PS,22821.0,0.9836
417734,Southeast Missouri Hospital College of Nursing and Health Sciences,Cape Girardeau,MO,4,2,2,3,13.0,0.0,200.0,1.0,1020.0,24592.0,11064.0,11064.0,0.75,,0.4247,0.6096,9860,60918.0,0.875
417752,Messenger College,Bedford,TX,6,2,3,3,21.0,0.0,24.0,0.375,,29881.0,11620.0,11620.0,1.0,0.5714,0.8148,0.963,27000,29463.0,0.6667
417831,Union County Vocational Technical School,Scotch Plains,NJ,2,1,1,1,21.0,0.0,88.0,,,,,,,,0.2569,0.0139,PS,37590.0,0.3182
417840,Prism Career Institute-Philadelphia,Philadelphia,PA,2,3,1,1,11.0,0.0,468.0,,,,,,,,0.7976,0.6661,16645,32473.0,0.9359
417868,Clinton Essex Warren Washington BOCES,Plattsburgh,NY,2,1,1,1,32.0,0.0,31.0,0.3111,,,,,,,0.4286,0.2286,7100,,0.9355
417886,Jefferson Lewis BOCES-Practical Nursing Program,Watertown,NY,2,1,1,1,41.0,0.0,23.0,,,,22972.0,22972.0,,,0.7826,0.8261,4750,47886.0,0.913
417910,Veeb Nassau County School of Practical Nursing,Hicksville,NY,2,1,1,1,21.0,0.0,193.0,,,45829.0,20230.0,20230.0,,,0.2835,0.3892,9500,62185.0,0.7927
417983,Cattaraugus Allegany BOCES-Practical Nursing Program,Olean,NY,2,1,1,1,41.0,0.0,31.0,,,,,,,,0.6522,0.7826,4386,39581.0,1.0
417992,Orange Ulster BOCES,Newburgh,NY,2,1,1,0,13.0,0.0,74.0,1.0,,,,,,,0.625,0.6667,11880,57794.0,0.9595
418010,Broome Delaware Tioga BOCES-Practical Nursing Program,Endicott,NY,2,1,1,1,22.0,0.0,99.0,0.4231,,,,,,,0.4639,0.4845,9500,53233.0,0.9495
418029,Washington Saratoga Warren Hamilton Essex BOCES-Practical Nursing Program,Hudson Falls,NY,2,1,1,1,23.0,0.0,35.0,0.8776,,,,,,,0.7632,0.9737,13000,48129.0,0.8857
418038,Albany BOCES-Adult Practical Nursing Program,Albany,NY,2,1,1,1,21.0,0.0,187.0,,,,,,,,0.7143,0.7762,9500,47733.0,0.9305
418065,Eastern Suffolk BOCES,Sayville,NY,2,1,1,1,21.0,0.0,310.0,0.7895,,,,,,,0.5308,0.4077,8550,63394.0,0.8645
418083,Rockland County BOCES-Practical Nursing Program,West Nyack,NY,2,1,1,1,21.0,0.0,37.0,,,,,,,,0.7241,1.0,6820,68647.0,0.7568
418126,New York College of Health Professions,Syosset,NY,2,2,3,4,21.0,0.0,58.0,,,,16395.0,16395.0,0.5,,0.0,0.0,17644,31601.0,0.6379
418171,Charles Stuart School of Diamond Setting,Brooklyn,NY,2,3,1,1,11.0,0.0,38.0,,,,,,,,0.0306,0.0306,PS,,0.0263
418205,Career and Technology Education Centers of Licking County,Newark,OH,3,1,1,1,23.0,0.0,237.0,,,,,,,,0.1608,0.1652,5500,38002.0,0.4262
418223,Northern Career Institute,Eastlake,OH,3,1,1,1,21.0,0.0,150.0,,,20379.0,16250.0,16250.0,,,0.8071,0.7071,9500,49073.0,0.9333
418250,Washington County Career Center-Adult Technical Training,Marietta,OH,3,1,1,1,41.0,0.0,193.0,,,,,,,,0.1924,0.0,PS,43749.0,0.3472
418269,Ohio Media School-Cincinnati,Norwood,OH,3,3,1,1,21.0,0.0,42.0,,,,,,,,0.7435,0.6217,9500,28918.0,0.4762
418278,Vantage Career Center,Van Wert,OH,3,1,1,1,32.0,0.0,104.0,,,,,,,,0.1174,0.1134,6827,33875.0,0.6538
418296,Indian Capital Technology Center-Muskogee,Muskogee,OK,6,1,1,1,32.0,0.0,1491.0,,,,,,,,0.0746,0.0,PS,33208.0,0.4487
418302,Western Technology Center,Burns Flat,OK,6,1,1,1,43.0,0.0,129.0,,,,,,,,0.1345,0.0,PS,29728.0,0.6589
418320,Mid-America Technology Center,Wayne,OK,6,1,1,1,42.0,0.0,173.0,,,,,,,,0.0278,0.0,PS,38465.0,0.4393
418348,Eastern Oklahoma County Technology Center,Choctaw,OK,6,1,1,1,41.0,0.0,115.0,,,,,,,,0.0435,0.0,PS,49311.0,0.2087
418357,Wes Watkins Technology Center,Wetumka,OK,6,1,1,1,43.0,0.0,195.0,,,,,,,,0.2039,0.0,PS,32209.0,0.5282
418409,York County School of Technology-Adult & Continuing Education,York,PA,2,1,1,1,22.0,0.0,229.0,,,,,,,,0.2047,0.1965,9500,54322.0,0.4847
418427,Chester County Intermediate Unit,Downingtown,PA,2,1,1,1,21.0,0.0,82.0,0.5833,,,,,,,0.5965,0.8333,18075,60347.0,0.939
418445,Jefferson County DuBois Area Vocational Technical School,Reynoldsville,PA,2,1,1,1,42.0,0.0,39.0,0.8049,,,,,,,0.6364,0.4773,9855,36531.0,0.7436
418454,Greater Johnstown Career and Technology Center,Johnstown,PA,2,1,1,1,41.0,0.0,105.0,,,,,,,,0.4479,0.3252,7818,48881.0,0.5238
418481,Mifflin County Academy of Science and Technology,Lewistown,PA,2,1,1,1,32.0,0.0,56.0,,,,,,,,0.6364,0.7455,9500,47765.0,0.9286
418515,Lenape Technical School Practical Nursing Program,Ford City,PA,2,1,1,1,41.0,0.0,58.0,,,,,,,,0.6852,0.6852,10223,46756.0,0.9138
418524,Venango County Area Vocational Technical School,Oil City,PA,2,1,1,1,33.0,0.0,59.0,0.3846,,,,,,,0.7077,0.9231,9500,38161.0,0.8475
418533,Lancaster County Career and Technology Center,Willow Street,PA,2,1,1,2,21.0,0.0,279.0,,,,,,,,0.5605,0.7368,11858,44566.0,0.828
418560,Indiana County Technology Center,Indiana,PA,2,1,1,1,41.0,0.0,109.0,,,,,,,,0.6198,0.6942,7600,34858.0,0.789
418588,Northern Tier Career Center,Towanda,PA,2,1,1,1,41.0,0.0,50.0,0.7451,,,,,,,0.3333,0.4762,12625,38737.0,0.96
418612,Hazleton Area Career Center,Hazle TWP.,PA,2,1,1,0,23.0,0.0,7.0,,,,,,,,0.8571,0.7143,PS,49311.0,1.0
418658,All-State Career School-Pittsburgh,West Mifflin,PA,2,3,1,1,21.0,0.0,410.0,,,,,,,,0.6725,0.5923,6333,33193.0,0.2659
418773,D'Mart Institute,Barranquitas,PR,9,3,1,1,21.0,0.0,257.0,,,,,,,,0.5921,0.0,PS,17340.0,0.5214
418782,Automeca Technical College-Aguadilla,Aguadilla,PR,9,3,1,1,22.0,0.0,246.0,,,14487.0,9095.0,9095.0,,,0.9351,0.039,3000,24632.0,0.0447
418889,North Central Institute,Clarksville,TN,5,3,1,2,12.0,0.0,61.0,,,,,,,,0.1575,0.089,PS,55027.0,0.082
418968,Tint School of Makeup and Cosmetology-Dallas,Grand Prairie,TX,6,3,1,1,21.0,0.0,220.0,,,,,,,,0.5782,0.6005,4750,26381.0,0.9909
419031,United Technical Center,Clarksburg,WV,5,1,1,1,32.0,0.0,10.0,,,11600.0,4700.0,4700.0,,,0.44,0.0,PS,49130.0,0.9
419095,Charles H McCann Technical School,North Adams,MA,1,1,1,1,41.0,0.0,41.0,,,,,,,,0.5,0.0,PS,,0.9268
419183,Central California School of Continuing Education,San Luis Obispo,CA,8,3,1,1,13.0,0.0,41.0,,,19463.0,9895.0,9895.0,,,0.5556,0.5556,5150,41223.0,0.7073
419217,HCA Florida Mercy Hospital School of Practical Nursing,Miami,FL,5,3,1,1,11.0,0.0,31.0,1.0,,,,,,,0.3548,0.0,PS,72275.0,0.871
419226,Marion Technical College,Ocala,FL,5,1,1,1,13.0,0.0,463.0,,,,,,,,0.3881,0.0,PS,36095.0,0.4665
419235,Rivertown School of Beauty Barber Skin Care and Nails,Columbus,GA,5,3,1,1,12.0,0.0,150.0,,,,,,,,0.9836,0.9385,6333,22139.0,0.7467
419244,Atlanta Institute of Music and Media,Duluth,GA,5,3,2,2,21.0,0.0,248.0,,,,,,,,0.5225,0.6847,9500,31186.0,0.2379
419253,Illinois Media School,Chicago,IL,3,3,1,1,11.0,0.0,32.0,,,,,,,,0.5532,0.5745,9500,38284.0,0.2813
419280,New Dimensions School,Joplin,MO,4,3,1,1,13.0,0.0,38.0,,,,,,,,0.5439,0.4211,8375,28050.0,1.0
419341,Jna Institute of Culinary Arts,Philadelphia,PA,2,3,1,2,11.0,0.0,15.0,,,28228.0,14575.0,14575.0,,,0.9355,1.0,8208,32286.0,0.4667
419420,Putnam Career and Technical Center,Eleanor,WV,5,1,1,1,22.0,0.0,27.0,,,,,,,,0.5079,0.0,PS,36203.0,0.7407
419633,Texas College of Cosmetology-San Angelo,San Angelon,TX,6,3,1,1,13.0,0.0,72.0,,,,,,,,0.8472,0.9097,5500,21685.0,0.9444
419703,Automeca Technical College-Bayamon,Bayamon,PR,9,3,1,1,12.0,0.0,482.0,,,13703.0,9095.0,9095.0,,,0.9542,0.1111,3000,24632.0,0.0643
419712,Automeca Technical College-Caguas,Caguas,PR,9,3,1,1,13.0,0.0,186.0,,,14262.0,9095.0,9095.0,,,0.9639,0.1649,3000,24632.0,0.1022
419721,Automeca Technical College-Ponce,Ponce,PR,9,3,1,1,12.0,0.0,310.0,,,14278.0,9095.0,9095.0,,,0.9648,0.1479,3000,24632.0,0.0742
420130,Prism Career Institute-Cherry Hill,Cherry Hill,NJ,2,3,1,1,21.0,0.0,269.0,,,,,,,,0.7616,0.6496,16645,32473.0,0.8922
420246,Sonoran University of Health Sciences,Tempe,AZ,6,2,4,4,12.0,0.0,,,,,,,,,,,PS,,
420325,Yeshiva D'monsey Rabbinical College,Monsey,NY,2,2,3,3,21.0,0.0,84.0,0.3684,,20600.0,9200.0,9200.0,0.0625,0.4848,0.7558,0.0,PS,,0.0
420343,Lincoln Technical Institute-Mahwah,Mahwah,NJ,2,3,1,1,21.0,0.0,1080.0,,,,,,,,0.497,0.6793,9524,46396.0,0.038
420398,Northwest Vista College,San Antonio,TX,6,1,2,2,11.0,0.0,13993.0,,,11932.0,3412.0,9952.0,0.3198,,0.2252,0.0242,5500,42490.0,0.5636
420431,Oconee Fall Line Technical College,Sandersville,GA,5,1,1,2,41.0,0.0,1708.0,,,24902.0,3380.0,5948.0,,,0.5715,0.0,4688,30899.0,0.695
420440,York County Community College,Wells,ME,1,1,2,2,23.0,0.0,1133.0,,,15075.0,4156.0,7036.0,,,0.2492,0.06,5500,44873.0,0.6602
420468,Western Suffolk BOCES,Northport,NY,2,1,1,1,21.0,0.0,286.0,,,,,,,,0.3607,0.4885,9500,49667.0,0.6189
420538,Arkansas State University-Mountain Home,Mountain Home,AR,5,1,1,2,33.0,0.0,925.0,,,16071.0,3312.0,4776.0,,,0.4582,0.2517,8685,34238.0,0.6422
420556,Columbia Gorge Community College,The Dalles,OR,8,1,2,2,33.0,0.0,543.0,,,18608.0,5940.0,10260.0,,,0.2921,0.1332,8778,44440.0,0.6427
420705,Bakke Graduate University,Dallas,TX,6,2,4,4,11.0,0.0,,,,,,,,,,,PS,,
420723,Tillamook Bay Community College,Tillamook,OR,8,1,2,2,32.0,0.0,294.0,,,13267.0,4896.0,5616.0,,,0.254,0.0179,6980,,0.6599
420981,Manhattan School of Computer Technology,Brooklyn,NY,2,2,1,1,11.0,0.0,1002.0,,,,,,,,0.8618,0.0024,PS,26020.0,0.7904
421513,Ross College-Hopkinsville,Hopkinsville,KY,5,3,1,2,32.0,0.0,90.0,,,,,,,,0.6239,0.6154,7719,29898.0,0.9667
421610,Paul Mitchell the School-St. George,Saint George,UT,7,3,1,1,12.0,0.0,109.0,,,,,,,,0.3774,0.2642,7070,38043.0,0.9633
421665,Cadillac Institute of Cosmetology,Cadillac,MI,3,3,1,1,32.0,0.0,43.0,,,,,,,,0.8507,0.0,PS,16514.0,1.0
421708,Arizona College of Nursing-Tempe,Tempe,AZ,6,3,3,3,12.0,0.0,1202.0,1.0,,38153.0,26091.0,26091.0,0.8889,0.7143,0.4695,0.7389,9500,34657.0,0.8611
421717,Vanguard-Sentinel Adult Career and Technology Center,Fremont,OH,3,1,1,1,32.0,0.0,7.0,,,,,,,,0.087,0.0,PS,33907.0,0.4286
421771,Academy of Beauty Professionals,Raymore,MO,4,3,1,1,21.0,0.0,31.0,,,,,,,,0.5614,0.5789,6333,25117.0,1.0
421878,Eastern International College-Jersey City,Jersey City,NJ,2,3,3,3,11.0,0.0,495.0,0.6963,,26182.0,18383.0,18383.0,0.3412,0.5484,0.3861,0.6118,18499,35008.0,0.9232
421896,Academia Serrant Inc,Ponce,PR,9,3,1,1,12.0,0.0,156.0,,,,,,,,0.7706,0.0,PS,18422.0,0.6923
422020,San Joaquin Valley College-Trades Education Center,Fresno,CA,8,3,1,2,11.0,0.0,364.0,,,,,,,,0.6041,0.6306,9773,38317.0,0.044
422695,Pacific College,Costa Mesa,CA,8,3,2,4,12.0,0.0,225.0,0.56,,,,,0.625,,0.2798,0.4427,20869,70064.0,0.84
422835,American College of Healthcare and Technology,Riverside,CA,8,3,1,2,11.0,0.0,272.0,,,,,,,,0.8559,0.8434,9500,31109.0,0.7279
423120,Compu-Med Vocational Careers Corp,Hialeah,FL,5,3,1,2,21.0,0.0,169.0,,,,,,0.808,,0.8683,0.251,PS,22226.0,0.787
423397,Advantage Technical College,Manati,PR,9,3,1,1,21.0,0.0,584.0,,,,,,,,0.6179,0.0,PS,26905.0,0.4144
423412,Mid Cities Barber College,Grand Prairie,TX,6,3,1,1,21.0,0.0,22.0,,,,,,,,0.4643,0.0,PS,24664.0,0.2727
423643,Midwestern University-Glendale,Glendale,AZ,6,2,4,4,21.0,0.0,,,,,,,,,,,PS,,
423652,Oregon Coast Community College,Newport,OR,8,1,2,2,32.0,0.0,376.0,,,14650.0,5544.0,5544.0,,,0.334,0.1863,6334,,0.6968
425250,Gwinnett College,Roswell,GA,5,3,1,2,12.0,0.0,94.0,,,,,,,,0.6444,0.7037,7639,31206.0,0.7979
426314,Embry-Riddle Aeronautical University-Worldwide,Daytona Beach,FL,5,2,3,4,13.0,0.0,9139.0,0.5791,1148.0,24878.0,12097.0,12097.0,0.2055,0.6029,0.2551,0.1004,14250,84131.0,0.1627
427308,Merkaz Bnos-Business School,Brooklyn,NY,2,2,1,1,11.0,0.0,110.0,,,,,,,,1.0,0.0,PS,27249.0,0.9273
427335,Lia Schorr Institute of Cosmetic Skin Care Training,New York,NY,2,3,1,1,11.0,0.0,34.0,,,,,,,,0.7583,0.4167,4996,,1.0
427973,Aviation Institute of Maintenance-Norfolk,Norfolk,VA,5,3,1,1,12.0,0.0,270.0,,,28427.0,16757.0,16757.0,,,0.2574,0.173,19500,44173.0,0.1333
427991,Osceola Technical College,Kissimmee,FL,5,1,1,1,21.0,0.0,519.0,,,,,,,,0.3193,0.0,PS,38484.0,0.4008
428000,Miami Ad School,Miami,FL,5,3,1,1,11.0,0.0,32.0,,,66800.0,19400.0,19400.0,,,0.2121,0.3636,16849,106192.0,0.5625
428019,Green Country Technology Center,Okmulgee,OK,6,1,1,1,41.0,0.0,89.0,,,,,,,,0.1749,0.0,PS,51375.0,0.6404
428055,Nova College de Puerto Rico,Bayamon,PR,9,3,1,1,12.0,0.0,144.0,,,,,,,,0.8571,0.0,PS,20251.0,0.6667
428125,John Wesley International Barber and Beauty College,Long Beach,CA,8,3,1,1,11.0,0.0,57.0,,,,,,,,0.7708,0.4896,PS,23643.0,0.4386
428170,Southeastern College-Boynton Beach,Boynton Beach,FL,5,3,2,3,21.0,0.0,563.0,0.8704,,37884.0,24480.0,24480.0,0.875,0.6667,0.7662,0.9385,12039,41200.0,0.9183
428259,Ottawa University-Milwaukee,Brookfield,WI,3,2,3,4,21.0,0.0,41.0,,,,,,,,0.4167,0.6167,12500,55552.0,0.8293
428392,Klamath Community College,Klamath Falls,OR,8,1,1,2,33.0,0.0,1130.0,,,15644.0,4965.0,8025.0,,,0.3171,0.199,9500,34357.0,0.6319
429085,American College of Acupuncture and Oriental Med,Houston,TX,6,3,4,4,11.0,0.0,,,,,,,,,,,PS,,
429128,Urban College of Boston,Boston,MA,1,2,2,2,11.0,0.0,438.0,,,19353.0,7608.0,7608.0,,,0.2525,0.0,PS,35472.0,0.9543
430184,Strayer University-Maryland,Baltimore,MD,2,3,3,4,21.0,0.0,1043.0,,,,13920.0,13920.0,0.375,1.0,0.627,0.7349,14000,40092.0,0.7287
430227,Empire Beauty School-Monroeville,Monroeville,PA,2,3,1,1,21.0,0.0,84.0,,,,,,,,0.7143,0.6429,8028,25073.0,0.9881
430245,Southern Careers Institute-San Antonio,San Antonio,TX,6,3,1,2,11.0,0.0,584.0,,,,,,,,0.7282,0.5992,7389,27035.0,0.7791
430306,Cayce/Reilly School of Massage,Virginia Beach,VA,5,2,1,1,11.0,0.0,19.0,,,,,,,,0.7105,0.7368,7389,19338.0,0.6842
430403,Prism Career Institute-West Atlantic City,West  Atlantic City,NJ,2,3,1,1,21.0,0.0,235.0,,,,,,,,0.7332,0.6334,16645,32473.0,0.9574
430564,Studio Jewelers,New York,NY,2,3,1,1,11.0,0.0,74.0,,,,,,,,0.0592,0.0828,PS,,0.6216
430582,Praxis Institute,Miami,FL,5,3,1,1,21.0,0.0,422.0,,,,,,,,0.728,0.728,8805,22300.0,0.5332
430670,San Juan Bautista School of Medicine,Caguas,PR,9,2,3,4,13.0,0.0,94.0,1.0,,12341.0,6750.0,12747.0,0.6923,0.8889,0.85,0.4,7000,,0.734
430704,Texas Health and Science University,Austin,TX,6,3,4,4,11.0,0.0,,,,,,,,,,,PS,,
430795,Carver Career Center,Charleston,WV,5,1,1,1,22.0,0.0,169.0,,,,,,,,0.7358,0.0,PS,33739.0,0.7515
430883,Cayuga Onondaga BOCES-Practical Nursing Program,Auburn,NY,2,1,1,1,32.0,0.0,32.0,0.4286,,38884.0,14085.0,14085.0,,,0.6667,0.8056,7104,45439.0,0.8125
430908,Clearfield County Career and Technology Center,Clearfield,PA,2,1,1,1,41.0,0.0,31.0,,,,,,,,0.4906,0.2453,8750,41559.0,0.9677
430935,Colegio de Cinematografia Artes y Television,Bayamon,PR,9,3,2,2,12.0,0.0,556.0,,,8846.0,7796.0,7796.0,,,0.8448,0.0,PS,25707.0,0.2968
430971,Delaware County Technical School-Practical Nursing Program,Broomall,PA,2,1,1,1,21.0,0.0,48.0,1.0,,,,,,,0.5341,0.7273,16500,55120.0,0.9375
431017,Mid-Del Technology Center,Midwest City,OK,6,1,1,1,21.0,0.0,84.0,,,,,,,,0.1323,0.0,PS,33238.0,0.5357
431071,New York Institute of Massage Inc,Williamsville,NY,2,3,1,1,21.0,0.0,30.0,,,,,,,,0.3521,0.4859,9500,26379.0,0.6667
431105,Dutchess BOCES-Practical Nursing Program,Poughkeepsie,NY,2,1,1,1,41.0,0.0,81.0,,,,,,,,0.5909,0.5909,5500,48363.0,0.8765
431123,Escuela Tecnica de Electricidad,Ponce,PR,9,3,1,1,12.0,0.0,183.0,,,,,,,,0.727,0.0,PS,26398.0,0.0164
431141,Institute of Technology,Clovis,CA,8,3,1,2,21.0,0.0,1377.0,,,,,,,,0.5958,0.6709,9500,35095.0,0.5861
431196,Genesee Valley BOCES-Practical Nursing Program,Batavia,NY,2,1,1,1,32.0,0.0,93.0,,,,,,,,0.7213,0.8361,11460,46695.0,0.8817
431266,Henrico County-Saint Marys Hospital School of Practical Nursing,Richmond,VA,5,1,1,1,21.0,0.0,79.0,0.704,,,,,,,0.2762,0.2095,9500,56618.0,0.9873
431275,Herkimer County BOCES-Practical Nursing Program,Herkimer,NY,2,1,1,1,31.0,0.0,58.0,,,,,,,,0.6308,0.8,6125,41763.0,0.8793
431284,Graduate America College,Garland,TX,6,3,1,1,21.0,0.0,62.0,,,,,,,,0.5505,0.0,PS,22178.0,0.9194
431558,Cape Coral Technical College,Cape Coral,FL,5,1,1,1,12.0,0.0,278.0,,,,,,,,0.336,0.0,PS,36080.0,0.6331
431600,UPMC Mercy School of Nursing,Pittsburgh,PA,2,2,1,1,11.0,0.0,308.0,0.8789,,35713.0,16190.0,16190.0,,,0.4098,0.741,12000,68337.0,0.8734
431716,Ocean County Vocational-Technical School,Toms River,NJ,2,1,1,1,21.0,0.0,497.0,,,,,,,,0.3863,0.2428,5500,47122.0,0.495
431983,Yeshiva of the Telshe Alumni,Riverdale,NY,2,2,2,2,11.0,0.0,73.0,1.0,,,9600.0,9600.0,0.8889,,0.4103,0.0,PS,,0.0
432117,Kenneth Shuler School of Cosmetology-Rock Hill,Rock Hill,SC,5,3,1,1,13.0,0.0,181.0,,,,,,,,0.6568,0.5503,5724,23193.0,0.9669
432269,CET-El Paso,El Paso,TX,6,2,1,1,11.0,0.0,67.0,,,,,,,,0.6563,0.6328,6729,32986.0,0.2239
432348,Appalachian School of Law,Grundy,VA,5,2,4,4,43.0,0.0,,,,,,,,,,,PS,,
432384,Platt College-Ontario,Ontario,CA,8,3,2,3,12.0,0.0,500.0,,,27895.0,14922.0,14922.0,0.582,,0.6215,0.7548,15215,40669.0,0.856
433004,American University of Health Sciences,Signal Hill,CA,8,3,3,4,21.0,0.0,351.0,0.5,,,24575.0,24575.0,0.5,1.0,0.456,0.8297,32484,93610.0,0.7265
433013,Career Networks Institute,Santa Ana,CA,8,3,2,3,11.0,0.0,1133.0,,,,,,0.8929,1.0,0.5224,0.7583,23645,45256.0,0.6937
433040,Monty Tech,Fitchburg,MA,1,1,1,1,22.0,0.0,48.0,0.8305,,,,,,,0.4848,0.7576,9500,,0.8333
433068,Okaloosa Technical College,Fort Walton Beach,FL,5,1,1,1,13.0,0.0,421.0,,,,,,,,0.3843,0.0,PS,32577.0,0.399
433101,Lincoln Technical Institute-Lincoln,Lincoln,RI,1,3,1,1,21.0,0.0,659.0,,,,,,,,0.637,0.7902,9000,31914.0,0.8801
433138,Wayne County Schools Career Center,Smithville,OH,3,1,1,1,32.0,0.0,146.0,,,,,,,,0.3762,0.3861,5500,42774.0,0.8219
433174,Carolinas College of Health Sciences,Charlotte,NC,5,1,1,3,11.0,0.0,533.0,0.599,1130.0,,18882.0,18882.0,1.0,,0.3317,0.7723,9500,64624.0,0.878
433387,Western Governors University,Salt Lake City,UT,7,2,3,4,21.0,0.0,155088.0,,,16728.0,8658.0,8658.0,0.4618,0.6458,0.3942,0.4323,8318,60615.0,0.5557
433420,California Aeronautical University,Bakersfield,CA,8,3,3,4,21.0,0.0,347.0,,,46233.0,37667.0,37667.0,0.3019,0.6923,0.4631,0.6081,13354,38361.0,0.1326
433536,Herzing University-New Orleans,Metairie,LA,5,2,2,4,12.0,0.0,346.0,0.92,,28414.0,13450.0,13450.0,0.1538,0.5,0.7673,0.8338,11756,36909.0,0.9335
433660,Florida Gulf Coast University,Fort Myers,FL,5,1,3,4,21.0,0.0,13874.0,0.6344,1114.0,20807.0,6118.0,25162.0,0.574,0.8322,0.2788,0.246,11999,54560.0,0.5667
434016,Little Priest Tribal College,Winnebago,NE,4,1,2,2,42.0,0.0,182.0,,,12581.0,5400.0,5400.0,,,0.5625,0.0,PS,,0.6703
434061,South Louisiana Community College,Lafayette,LA,5,1,1,2,12.0,0.0,5035.0,,,19044.0,4210.0,4210.0,,,0.5028,0.3594,7250,31432.0,0.6405
434140,Pima Medical Institute-Chula Vista,Chula Vista,CA,8,3,1,2,11.0,0.0,537.0,,,,,,,,0.6039,0.5552,9500,38673.0,0.7672
434159,Lincoln College of Technology-Marietta,Marietta,GA,5,3,1,2,21.0,0.0,538.0,,,,,,,,0.5916,0.6496,9000,31914.0,0.2138
434274,Academy of Hair Design-Lufkin,Lufkin,TX,6,3,1,1,33.0,0.0,74.0,,,,,,,,0.6147,0.5138,9500,20892.0,0.8514
434308,Cortiva Institute,Linthicum,MD,2,3,1,1,21.0,0.0,225.0,,,,,,,,0.5201,0.5264,7652,30474.0,0.9378
434344,COLLECTIV Academy-Worcester,Worcester,MA,1,3,1,1,12.0,0.0,192.0,,,,,,,,0.5,0.7301,6222,,0.9583
434362,Northwest HVAC/R Training Center,Spokane,WA,8,2,1,1,12.0,0.0,50.0,,,,,,,,0.449,0.6735,9500,60551.0,0.04
434432,Myotherapy Institute,Lincoln,NE,4,3,2,2,11.0,0.0,12.0,,,35500.0,16750.0,16750.0,,,0.5385,0.7692,10712,27531.0,1.0
434441,Florida College of Integrative Medicine,Orlando,FL,5,3,4,4,21.0,0.0,,,,,,,,,,,PS,,
434469,New Professions Technical Institute,Miami,FL,5,3,2,2,11.0,0.0,514.0,,,,,,,,0.9111,0.9111,6952,25962.0,0.9533
434496,Strand College of Hair Design,Myrtle Beach,SC,5,3,1,1,13.0,0.0,70.0,,,,,,,,0.3733,0.36,6333,21301.0,0.9857
434584,Ilisagvik College,Barrow,AK,8,1,1,3,43.0,0.0,126.0,,,14377.0,5260.0,5260.0,0.4615,1.0,0.0772,0.0,PS,39541.0,0.8016
434672,Community College of Baltimore County,Baltimore,MD,2,1,2,2,21.0,0.0,13872.0,,,15781.0,4432.0,11010.0,,,0.3427,0.0949,8251,43729.0,0.6364
434751,White Earth Tribal and Community College,Mahnomen,MN,4,2,2,2,43.0,0.0,110.0,,,20963.0,5490.0,5490.0,,,0.7573,0.0,PS,18044.0,0.7273
434821,Blue Cliff College-Metairie,Metairie,LA,5,3,1,1,12.0,0.0,291.0,,,,,,,,0.7558,0.7531,8265,22177.0,0.9656
434830,Creative Images Institute of Cosmetology-North Dayton,Dayton,OH,3,3,1,1,21.0,0.0,210.0,,,,,,,,0.5314,0.6143,9149,22271.0,0.9857
434900,Dewey University-Carolina,Carolina,PR,9,2,2,3,21.0,0.0,292.0,,,11572.0,7630.0,7630.0,0.6207,0.64,0.8736,0.2051,5000,19761.0,0.774
434937,Yeshiva College of the Nations Capital,Silver  Spring,MD,2,2,3,3,21.0,0.0,56.0,,,25800.0,11500.0,11500.0,0.0,0.6667,0.2105,0.0,PS,,0.0
435000,Louisiana State University Health Sciences Center-Shreveport,Shreveport,LA,5,1,3,4,12.0,0.0,21.0,,,,,,,,0.15,0.6,15719,74671.0,0.7619
436030,Hair Academy II,Hillcrest Heights,MD,2,3,1,1,21.0,0.0,218.0,,,,,,,,0.3531,0.4055,5500,43383.0,0.7385
436304,River Parishes Community College,Gonzales,LA,5,1,1,2,41.0,0.0,1880.0,,,16783.0,4079.0,4079.0,,,0.4081,0.2814,7329,37848.0,0.4787
436429,Los Angeles Film School,Hollywood,CA,8,3,3,3,11.0,0.0,5472.0,,,,,,0.4129,0.5118,0.6315,0.7096,15934,31632.0,0.3838
436553,Century College,San Juan,PR,9,3,1,1,11.0,0.0,678.0,,,12575.0,9100.0,9100.0,,,1.0,0.0,PS,19462.0,0.8378
436599,FINE Mortuary College,Norwood,MA,1,3,2,2,21.0,0.0,185.0,,,27385.0,19450.0,19450.0,,,0.477,0.6667,19000,,0.8324
436614,International Baptist College and Seminary,Chandler,AZ,6,2,3,4,11.0,0.0,43.0,,,29112.0,13800.0,13800.0,0.875,0.25,0.3103,0.0862,PS,39556.0,0.3953
436632,Gwinnett College,Raleigh,NC,5,3,1,1,11.0,0.0,146.0,,,,,,,,0.7577,0.8299,7917,29234.0,0.7877
436650,Delta College South,Baton Rouge,LA,5,3,1,1,12.0,0.0,164.0,,,,,,,,0.7067,0.629,5671,30894.0,0.939
436818,University of Connecticut-Waterbury Campus,Waterbury,CT,1,1,3,4,12.0,0.0,733.0,0.8666,1060.0,22933.0,18140.0,40808.0,0.5273,0.7778,0.5158,0.3724,18610,73997.0,0.5211
436827,University of Connecticut-Avery Point,Groton,CT,1,1,3,4,22.0,0.0,454.0,0.8818,1090.0,23337.0,18140.0,40808.0,0.6162,0.7024,0.3819,0.365,18610,73997.0,0.4273
436836,University of Connecticut-Stamford,Stamford,CT,1,1,3,4,12.0,0.0,2432.0,0.8298,1094.0,30122.0,18150.0,40818.0,0.5654,0.816,0.5071,0.35,18610,73997.0,0.4688
437097,University of Management and Technology,Arlington,VA,5,3,3,4,12.0,0.0,294.0,,,,9450.0,9450.0,0.3333,1.0,0.0836,0.065,8971,68530.0,0.5034
437103,Baton Rouge Community College,Baton Rouge,LA,5,1,1,2,12.0,0.0,8362.0,,,16522.0,4321.0,4321.0,,,0.4573,0.3498,7000,34581.0,0.6735
437237,IYRS School of Technology & Trades,Newport,RI,1,2,1,1,21.0,0.0,68.0,0.8889,,,,,,,0.1636,0.4545,9500,,0.1471
437556,Midwest Technical Institute-Illinois,Springfield,IL,3,3,1,1,12.0,0.0,1326.0,,,,,,,,0.653,0.7292,9251,33601.0,0.5113
437608,Advanced Barber College and Hair Design,Weslaco,TX,6,3,1,1,21.0,0.0,91.0,,,,,,,,0.7718,0.2913,PS,18519.0,0.3187
437635,The College of Health Care Professions-Austin,Austin,TX,6,3,1,2,11.0,0.0,974.0,,,,,,,,0.6721,0.71,9096,38922.0,0.8963
437723,New Community Career & Technical Institute,Newark,NJ,2,2,1,1,11.0,0.0,11.0,,,,,,,,0.625,0.2734,1932,40200.0,0.9091
437732,The Chicago School-College of Nursing,Richardson,TX,6,2,1,1,12.0,0.0,2.0,,,,,,,,0.4483,0.5172,10250,56899.0,1.0
437750,Professional Golfers Career College,Temecula,CA,8,3,2,2,12.0,0.0,70.0,,,38739.0,18840.0,18840.0,,,0.2545,0.3909,8000,46079.0,0.0571
437769,Chester Career College,CHESTER,VA,5,3,1,2,21.0,0.0,79.0,,,,,,,,0.5426,0.5047,16000,32650.0,0.8608
437778,Milan Institute-San Antonio Ingram,San Antonio,TX,6,3,1,1,11.0,0.0,379.0,,,,,,,,0.7601,0.6795,6333,24879.0,0.8918
437857,Rudae's School of Beauty Culture-Ft Wayne,Fort Wayne,IN,3,3,1,1,11.0,0.0,91.0,,,,,,,,0.5419,0.6258,9500,25749.0,0.978
437936,Carrington College-San Jose,San Jose,CA,8,3,1,2,11.0,0.0,644.0,,,,,,,,0.4967,0.6218,10460,39633.0,0.8463
438179,Brookline College-Tucson,Tucson,AZ,6,3,1,2,11.0,0.0,218.0,,,,,,0.4766,,0.5952,0.5536,9500,29576.0,0.8761
438221,Miller-Motte College-Berks Technical Institute-Lewisburg,Lewisburg,PA,2,3,1,2,32.0,0.0,126.0,,,,,,,,0.6853,0.7411,10661,31102.0,0.873
438258,Carrington College-Pleasant Hill Campus,Pleasant Hill,CA,8,3,1,2,21.0,0.0,412.0,,,,,,,,0.5285,0.6517,10460,39633.0,0.6044
438285,Cortiva Institute,Maitland,FL,5,3,1,1,21.0,0.0,159.0,,,,,,,,0.5191,0.5103,6500,27193.0,0.956
438337,Modern Hairstyling Institute-Carolina,Carolina,PR,9,3,1,1,21.0,0.0,189.0,0.8958,,,,,,,1.0,0.0,PS,17666.0,0.6402
438504,Universal Technical Institute of California Inc,Rancho Cucamonga,CA,8,3,2,2,21.0,0.0,1553.0,,,,,,,,0.6326,0.6748,11183,52873.0,0.0522
438586,American InterContinental University-Atlanta,Atlanta,GA,5,3,3,4,12.0,0.0,734.0,,,23743.0,13527.0,13527.0,0.2083,0.1429,0.8119,0.8463,9500,36144.0,0.7016
438674,The Academy of Hair Design Six,Hattiesburg,MS,5,3,1,1,13.0,0.0,37.0,,,,,,,,0.8169,0.6479,6500,22706.0,1.0
438708,Eastern West Virginia Community and Technical College,Moorefield,WV,5,1,2,2,43.0,0.0,225.0,,,17258.0,4722.0,4722.0,,,0.2668,0.1178,5500,31636.0,0.72
438735,Aviation Institute of Maintenance-Indianapolis,Indianapolis,IN,3,3,1,2,11.0,0.0,172.0,,,33420.0,16757.0,16757.0,,,0.325,0.2688,12663,42759.0,0.1163
438984,IVAEM College,Caguas,PR,9,3,1,1,13.0,0.0,195.0,,,,,,,,0.8346,0.0,PS,19686.0,0.641
439020,Midwest College of Oriental Medicine-Skokie,Skokie,IL,3,3,4,4,13.0,0.0,0.0,,,,,,,,1.0,1.0,15000,44136.0,0.0
439118,Carrington College-Spokane,Spokane,WA,8,3,1,2,12.0,0.0,352.0,,,,,,,,0.6184,0.6618,8615,36625.0,0.5369
439190,Cascadia College,Bothell,WA,8,1,2,3,21.0,0.0,1032.0,,,21077.0,5157.0,11296.0,0.321,,0.0859,0.0189,5215,54133.0,0.499
439367,CBD College,Los Angeles,CA,8,2,2,3,11.0,0.0,1581.0,,,,,,0.8214,,0.413,0.675,16733,37237.0,0.7299
439446,Atlantic Institute of Oriental Medicine,Fort Lauderdale,FL,5,2,3,4,12.0,0.0,,,,,,,,,,,PS,,
439455,MDT College of Health Sciences,Chicago,IL,3,3,1,1,11.0,0.0,575.0,0.6421,,37647.0,21870.0,21870.0,,,0.9313,0.9522,14250,43946.0,0.9652
439473,Bennett Career Institute,Washington,DC,2,3,1,1,11.0,0.0,176.0,,,,,,,,0.5766,0.5766,3666,22568.0,0.6648
439491,Blue Cliff College-Lafayette,Lafayette,LA,5,3,1,1,12.0,0.0,62.0,,,,,,,,0.7897,0.7586,8265,22177.0,0.9516
439570,Community Care College,Tulsa,OK,6,2,1,2,11.0,0.0,493.0,,,,,,,,0.5136,0.4103,7934,28954.0,0.9432
439622,Erie 1 BOCES,West Seneca,NY,2,1,1,1,21.0,0.0,383.0,,,,,,,,0.5379,0.6122,7781,47114.0,0.6188
439668,HDS Truck Driving Institute,Tucson,AZ,6,3,1,1,41.0,0.0,200.0,,,,,,,,0.0265,0.0282,PS,40059.0,0.18
439701,The King's University,Southlake,TX,6,2,3,4,21.0,0.0,251.0,0.6064,,18075.0,12480.0,12480.0,0.4737,0.5,0.386,0.4779,14250,41471.0,0.6215
439738,Fortis College-Baton Rouge,Baton Rouge,LA,5,3,1,2,21.0,0.0,482.0,,,33133.0,16467.0,16467.0,,,0.8587,0.6938,9500,32886.0,0.7344
439747,My Le's Beauty College,Sacramento,CA,8,3,1,1,21.0,0.0,150.0,,,,,,,,0.2305,0.0,PS,15070.0,0.7733
439774,New Concept Massage and Beauty School,Miami,FL,5,3,1,1,21.0,0.0,123.0,,,,,,,,0.9083,0.9083,5700,20421.0,0.6585
439783,New York College of Traditional Chinese Medicine,Mineola,NY,2,2,4,4,21.0,0.0,3.0,,,,,,,,,,12500,,1.0
439792,Fortis College-Orange Park,Orange Park,FL,5,3,1,2,21.0,0.0,399.0,,,30435.0,14946.0,14946.0,,,0.71,0.7281,9500,28506.0,0.9173
439817,Northeastern Seminary,Rochester,NY,2,2,4,4,21.0,0.0,,,,,,,,,,,PS,,
439844,Omega Institute of Cosmetology,Houma,LA,5,3,1,1,13.0,0.0,55.0,,,,,,,,0.5152,0.7121,4584,14923.0,1.0
439862,Pacific Islands University,Mangilao,GU,9,2,2,3,22.0,0.0,61.0,1.0,,13032.0,7203.0,7516.0,0.6667,1.0,1.0,0.0,PS,20902.0,0.5082
439871,PCI College,Cerritos,CA,8,3,2,3,21.0,0.0,149.0,,,,,,0.6842,1.0,0.6991,0.7876,15272,36141.0,0.9933
439899,Rosedale Bible College,Irwin,OH,3,2,2,2,42.0,0.0,96.0,,,17760.0,10088.0,10088.0,,,0.2674,0.1279,4142,35558.0,0.5833
439914,Seattle Institute of East Asian Medicine,Seattle,WA,8,2,4,4,11.0,0.0,,,,,,,,,,,PS,,
439932,Shawnee Beauty College,Shawnee,OK,6,3,1,1,32.0,0.0,60.0,,,,,,,,0.9024,0.0732,4400,18636.0,0.8333
440004,Upper Valley Educators Institute,Lebanon,NH,1,2,4,4,33.0,0.0,,,,,,,,,,,12500,,
440031,Keck Graduate Institute,Claremont,CA,8,2,4,4,21.0,0.0,,,,,,,,,,,12500,,
440059,Aviation Institute of Maintenance-Atlanta,Duluth,GA,5,3,1,2,21.0,0.0,824.0,,,32167.0,16657.0,16657.0,,,0.5597,0.4198,20500,48191.0,0.0862
440101,Empire Beauty School-Kennesaw,Kennesaw,GA,5,3,1,1,21.0,0.0,161.0,,,,,,,,0.669,0.548,6333,23589.0,0.9627
440262,New York Automotive and Diesel Institute,Jamaica,NY,2,3,1,2,11.0,0.0,470.0,,,,,,,,0.6638,0.6014,14250,50963.0,0.0553
440271,Remington College-Baton Rouge Campus,Baton Rouge,LA,5,2,1,2,12.0,0.0,210.0,,,29692.0,15837.0,15837.0,,,0.7899,0.6594,9500,31349.0,0.4238
440396,New Saint Andrews College,Moscow,ID,7,2,3,4,32.0,0.0,305.0,0.8389,1262.0,,16800.0,16800.0,0.7391,0.8529,0.0,0.0,,,0.5639
440402,Arkansas State University-Newport,Newport,AR,5,1,1,2,41.0,0.0,1236.0,,,15060.0,3312.0,4752.0,,,0.4492,0.2102,5750,41524.0,0.6909
440651,Atenas University,Manati,PR,9,2,2,4,21.0,0.0,597.0,,,15539.0,8954.0,8954.0,0.4248,0.8182,0.8569,0.1193,6600,20231.0,0.7353
440730,Onondaga Cortland Madison BOCES,Liverpool,NY,2,1,1,1,21.0,0.0,354.0,,,,,,,,0.6088,0.607,5792,40658.0,0.5989
440776,Interactive College of Technology,Pasadena,TX,6,3,1,2,12.0,0.0,86.0,,,20170.0,10970.0,10970.0,,,0.7581,0.5806,5300,27182.0,0.3605
440794,Pillar College,Newark,NJ,2,2,3,4,11.0,0.0,498.0,,,38047.0,25900.0,25900.0,0.3846,0.7411,0.6994,0.4192,17817,45577.0,0.9096
440828,Oregon State University-Cascades Campus,Bend,OR,8,1,3,4,12.0,0.0,1044.0,0.6311,1255.0,29798.0,13566.0,37356.0,0.5556,0.75,0.2741,0.3157,15000,64010.0,0.4684
440855,Milan Institute-Amarillo,Amarillo,TX,6,3,1,1,12.0,0.0,271.0,,,,,,,,0.7794,0.6705,7618,29491.0,0.9852
440916,Southern University Law Center,Baton Rouge,LA,5,1,3,4,12.0,1.0,607.0,,,,,,,0.6049,,,15455,43371.0,0.6738
440989,Career Schools of Texas,Houston,TX,6,3,1,1,11.0,0.0,518.0,,,,,,,,0.9035,0.9035,9500,21262.0,0.222
441052,American Career College-Anaheim,Anaheim,CA,8,3,1,2,11.0,0.0,1644.0,,,,,,,,0.5804,0.6222,9500,38430.0,0.7524
441070,Saginaw Chippewa Tribal College,Mount Pleasant,MI,3,1,2,2,32.0,0.0,164.0,,,19424.0,2730.0,2730.0,,,0.415,0.0,PS,,0.5427
441104,Richmont Graduate University,Chattanooga,TN,5,2,4,4,12.0,0.0,,,,,,,,,,,PS,,
441131,The Seattle School of Theology & Psychology,Seattle,WA,8,2,4,4,11.0,0.0,,,,,,,,,,,PS,,
441210,East Valley Institute of Technology,Mesa,AZ,6,1,1,1,11.0,0.0,377.0,,,,,,,,0.2189,0.0379,PS,35086.0,0.5968
441229,Smith Chason College,Los Angeles,CA,8,3,2,3,11.0,0.0,2447.0,,,39461.0,19040.0,19040.0,0.7194,,0.5862,0.8537,16640,58004.0,0.8365
441256,Design's School of Cosmetology,Paso Robles,CA,8,3,1,1,13.0,0.0,73.0,,,,,,,,0.6,0.5056,6333,23937.0,0.9726
441371,Ultimate Medical Academy,Clearwater,FL,5,2,2,2,12.0,0.0,8932.0,,,,,,,,0.7963,0.7759,11969,29194.0,0.9587
441414,M-DCPS The English Center,Miami,FL,5,1,1,1,11.0,0.0,203.0,,,,,,,,0.0976,0.0,PS,30739.0,0.5764
441423,Florida Education Institute,Miami,FL,5,3,1,2,21.0,0.0,318.0,,,,,,,,0.5969,0.5753,9500,24588.0,0.7013
441487,Texas County Technical College,Houston,MO,4,3,1,2,43.0,0.0,96.0,1.0,,28916.0,19025.0,19025.0,,,0.662,0.7746,10026,40843.0,0.8854
441496,Aviation Institute of Maintenance-Kansas City,Kansas City,MO,4,3,1,1,11.0,0.0,253.0,,,31898.0,16757.0,16757.0,,,0.3128,0.2227,14805,40743.0,0.1146
441502,Blue Cliff College-Gulfport,Gulfport,MS,5,3,1,1,13.0,0.0,200.0,,,,,,,,0.6605,0.6233,8265,22177.0,0.945
441575,Metropolitan Learning Institute,Rego Park,NY,2,2,1,1,11.0,0.0,357.0,,,,,,,,0.8904,0.0,PS,25916.0,0.8964
441593,Orleans Niagara BOCES-Practical Nursing Program,Lockport,NY,2,1,1,1,31.0,0.0,30.0,,,,,,,,0.8286,0.8857,9500,,1.0
441609,Yeshiva Shaarei Torah of Rockland,Suffern,NY,2,2,2,3,21.0,0.0,152.0,0.3667,,22780.0,13000.0,13000.0,,0.8889,0.3121,0.0,PS,89548.0,0.0
441618,Leon Studio One School of Beauty Knowledge,Williamsville,NY,2,3,1,1,21.0,0.0,22.0,,,,,,,,0.381,0.6429,9500,26249.0,1.0
441636,American Institute of Alternative Medicine,Columbus,OH,3,3,1,4,11.0,0.0,231.0,0.7829,,42272.0,22947.0,22947.0,0.6,,0.6684,0.639,9500,40805.0,0.8571
441645,Brown Aveda Institute-Mentor,Mentor,OH,3,3,1,1,21.0,0.0,115.0,,,,,,,,0.4795,0.726,6333,27446.0,0.9913
441663,Institute of Technology,Salem,OR,8,3,1,1,21.0,0.0,267.0,,,,,,,,0.476,0.58,9500,37507.0,0.8801
441672,Susquehanna County Career and Technology Center,Springville,PA,2,1,1,1,42.0,0.0,23.0,,,,,,,,0.4237,0.3729,5500,,0.8261
441690,Universidad Pentecostal Mizpa,Rio Piedras,PR,9,2,2,4,11.0,0.0,137.0,,,12652.0,4560.0,4560.0,0.1538,1.0,0.5568,0.0,PS,21410.0,0.4088
441706,Caribbean Forensic and Technical College,San Juan,PR,9,3,1,1,11.0,0.0,381.0,,,11284.0,8700.0,8700.0,,,0.7585,0.0,PS,20691.0,0.5407
441742,Concorde Career College-Grand Prairie,Grand Prairie,TX,6,3,1,2,21.0,0.0,268.0,1.0,,,,,,,0.7653,0.7371,9500,40648.0,0.959
441760,Lamar Institute of Technology,Beaumont,TX,6,1,1,2,12.0,0.0,3055.0,,,19245.0,2844.0,12924.0,,,0.2639,0.1254,8287,38991.0,0.5892
441788,Aviation Institute of Maintenance-Dallas,Irving,TX,6,3,1,1,11.0,0.0,495.0,,,31817.0,16757.0,16757.0,,,0.3217,0.4545,19500,42375.0,0.1293
441830,Healing Mountain Massage School,Salt Lake City,UT,7,3,1,1,12.0,0.0,43.0,,,,,,,,0.4949,0.6939,8139,22160.0,0.814
441858,Eastern Virginia Career College,Fredericksburg,VA,5,3,1,2,22.0,0.0,177.0,0.9596,,,,,,,0.5045,0.6172,9500,37304.0,0.9322
441876,Rudy & Kelly Academy A Paul Mitchell Partner School,Virginia Beach,VA,5,3,1,1,11.0,0.0,155.0,,,,,,,,0.4601,0.4928,9500,24176.0,0.9548
441900,Nevada State University,Henderson,NV,8,1,3,4,41.0,0.0,3762.0,0.8682,,23718.0,6765.0,21833.0,0.3358,0.7877,0.2284,0.1282,12547,53166.0,0.7889
441937,California State University-Channel Islands,Camarillo,CA,8,1,3,4,41.0,0.0,5013.0,0.9481,,23561.0,7159.0,19759.0,0.5132,0.7243,0.466,0.2395,12500,62152.0,0.6627
441982,Franklin W Olin College of Engineering,Needham,MA,1,2,3,3,21.0,0.0,377.0,0.252,1520.0,86474.0,66398.0,66398.0,0.9639,0.9796,0.1213,0.2525,14287,129455.0,0.4721
442064,Won Institute of Graduate Studies,Warminster,PA,2,2,4,4,21.0,0.0,,,,,,,,,,,PS,,
442073,Lincoln Technical Institute-Paramus,Paramus,NJ,2,3,1,1,21.0,0.0,495.0,,,,,,,,0.6917,0.8472,9000,31914.0,0.7394
442134,Pima Medical Institute-Colorado Springs,Colorado Springs,CO,7,3,1,2,11.0,0.0,305.0,,,,,,,,0.5034,0.4708,9500,38673.0,0.8295
442240,Paul Mitchell the School-Costa Mesa,Costa Mesa,CA,8,3,1,1,12.0,0.0,395.0,,,,,,,,0.4049,0.4795,9500,26897.0,0.8582
442295,Ave Maria School of Law,Naples,FL,5,2,4,4,21.0,0.0,,,,,,,,,,,PS,,
442329,Tulsa Welding School-Jacksonville,Jacksonville,FL,5,3,1,1,11.0,0.0,968.0,,,,,,,,0.5921,0.6512,6886,41067.0,0.1364
442356,Saint Joseph's University - Lancaster,Lancaster,PA,2,2,2,4,41.0,0.0,1280.0,0.4121,,47879.0,32933.0,32933.0,0.6875,0.8125,0.5498,0.5334,21500,86881.0,0.8742
442383,West Virginia Junior College-Bridgeport,Bridgeport,WV,5,3,2,2,32.0,0.0,146.0,,,25936.0,14798.0,14798.0,,,0.68,0.7657,7195,27472.0,0.8836
442426,St Louis College of Health Careers-Fenton,Fenton,MO,4,3,2,4,21.0,0.0,399.0,0.8,,,,,0.5938,,0.6565,0.7585,9500,32217.0,0.9273
442435,Interactive College of Technology-Gainesville,Gainesville,GA,5,3,1,2,13.0,0.0,50.0,,,23501.0,11210.0,11210.0,,,0.7021,0.3404,8661,27065.0,0.74
442444,San Joaquin Valley College-Ontario,Ontario,CA,8,3,1,2,12.0,0.0,895.0,,,,,,,,0.5193,0.5961,9773,38317.0,0.4872
442523,Alaska Christian College,Soldotna,AK,8,2,2,2,41.0,0.0,44.0,0.925,,23944.0,9660.0,9660.0,,,0.7097,0.0,6233,25787.0,0.5682
442569,University of Arkansas Grantham,LIttle Rock,AR,5,1,3,4,12.0,0.0,2833.0,,,15318.0,8520.0,8520.0,0.4304,0.3026,0.7181,0.7287,8491,63496.0,0.6583
442602,Carrington College-Albuquerque,Albuquerque,NM,6,3,1,2,11.0,0.0,357.0,,,,,,,,0.6284,0.6935,9298,36718.0,0.577
442611,Universal Technical Institute-Mooresville,Mooresville,NC,5,3,2,2,13.0,0.0,1345.0,,,,,,,,0.4923,0.6312,11183,52873.0,0.084
442639,University of the Potomac-VA Campus,FALLS CHURCH,VA,5,3,3,4,21.0,0.0,157.0,,,,6660.0,6660.0,0.5,0.6667,0.0,0.0,7500,34961.0,0.3121
442657,Milan Institute-Palm Desert,Palm Desert,CA,8,3,1,1,13.0,0.0,356.0,,,,,,,,0.6461,0.5885,7618,29491.0,0.8792
442781,Tohono O'odham Community College,Sells,AZ,6,1,2,2,43.0,0.0,998.0,,,8282.0,932.0,932.0,,,0.2696,0.0,PS,39229.0,0.8036
442806,Edward Via College of Osteopathic Medicine,Blacksburg,VA,5,2,4,4,13.0,0.0,,,,,,,,,,,PS,,
442842,Pacific College of Health and Science,Chicago,IL,3,3,1,4,11.0,0.0,2.0,,,,7508.0,7508.0,0.7778,,0.1064,0.1064,9500,26209.0,0.5
442879,Southwest Institute of Healing Arts,Tempe,AZ,6,3,1,2,12.0,0.0,534.0,,,,,,,,0.2013,0.4548,7917,29544.0,0.9438
442888,InterCoast Colleges-Riverside,Riverside,CA,8,3,1,1,21.0,0.0,65.0,,,,,,,,0.7245,0.6939,9500,36089.0,0.0615
442976,Brighton Center's Center for Employment Training,Newport,KY,5,2,1,1,21.0,0.0,53.0,,,,,,,,0.7387,0.0,PS,24540.0,0.9245
442985,California Healing Arts College,Carson,CA,8,3,1,1,13.0,0.0,243.0,,,,,,,,0.8319,0.8739,9476,25151.0,0.8395
443021,Dallas Barber & Stylist College,Dallas,TX,6,3,1,1,11.0,0.0,8.0,,,,,,,,0.4722,0.4444,PS,20142.0,0.375
443030,Endeavor Health School of Nurse Anesthesia-DePaul University,Evanston,IL,3,2,4,4,13.0,0.0,,,,,,,,,,,,,
443049,Faith International University,Tacoma,WA,8,2,3,4,12.0,0.0,276.0,,,31368.0,8850.0,8850.0,0.25,0.6667,0.4694,0.2398,12500,51006.0,0.529
443058,Family of Faith Christian University,Shawnee,OK,6,2,3,4,42.0,0.0,82.0,0.76,,,9600.0,9600.0,,,0.3146,0.1011,PS,,0.622
443076,Hood Theological Seminary,Salisbury,NC,5,2,4,4,21.0,0.0,,,,,,,,,,,PS,,
443100,Colegio Educativo Tecnologico Industrial Inc,Arecibo,PR,9,2,1,1,13.0,0.0,76.0,,,,,,,,0.9348,0.0,PS,19432.0,0.4211
443137,Irene's Myomassology Institute,Southfield,MI,3,3,1,1,13.0,0.0,285.0,,,,,,,,0.5675,0.7603,7389,26551.0,0.8035
443146,Jay's Technical Institute,Houston,TX,6,3,1,1,11.0,0.0,79.0,,,,,,,,0.6154,0.5128,9500,15511.0,0.2278
443216,P C Age-Jersey City,Jersey City,NJ,2,3,1,1,11.0,0.0,106.0,,,,,,,,0.3857,0.4949,11618,54323.0,0.1981
443225,PC AGE-Metropark,Iselin,NJ,2,3,1,1,21.0,0.0,46.0,,,,,,,,0.2371,0.3402,11618,54323.0,0.1739
443234,Hollywood Institute,Margate,FL,5,3,1,1,21.0,0.0,215.0,,,,,,,,0.5698,0.5419,5563,22285.0,0.8837
443252,South Florida Institute of Technology,Miami,FL,5,3,1,1,11.0,0.0,9747.0,,,,,,,,0.6989,0.179,9500,28570.0,0.4892
443261,Southeastern College-Charleston,North Charleston,SC,5,3,1,2,12.0,0.0,225.0,0.9808,,39014.0,25080.0,25080.0,,,0.6767,0.8319,9500,30737.0,0.9378
443289,TIGI Hairdressing Academy Legacy,Colorado Springs,CO,7,3,1,1,11.0,0.0,72.0,,,,,,,,0.4609,0.5435,9500,22480.0,0.8056
443298,Trend Barber College,Houston,TX,6,3,1,1,11.0,0.0,30.0,,,,,,,,0.8438,0.7188,9500,16575.0,0.1
443322,Valley Grande Institute for Academic Studies,Weslaco,TX,6,2,1,1,21.0,0.0,84.0,,,,,,,,0.9524,0.9524,9317,33472.0,0.881
443331,West Coast University-Texas,Richardson,TX,6,3,3,4,11.0,0.0,2673.0,,,55938.0,36854.0,36854.0,0.3125,1.0,0.4481,0.8813,24145,102672.0,0.7849
443340,Williamson Christian College,Franklin,TN,5,2,3,4,13.0,0.0,41.0,,,,16090.0,16090.0,0.6667,0.5,0.3,0.125,PS,37474.0,0.5366
443410,DigiPen Institute of Technology,Redmond,WA,8,3,3,4,13.0,0.0,995.0,0.6442,1297.0,55588.0,38950.0,38950.0,0.6095,0.7619,0.2246,0.4251,21163,79878.0,0.3296
443492,Pierpont Community and Technical College,Fairmont,WV,5,1,2,2,32.0,0.0,959.0,,,14707.0,5762.0,13660.0,,,0.2192,0.1398,8618,35132.0,0.6058
443562,Dewey University-Hato Rey,Hato Rey,PR,9,2,3,4,11.0,0.0,244.0,,,11993.0,8180.0,8180.0,0.537,0.5667,0.937,0.2444,5000,19761.0,0.8648
443571,InterCoast Colleges-West Covina,West Covina,CA,8,3,1,3,21.0,0.0,535.0,,,,,,0.9712,0.8571,0.7315,0.7412,9500,36089.0,0.4841
443599,American College of Healthcare Sciences,Portland,OR,8,3,1,4,11.0,0.0,759.0,0.5349,,29923.0,13040.0,13040.0,1.0,1.0,0.6552,0.6059,9500,,0.9381
443632,Colorado Media School,Denver,CO,7,3,1,1,11.0,0.0,38.0,,,,,,,,0.5283,0.5975,9500,37423.0,0.1579
443641,Paul Mitchell the School-Rhode Island,Cranston,RI,1,3,1,1,21.0,0.0,181.0,,,,,,,,0.3835,0.4925,9500,26897.0,0.9834
443650,Miller-Motte College-Chattanooga,Chattanooga,TN,5,3,2,3,12.0,0.0,4462.0,,,,,,0.601,0.0,0.8617,0.8041,10661,31102.0,0.7741
443669,Milan Institute-Sparks,Sparks,NV,8,3,1,1,21.0,0.0,171.0,,,,,,,,0.6439,0.6547,7000,32493.0,0.9298
443696,Interactive College of Technology,Houston,TX,6,3,1,2,11.0,0.0,55.0,,,21968.0,10970.0,10970.0,,,0.6042,0.5625,5300,27182.0,0.6909
443702,Bexley Hall Seabury Western Theological Seminary Federation Inc.,Chicago,IL,3,2,4,4,11.0,0.0,,,,,,,,,,,PS,,
443766,Strayer University-Tennessee,Nashville,TN,5,3,3,4,11.0,0.0,1784.0,,,25158.0,13920.0,13920.0,0.0,1.0,0.8693,0.9157,14000,40092.0,0.8061
443784,Strayer University-Pennsylvania,Philadelphia,PA,2,3,3,4,21.0,0.0,1226.0,,,,13920.0,13920.0,0.0,,0.7256,0.8358,14000,40092.0,0.7651
443951,Charlie's Guard-Detective Bureau and Academy Inc,Aguadilla,PR,9,3,1,1,22.0,0.0,57.0,,,,,,,,0.9747,0.0,PS,21241.0,0.7193
443979,PCI Academy-Plymouth,Plymouth,MN,4,3,1,1,13.0,0.0,165.0,,,,,,,,0.3333,0.6816,4858,31330.0,1.0
444051,Creative Images Institute of Cosmetology-South Dayton,Dayton,OH,3,3,1,1,21.0,0.0,69.0,,,,,,,,0.3391,0.4261,9149,22271.0,1.0
444088,Brookline College-Albuquerque,Albuquerque,NM,6,3,3,3,11.0,0.0,542.0,,,,,,0.4706,0.0,0.4675,0.5076,9500,29576.0,0.8598
444103,Byzantine Catholic Seminary of Saints Cyril and Methodius,Pittsburgh,PA,2,2,4,4,11.0,0.0,,,,,,,,,,,,,
444130,Northcentral University,San Diego,CA,8,2,3,4,11.0,0.0,60.0,,,,,,,,0.3776,0.449,9430,48414.0,0.7833
444194,Bayamon Community College,Bayamon,PR,9,3,1,1,12.0,0.0,130.0,,,12185.0,8695.0,8695.0,,,0.9007,0.0,PS,18580.0,0.9769
444219,Folsom Lake College,Folsom,CA,8,1,2,2,13.0,0.0,9414.0,,,13901.0,1288.0,12616.0,,,0.1601,0.0216,9255,42568.0,0.5498
444228,LeGrand Institute of Cosmetology Inc,Camden,SC,5,3,1,1,31.0,0.0,33.0,,,,,,,,0.5476,0.619,9089,22831.0,1.0
444282,Empire Beauty School-Midlothian,Midlothian,VA,5,3,1,1,21.0,0.0,125.0,,,,,,,,0.5556,0.4967,7851,23921.0,0.944
444291,Empire Beauty School-Owings Mills,Owings Mills,MD,2,3,1,1,21.0,0.0,121.0,,,,,,,,0.6828,0.5683,8028,25073.0,0.9835
444307,Empire Beauty School-West Mifflin,West Mifflin,PA,2,3,1,1,21.0,0.0,82.0,,,,,,,,0.7119,0.6017,8028,25073.0,0.9634
444325,ATI College-Whittier,Whitter,CA,8,3,1,3,21.0,0.0,149.0,,,,,,0.7222,0.25,0.7044,0.7241,11853,38938.0,0.8188
444334,Advance Science International College,Miami Lakes,FL,5,3,2,2,21.0,0.0,0.0,,,,,,,,0.2881,0.3898,19000,24047.0,0.0
444361,ATA College,El Cajon,CA,8,3,1,2,21.0,0.0,80.0,,,,,,,,0.8632,0.7521,5500,35017.0,0.475
444370,American Advanced Technicians Institute,Hialeah,FL,5,3,1,1,21.0,0.0,23.0,,,,,,,,0.6939,0.7959,3789,39494.0,0.0
444398,Baptist University of the Americas,San Antonio,TX,6,2,3,3,11.0,0.0,99.0,,,13755.0,9180.0,9180.0,0.8,0.6667,0.2755,0.102,PS,37709.0,0.6061
444404,The Beauty Institute,West  Palm Beach,FL,5,3,1,1,21.0,0.0,18.0,,,,,,,,0.5682,0.5,PS,23023.0,0.7778
444413,Beis Medrash Heichal Dovid,Far Rockaway,NY,2,2,3,3,11.0,0.0,206.0,0.7895,,20540.0,10480.0,10480.0,0.5263,0.8354,0.1475,0.0,PS,,0.0
444440,Blue Cliff Career College,Mobile,AL,5,3,1,1,12.0,0.0,107.0,,,,,,,,0.4234,0.4526,6500,21365.0,0.9252
444468,Lawrenceburg Technical College,Lawrenceburg,TN,5,3,1,1,32.0,0.0,128.0,,,,,,,,0.6968,0.5032,PS,25089.0,0.9766
444486,Paul Mitchell the School-Charlotte,Charlotte,NC,5,3,1,1,11.0,0.0,97.0,,,,,,,,0.4434,0.5146,9500,23966.0,0.866
444510,CES College,Burbank,CA,8,2,1,1,12.0,0.0,118.0,0.68,,,,,,,0.6805,0.7692,16450,22916.0,0.8475
444529,Stellar Career College,Modesto,CA,8,3,1,1,21.0,0.0,46.0,,,,,,,,0.7732,0.701,4688,30337.0,0.9348
444556,Auguste Escoffier School of Culinary Arts-Austin,Austin,TX,6,3,2,2,11.0,0.0,305.0,,,,,,,,0.4574,0.5723,12000,36330.0,0.4525
444565,Culinary Institute Inc,Houston,TX,6,3,2,2,11.0,0.0,313.0,,,32893.0,18827.0,18827.0,,,0.564,0.5465,12167,32195.0,0.5559
444583,Escuela Hotelera de San Juan,Hato Rey,PR,9,3,1,1,11.0,0.0,397.0,,,23183.0,15462.0,15462.0,,,0.8807,0.1244,3500,20854.0,0.5491
444635,Orion Institute,Perrysburg,OH,3,3,1,1,21.0,0.0,44.0,,,,,,,,0.7386,0.7614,7885,25847.0,0.8409
444671,Industrial Technical College,Humacao,PR,9,3,1,1,21.0,0.0,109.0,,,10907.0,8400.0,8400.0,,,1.0,0.0,PS,17162.0,0.5046
444699,Institute of Clinical Acupuncture & Oriental Medicine,Honolulu,HI,8,3,4,4,11.0,0.0,,,,,,,,,,,PS,,
444714,Gwinnett College-Marietta Campus,Marietta,GA,5,3,1,2,13.0,0.0,205.0,,,,,,,,0.7006,0.8705,7815,25373.0,0.961
444732,Leston College,Bayamon,PR,9,3,1,1,12.0,0.0,49.0,,,,,,,,1.0,0.0,PS,16002.0,0.8163
444778,Charlotte Christian College and Theological Seminary,Charlotte,NC,5,2,2,4,11.0,0.0,24.0,,,,12858.0,12858.0,,,0.6667,0.8611,8701,33696.0,0.4167
444787,Nightingale College,Salt Lake City,UT,7,3,3,4,12.0,0.0,5986.0,,,,,,0.2063,0.5,0.415,0.7849,10500,27126.0,0.8496
444811,PITC Institute,Wyncote,PA,2,3,2,2,21.0,0.0,282.0,,,,,,,,0.5,0.5,9500,58389.0,0.9113
444857,Skinworks School of Advanced Skincare,Salt Lake City,UT,7,3,1,1,21.0,0.0,117.0,,,,,,,,0.4369,0.5437,6333,35562.0,0.9829
444866,Southeastern College-Columbia,Columbia,SC,5,3,1,2,21.0,0.0,267.0,0.9732,,39250.0,25080.0,25080.0,,,0.7711,0.8876,7811,31156.0,0.9513
444936,Turning Point Beauty College,Chandler,AZ,6,3,1,1,41.0,0.0,106.0,,,,,,,,0.6754,0.5707,6000,17556.0,0.8868
444945,Unitech Training Academy-Lafayette,Lafayette,LA,5,3,1,1,12.0,0.0,229.0,,,,,,,,0.8113,0.7768,6859,24707.0,0.8996
444954,Mountwest Community and Technical College,Huntington,WV,5,1,2,2,22.0,0.0,1160.0,,,15667.0,4938.0,12304.0,,,0.4215,0.2419,5136,28951.0,0.5802
445027,American InterContinental University System,Chandler,AZ,6,3,3,4,11.0,0.0,7111.0,,,22256.0,12397.0,12397.0,0.0851,0.3596,0.71,0.7042,9500,36144.0,0.6314
445054,Toyota Technological Institute at Chicago,Chicago,IL,3,2,4,4,11.0,0.0,,,,,,,,,,,,,
445133,American InterContinental University-Houston,Houston,TX,6,3,3,4,11.0,0.0,94.0,,,26087.0,14829.0,14829.0,0.0455,0.25,0.6855,0.7581,9500,36144.0,0.5957
445188,University of California-Merced,Merced,CA,8,1,3,4,22.0,0.0,8372.0,0.9053,,39665.0,15623.0,49823.0,0.6872,0.8213,0.5889,0.2855,12750,64368.0,0.452
445212,Paul Mitchell the School-Orlando,Oviedo,FL,5,3,1,1,21.0,0.0,174.0,,,,,,,,0.3586,0.4937,9500,26897.0,0.8161
445230,Pima Medical Institute-Las Vegas,Las Vegas,NV,8,3,1,2,12.0,0.0,678.0,,,,,,,,0.4602,0.5161,9500,38673.0,0.6976
445249,Remington College-Nashville Campus,Nashville,TN,5,2,1,2,11.0,0.0,280.0,,,34630.0,16258.0,16258.0,,,0.5806,0.4767,9500,31349.0,0.6821
445267,Central Methodist University-College of Graduate and Extended Studies,Fayette,MO,4,2,3,4,42.0,0.0,2092.0,0.8753,1120.0,22310.0,7440.0,7440.0,0.0,0.5294,0.3188,0.206,13292,48991.0,0.5196
445364,North-West College-Riverside,Riverside,CA,8,3,1,2,11.0,0.0,717.0,,,,,,,,0.6236,0.7344,9500,39876.0,0.8675
445498,Colegio Tecnico de Electricidad Galloza,Aguada,PR,9,3,1,1,22.0,0.0,7.0,,,,,,,,0.8906,0.0,PS,22859.0,0.0
445540,Arthur's Beauty College,Conway,AR,5,3,1,1,13.0,0.0,66.0,,,,,,,,0.6395,0.686,7931,21954.0,1.0
445647,Spa Tech Institute-Westboro,Westborough,MA,1,3,1,1,21.0,0.0,182.0,,,,,,,,0.3415,0.4564,6333,27803.0,0.989
445656,Spa Tech Institute-Plymouth,Plymouth,MA,1,3,1,1,21.0,0.0,233.0,,,,,,,,0.3407,0.4093,6333,27803.0,0.97
445692,Neumont College of Computer Science,Salt Lake City,UT,7,3,3,3,12.0,0.0,453.0,0.8678,1093.0,45890.0,27360.0,27360.0,0.627,0.7399,0.6226,0.8736,,97827.0,0.1611
445708,Johnson & Wales University-Charlotte,Charlotte,NC,5,2,2,3,11.0,0.0,1184.0,0.7988,1007.0,58022.0,42419.0,42419.0,0.4897,0.7152,0.5239,0.8112,16334,43418.0,0.6512
445735,Roseman University of Health Sciences,Henderson,NV,8,2,3,4,11.0,0.0,536.0,,,,,,,,0.2834,0.7942,25000,120163.0,0.7593
445744,Fortis Institute-Port Saint Lucie,Port Saint Lucie,FL,5,3,1,2,12.0,0.0,546.0,,,31929.0,14839.0,14839.0,,,0.7704,0.7975,9500,32886.0,0.7784
445762,Aviation Institute of Maintenance-Manassas,Manassas,VA,5,3,1,1,21.0,0.0,272.0,,,30992.0,16757.0,16757.0,,,0.2751,0.2434,19500,46441.0,0.0735
445780,Cosmetology School of Arts & Sciences,Burley,ID,7,3,1,1,32.0,0.0,40.0,,,,,,,,0.7397,0.6575,6790,19120.0,0.875
445799,Universal Technical Institute of Pennsylvania Inc,Exton,PA,2,3,1,2,21.0,0.0,954.0,,,,,,,,0.5293,0.6152,11574,51222.0,0.0776
445841,Kenneth Shuler School of Cosmetology-Spartanburg,Spartanburg,SC,5,3,1,1,13.0,0.0,113.0,,,,,,,,0.658,0.6059,5775,25088.0,0.9823
445869,Divine Mercy University,Sterling,VA,5,2,4,4,21.0,0.0,,,,,,,,,,,,,
445911,Lincoln Technical Institute-Shelton,Shelton,CT,1,3,1,1,13.0,0.0,875.0,,,,,,,,0.6082,0.7912,9500,38683.0,0.5086
445948,Northwest Career College,Las Vegas,NV,8,3,1,2,11.0,0.0,2937.0,,,,,,,,0.7338,0.7516,8314,27530.0,0.8318
445957,Soma Institute-The National School of Clinical Massage Therapy,Chicago,IL,3,3,1,1,11.0,0.0,233.0,,,,,,,,0.5934,0.5332,5536,32349.0,0.7167
446002,American Academy of Health and Wellness,Roseville,MN,4,3,4,4,21.0,0.0,,,,,,,,,,,PS,,
446039,Arizona School of Acupuncture and Oriental Medicine,Tucson,AZ,6,3,4,4,11.0,0.0,,,,,,,,,,,PS,,
446048,Ave Maria University,Ave Maria,FL,5,2,3,4,42.0,0.0,1298.0,0.4139,,46129.0,30198.0,30198.0,0.5394,0.7893,0.2104,0.452,12000,49520.0,0.53
446084,CALC Institute of Technology,Alton,IL,3,3,1,1,23.0,0.0,83.0,,,,,,,,0.8174,0.7391,9354,32088.0,0.8795
446093,Sutter County Career Training Center,Yuba City,CA,8,1,1,1,13.0,0.0,54.0,,,,,,,,0.5909,0.2955,9500,34846.0,0.9444
446109,Cambridge College of Healthcare & Technology,Altamonte Springs,FL,5,3,1,2,21.0,0.0,381.0,,,28779.0,18168.0,18168.0,0.4722,0.0,0.6678,0.7383,14656,28190.0,0.8425
446118,Career Care Institute,Lancaster,CA,8,3,1,2,21.0,0.0,620.0,,,,,,,,0.5974,0.6278,10296,39888.0,0.8629
446127,ATA Career Education,Spring Hill,FL,5,3,1,3,22.0,0.0,201.0,,,32225.0,14895.0,14895.0,0.6667,,0.9159,0.9292,15834,34577.0,0.9055
446163,Community Christian College,Quartzsite,AZ,6,2,2,2,13.0,0.0,424.0,,,27218.0,9675.0,9675.0,,,0.9019,0.9276,3668,39217.0,0.033
446206,Culpeper Cosmetology Training Center,Culpeper,VA,5,1,1,1,32.0,0.0,34.0,,,,,,,,0.4038,0.4038,9833,,0.9706
446224,Eastern School of Acupuncture and Traditional Medicine,Bloomfield,NJ,2,3,1,4,21.0,0.0,2.0,,,,,,,,0.0,0.0,PS,48962.0,1.0
446233,Ecclesia College,Springdale,AR,5,2,3,3,41.0,0.0,108.0,0.7381,,31571.0,16850.0,16850.0,0.4,0.4839,0.4855,0.5435,9000,40650.0,0.287
446242,Employment Solutions-College for Technical Education,Lexington,KY,5,2,1,1,11.0,0.0,203.0,,,,,,,,0.5702,0.6017,9500,20156.0,0.8227
446251,Estelle Medical Academy,Skokie,IL,3,3,1,1,13.0,0.0,66.0,,,12400.0,9180.0,9180.0,,,0.6308,0.3231,5657,24290.0,0.697
446260,Evergreen Beauty and Barber College-Everett,Everett,WA,8,3,1,1,12.0,0.0,1172.0,,,,,,,,0.4047,0.4843,7667,26872.0,0.9753
446288,Paul Mitchell the School-Great Lakes,Port Huron,MI,3,3,1,1,23.0,0.0,75.0,,,,,,,,0.3434,0.3838,8389,16715.0,0.96
446303,Healthcare Training Institute,Union,NJ,2,3,1,1,21.0,0.0,48.0,0.4167,,,,,,,0.3333,0.3733,7245,37571.0,1.0
446349,John D Rockefeller IV Career Center,New Cumberland,WV,5,1,1,1,41.0,0.0,20.0,,,25581.0,10140.0,10140.0,,,0.7143,0.5714,9500,43264.0,0.9
446385,Los Angeles College of Music,Pasadena,CA,8,3,3,4,12.0,0.0,227.0,0.8771,,49705.0,30540.0,30540.0,0.4127,0.6129,0.2022,0.3221,17521,31758.0,0.4581
446516,Rosslyn Training Academy of Cosmetology,Aguada,PR,9,3,1,0,22.0,0.0,21.0,,,8467.0,7277.0,7277.0,,,0.6667,0.0,PS,11998.0,0.7143
446525,SAE Institute of Technology-Nashville,Nashville,TN,5,3,1,3,11.0,0.0,1712.0,,,29991.0,17514.0,17514.0,0.4173,,0.6056,0.7011,9245,39544.0,0.1887
446552,Southern Technical College,Orlando,FL,5,3,1,2,21.0,0.0,1875.0,,,,,,,,0.6617,0.6723,9500,29893.0,0.3611
446561,Stanbridge University,Irvine,CA,8,3,3,4,11.0,0.0,2643.0,0.1,,,,,0.6209,0.8356,0.6119,0.8961,16500,62144.0,0.8006
446598,Universal College of Healing Arts,Omaha,NE,4,3,1,2,11.0,0.0,26.0,,,24110.0,11822.0,11822.0,,,0.6667,0.6667,10303,28865.0,0.7308
446604,Uta Mesivta of Kiryas Joel,Monroe,NY,2,2,3,3,13.0,0.0,2957.0,,,21682.0,16000.0,16000.0,0.7019,0.9399,0.874,0.0,PS,31853.0,0.0
446640,Harrisburg University of Science and Technology,Harrisburg,PA,2,2,3,4,13.0,0.0,615.0,0.8735,,35893.0,24400.0,24400.0,0.3387,0.7388,0.4735,0.5613,11848,52374.0,0.2943
446774,Blue Ridge Community and Technical College,Martinsburg,WV,5,1,2,2,41.0,0.0,1661.0,,,11522.0,4752.0,8808.0,,,0.2038,0.1309,8000,39293.0,0.6111
447014,Daytona College,Ormond Beach,FL,5,3,1,2,13.0,0.0,191.0,,,,,,0.8571,,0.5915,0.6993,6723,26422.0,0.9372
447023,Delta Technical College-Mississippi,Horn Lake,MS,5,3,1,1,21.0,0.0,2307.0,,,,,,,,0.8548,0.9008,9251,33601.0,0.4889
447050,United States University,Sandy Springs,CA,8,3,3,4,11.0,0.0,153.0,,,,6780.0,6780.0,,,0.1573,0.1404,13598,80980.0,0.6797
447148,Empire Beauty School-Avondale,Avondale,AZ,6,3,1,1,21.0,0.0,236.0,,,,,,,,0.5903,0.4928,6333,23589.0,0.9492
447166,Empire Beauty School-Littleton,Littleton,CO,7,3,1,1,21.0,0.0,48.0,,,,,,,,0.4444,0.4306,6222,24022.0,0.9583
447175,Empire Beauty School-Aurora,Aurora,CO,7,3,1,1,11.0,0.0,70.0,,,,,,,,0.5693,0.438,6222,24022.0,0.9286
447263,Joyce University of Nursing and Health Sciences,Draper,UT,7,3,2,4,21.0,0.0,2058.0,0.6188,,30016.0,21680.0,21680.0,0.5417,0.8605,0.7024,0.4334,10470,49841.0,0.8479
447351,San Joaquin Valley College-Modesto,Salida,CA,8,3,1,2,21.0,0.0,598.0,,,,,,,,0.5937,0.6548,9773,38317.0,0.3946
447421,Eagle Gate College-Layton,Layton,UT,7,3,3,3,21.0,0.0,226.0,,,,,,0.3846,0.6667,0.3764,0.4649,20000,37518.0,0.9027
447449,Academy Of Hair Design,Jasper,TX,6,3,1,1,33.0,0.0,52.0,,,,,,,,0.5735,0.9706,9500,20892.0,0.7692
447467,Unitech Training Academy-West Monroe,West Monroe,LA,5,3,1,1,22.0,0.0,81.0,,,,,,,,0.7769,0.7984,6859,24707.0,0.963
447582,New River Community and Technical College,Beaver,WV,5,1,2,2,41.0,0.0,770.0,,,12132.0,5156.0,9646.0,,,0.3899,0.1165,5177,29073.0,0.6649
447591,The College of Health Care Professions-Southwest Houston,Houston,TX,6,3,1,2,11.0,0.0,681.0,,,,,,,,0.7132,0.7226,9473,33070.0,0.8576
447607,UEI College-Chula Vista,Chula Vista,CA,8,3,1,1,11.0,0.0,1373.0,,,,,,,,0.7016,0.6729,9500,31141.0,0.3773
447616,UEI College-West Covina,West Covina,CA,8,3,1,1,21.0,0.0,978.0,,,,,,,,0.6989,0.7138,9500,31141.0,0.3476
447689,Georgia Gwinnett College,Lawrenceville,GA,5,1,3,3,21.0,0.0,11344.0,0.955,,22547.0,4532.0,13844.0,0.2147,0.6337,0.5181,0.2469,9000,47730.0,0.5921
447698,Phoenix Institute of Herbal Medicine & Acupuncture,Phoenix,AZ,6,3,4,4,11.0,0.0,,,,,,,,,,,PS,,
447704,Tucson College of Beauty,Tucson,AZ,6,3,1,1,11.0,0.0,144.0,,,,,,,,0.4711,0.5244,6333,27314.0,0.9792
447713,California Career College,Canoga Park,CA,8,3,2,3,11.0,0.0,190.0,,,,,,1.0,,0.2924,0.9136,26375,51684.0,0.7263
447722,Palladium Technical Academy Inc,Temple City,CA,8,3,1,1,21.0,0.0,49.0,,,,,,,,1.0,1.0,7405,34799.0,0.9592
447731,Los Angeles College of Aesthetics,Los Angeles,CA,8,3,1,1,11.0,0.0,117.0,,,,,,,,0.4313,0.3223,3666,16540.0,0.8803
447759,National Polytechnic College,Lakewood,CA,8,3,2,2,21.0,0.0,516.0,,,,,,,,0.5132,0.634,13798,30781.0,0.6725
447768,American Career College-Ontario,Ontario,CA,8,3,1,2,12.0,0.0,2242.0,,,,,,,,0.6365,0.683,9500,38492.0,0.7756
447777,Asher College,Sacramento,CA,8,3,2,2,21.0,0.0,649.0,,,,,,,,0.5609,0.6037,10517,45468.0,0.4083
447795,American Institute of Massage Therapy,Santa Ana,CA,8,3,1,1,11.0,0.0,19.0,,,,,,,,0.0122,0.0,PS,,0.7368
447801,University of East-West Medicine,Sunnyvale,CA,8,3,4,4,12.0,0.0,,,,,,,,,,,PS,,
447810,Blake Austin College,Vacaville,CA,8,3,1,1,22.0,0.0,217.0,,,,,,,,0.5982,0.5863,9500,42518.0,0.8848
447847,Aviator College of Aeronautical Science and Technology,Fort Pierce,FL,5,3,1,2,21.0,0.0,256.0,,,48190.0,44975.0,44975.0,,,0.3494,0.747,12000,67739.0,0.1055
447865,Trendsetters School of Beauty & Barbering,Jacksonville,FL,5,3,1,1,11.0,0.0,18.0,,,,,,,,0.4242,0.3939,9500,25222.0,0.3889
447883,American Institute of Beauty,Largo,FL,5,3,1,1,21.0,0.0,151.0,,,,,,,,0.7304,0.7625,6333,20371.0,0.8543
447892,North Florida Cosmetology Institute,Tallahassee,FL,5,3,1,1,12.0,0.0,91.0,,,,,,,,0.7305,0.6454,6334,23615.0,0.8901
447908,Florida Academy of Health & Beauty,Oakland Park,FL,5,3,1,1,21.0,0.0,54.0,,,,,,,,0.6408,0.3592,3300,18116.0,1.0
447917,Augusta School of Massage,Evans,GA,5,3,1,1,21.0,0.0,34.0,,,,,,,,0.6515,0.6515,4701,25408.0,0.7647
447935,ATA College,Louisville,KY,5,3,2,2,21.0,0.0,363.0,,,31920.0,14200.0,14200.0,,,0.8368,0.9436,15834,34577.0,0.9669
447953,SUM Bible College and Theological Seminary,El Dorado Hills,CA,8,2,3,4,21.0,0.0,198.0,0.4068,,24956.0,10460.0,10460.0,0.8481,0.6429,0.4465,0.4308,13815,35418.0,0.399
447962,Compass Career College,Hammond,LA,5,3,1,1,23.0,0.0,194.0,,,,,,,,0.8247,0.6186,7451,21175.0,0.9742
447980,Nuvo College of Cosmetology,Norton Shores,MI,3,3,1,1,13.0,0.0,96.0,,,,,,,,0.3455,0.2273,5500,18159.0,0.9583
447999,WellSpring School of Allied Health-Kansas City,Kansas City,MO,4,3,1,2,11.0,0.0,208.0,,,,,,,,0.898,0.8503,7917,29839.0,0.7404
448026,The Salon Professional Academy-Fargo,Fargo,ND,4,3,1,1,12.0,0.0,95.0,,,,,,,,0.2823,0.3589,12000,31497.0,0.9895
448071,Aveda Arts & Sciences Institute-New York,New York,NY,2,3,1,1,11.0,0.0,293.0,,,,,,,,0.4621,0.5,6027,28013.0,0.942
448123,MyrAngel Beauty Institute,San Lorenzo,PR,9,3,1,1,21.0,0.0,193.0,,,,,,,,0.9873,0.3644,PS,16758.0,0.9016
448196,Texas Health School,Houston,TX,6,3,1,2,11.0,0.0,192.0,,,,,,,,0.6051,0.6449,8334,30187.0,0.8802
448220,Paul Mitchell the School-Logan,Logan,UT,7,3,1,1,13.0,0.0,133.0,,,,,,,,0.4009,0.3255,7000,23620.0,0.8797
448239,Careers Unlimited,Orem,UT,7,3,3,3,13.0,0.0,118.0,,,,,,,,0.5449,0.7472,27396,30829.0,0.9831
448248,Mountainland Technical College,Lehi,UT,7,1,1,1,13.0,0.0,2774.0,,,,,,,,0.0856,0.0,PS,31963.0,0.3753
448257,Avi Career Training,vienna,VA,5,3,1,1,21.0,0.0,22.0,,,,,,,,0.75,0.75,6333,28615.0,1.0
448275,Mountain State School of Massage,Charleston,WV,5,3,1,1,13.0,0.0,32.0,,,,,,,,0.9091,1.0,8181,27545.0,0.8125
448372,San Joaquin Valley College-Rancho Cordova,Rancho Cordova,CA,8,3,2,2,13.0,0.0,224.0,,,,,,,,0.4006,0.7276,9773,38317.0,0.5714
448424,Broken Arrow Beauty College,Broken Arrow,OK,6,3,1,1,21.0,0.0,71.0,,,,,,,,0.562,0.4745,6333,23722.0,0.8451
448433,Universal Technical Institute of Northern California Inc,Sacramento,CA,8,3,2,2,11.0,0.0,1214.0,,,,,,,,0.5665,0.6405,10247,48341.0,0.0692
448594,Lemoore College,Lemoore,CA,8,1,2,2,41.0,0.0,3373.0,,,21457.0,1384.0,10954.0,,,0.432,0.0103,7480,40292.0,0.63
448600,Stautzenberger College-Brecksville,Brecksville,OH,3,3,2,2,21.0,0.0,62.0,,,29518.0,16699.0,16699.0,,,0.6327,0.898,13127,34104.0,0.9839
448646,Unitech Training Academy-Houma,Houma,LA,5,3,1,1,13.0,0.0,47.0,,,,,,,,0.8193,0.8151,6859,24707.0,0.9574
448673,Rasmussen University-Illinois,Rockford,IL,3,3,2,2,12.0,0.0,1145.0,,,27601.0,14078.0,14078.0,,,0.6194,0.7815,13000,39080.0,0.8987
448691,International Institute for Restorative Practices,Bethlehem,PA,2,2,4,4,13.0,0.0,,,,,,,,,,,,,
448770,Automotive Training Center-Warminster,Warminster,PA,2,3,1,1,21.0,0.0,302.0,,,,,,,,0.5648,0.6366,12661,51112.0,0.0662
448798,Empire Beauty School-Milwaukee,Milwaukee,WI,3,3,1,1,11.0,0.0,111.0,,,,,,,,0.6566,0.5303,6333,23589.0,0.9369
448895,Milan Institute-Clovis,Clovis,CA,8,3,1,1,21.0,0.0,560.0,,,,,,,,0.6998,0.6643,6333,24879.0,0.8661
449038,Strayer University-Florida,Tampa,FL,5,3,3,4,21.0,0.0,1107.0,,,25158.0,13920.0,13920.0,1.0,0.6667,0.7869,0.8554,14000,40092.0,0.7218
449074,Pima Medical Institute-Renton,Renton,WA,8,3,1,2,12.0,0.0,456.0,,,,,,,,0.3676,0.4981,9500,38673.0,0.8509
449083,College of Business and Technology,Miami,FL,5,3,1,1,21.0,0.0,508.0,,,24550.0,14030.0,14030.0,,,0.9181,0.9181,8500,29534.0,0.0118
449092,College of Business and Technology,Hialeah,FL,5,3,1,1,21.0,0.0,547.0,,,17988.0,14030.0,14030.0,,,0.7911,0.7911,8500,29534.0,0.0
449135,Dewey University-Juana Diaz,Juana Diaz,PR,9,2,2,3,23.0,0.0,263.0,,,11572.0,7630.0,7630.0,0.7333,0.5938,0.8971,0.177,5000,19761.0,0.7909
449250,The College of Health Care Professions-San Antonio,San Antonio,TX,6,3,1,2,11.0,0.0,766.0,,,,,,,,0.6326,0.6783,9473,33070.0,0.7977
449311,Brittany Beauty Academy,Bronx,NY,2,3,1,1,11.0,0.0,136.0,,,,,,,,0.61,0.4981,6333,18753.0,1.0
449320,Lincoln Technical Institute-Whitestone,Whitestone,NY,2,3,1,1,11.0,0.0,1131.0,,,,,,,,0.7276,0.8056,9524,46396.0,0.0283
449339,American Public University System,Charles Town,WV,5,3,3,4,31.0,0.0,40074.0,,,18768.0,8400.0,8400.0,0.5716,0.9714,0.2455,0.1216,10282,44409.0,0.3554
449348,Huntsville Bible College,Huntsville,AL,5,2,1,4,12.0,0.0,64.0,,,,4730.0,4730.0,0.0,,0.4268,0.5366,28500,,0.7031
449357,Beaumont Adult School,Beaumont,CA,8,1,1,1,21.0,0.0,108.0,,,,,,,,0.7328,0.7939,14220,50801.0,0.8981
449384,Gnomon,North Hollywood,CA,8,3,3,3,11.0,0.0,294.0,0.4182,,54947.0,37635.0,37635.0,1.0,0.9,0.1081,0.1766,28332,114785.0,0.4286
449393,MJ Barber & Beauty Academy,La Quinta,CA,8,3,1,1,21.0,0.0,66.0,,,,,,,,0.7197,0.6667,2333,19665.0,0.5152
449454,Academy of Natural Therapy Inc,Greeley,CO,7,3,1,1,12.0,0.0,13.0,,,,,,,,0.6508,0.6667,7917,25770.0,0.7692
449463,Academy Di Capelli-School of Cosmetology,Wallingford,CT,1,3,1,1,21.0,0.0,402.0,,,,,,,,0.5376,0.7457,6333,,0.6866
449472,The Salon Professional Academy,Dagsboro,DE,2,3,1,1,32.0,0.0,81.0,,,,,,,,0.4323,0.5355,6333,23718.0,0.9753
449481,Dragon Rises College of Oriental Medicine,Bradenton,FL,5,2,4,4,21.0,0.0,,,,,,,,,,,PS,,
449506,SABER College,Miami,FL,5,2,2,2,11.0,0.0,482.0,0.8037,,,,,,,0.8915,0.7618,22000,40816.0,0.6992
449524,Taylor College,Ocala,FL,5,3,2,2,13.0,0.0,308.0,,,27241.0,14580.0,14580.0,,,0.7578,0.8386,19000,60311.0,0.9253
449603,Denmark College,Merrillville,IN,3,3,1,1,21.0,0.0,175.0,,,,,,,,0.6398,0.6628,5991,23538.0,0.3829
449612,Louisiana Culinary Institute,Baton Rouge,LA,5,3,2,2,21.0,0.0,77.0,0.375,,30162.0,15575.0,15575.0,,,0.3889,0.6889,15250,40359.0,0.5844
449658,Bais Medrash Toras Chesed,Lakewood,NJ,2,2,3,3,13.0,0.0,132.0,0.5765,,14000.0,8100.0,8100.0,0.3333,0.9091,0.272,0.0,PS,,0.0
449676,Ace Institute of Technology,New York,NY,2,3,1,1,11.0,0.0,275.0,,,,,,,,0.5772,0.7241,6000,,0.6873
449685,New Age Training,New York,NY,2,3,1,1,11.0,0.0,187.0,,,,,,,,0.0,0.0,5800,31997.0,0.8503
449700,Dayton School of Medical Massage,Dayton,OH,3,3,1,1,13.0,0.0,376.0,,,33911.0,18122.0,18122.0,,,0.9294,0.9271,9500,31071.0,0.7287
449728,ATA College,Tulsa,OK,6,3,2,2,11.0,0.0,193.0,,,30905.0,18850.0,18850.0,,,0.7697,0.8596,15069,40823.0,0.9637
449764,Visible Music College,Memphis,TN,5,2,3,4,11.0,0.0,79.0,0.2803,1050.0,31820.0,22000.0,22000.0,0.2286,0.6667,0.4881,0.5774,9500,35933.0,0.443
449773,CCI Training Center-Arlington,Arlington,TX,6,3,1,1,11.0,0.0,305.0,,,,,,,,0.8505,0.794,7662,40829.0,0.9475
449807,Southeast Texas Career Institute,Silsbee,TX,6,3,1,1,31.0,0.0,75.0,,,,,,,,0.3776,0.3776,4584,24835.0,0.9333
449816,Southwest Technical College,Cedar City,UT,7,1,1,1,33.0,0.0,540.0,,,,,,,,0.134,0.0,PS,35507.0,0.2926
449834,Virginia Beach Theological Seminary,Virginia Beach,VA,5,2,4,4,11.0,0.0,1.0,,,,,,,,,,,,0.0
449861,Milwaukee Career College,Milwaukee,WI,3,3,1,2,21.0,0.0,67.0,0.7286,,,,,,,0.9198,1.0,5500,28355.0,0.8955
449870,University of the West,Rosemead,CA,8,2,3,4,21.0,0.0,32.0,1.0,,21278.0,15446.0,15446.0,0.375,0.5,0.283,0.1887,15000,,0.7188
449889,American College of Education,Indianapolis,IN,3,3,3,4,11.0,0.0,359.0,,,,,,,,0.0,0.0,,,0.8134
449898,South University-Tampa,Tampa,FL,5,3,3,4,11.0,0.0,388.0,,,30414.0,18145.0,18145.0,0.2333,0.5,0.4897,0.6,13000,34421.0,0.7474
449904,Milan Institute of Cosmetology-San Antonio Military,San Antonio,TX,6,3,1,1,11.0,0.0,225.0,,,,,,,,0.6995,0.6114,6070,22378.0,0.9156
449922,Appalachian College of Pharmacy,Oakwood,VA,5,2,4,4,42.0,0.0,,,,,,,,,,,PS,,
449959,Paul Mitchell the School-Tampa,Tampa,FL,5,3,1,1,21.0,0.0,106.0,,,,,,,,0.4869,0.5236,9500,26897.0,0.8113
449968,Paul Mitchell the School-San Diego,San Diego,CA,8,3,1,1,11.0,0.0,225.0,,,,,,,,0.2798,0.3257,9500,26897.0,0.84
449977,Paul Mitchell the School-Michigan,Sterling Heights,MI,3,3,1,1,21.0,0.0,136.0,,,,,,,,0.3816,0.43,9500,26897.0,0.9559
449986,Paul Mitchell the School-Sherman Oaks,Sherman Oaks,CA,8,3,1,1,11.0,0.0,286.0,,,,,,,,0.5961,0.5474,9583,26262.0,0.8392
450058,Fortis College-Columbus,Westerville,OH,3,3,1,2,21.0,0.0,766.0,,,34877.0,14935.0,14935.0,,,0.7343,0.7775,9500,36368.0,0.7846
450067,Fortis College-Cincinnati,Cincinnati,OH,3,3,1,2,21.0,0.0,500.0,,,36925.0,14763.0,14763.0,,,0.8175,0.7835,9500,36368.0,0.668
450128,Blue Cliff College-Alexandria,Alexandria,LA,5,3,1,1,13.0,0.0,345.0,,,,,,,,0.7985,0.7758,8265,22177.0,0.9536
450298,Strayer University-Delaware,Wilmington,DE,2,3,3,4,13.0,0.0,161.0,,,25158.0,13920.0,13920.0,,0.0,0.6958,0.8042,14000,40092.0,0.7578
450304,Brite Divinity School,Fort Worth,TX,6,2,4,4,11.0,0.0,,,,,,,,,,,19000,68424.0,
450377,Strayer University-Alabama,Birmingham,AL,5,3,3,4,12.0,0.0,1196.0,,,,13920.0,13920.0,0.0,,0.852,0.9097,14000,40092.0,0.8085
450395,Brown Aveda Institute-Strongsville,Strongsville,OH,3,3,1,1,21.0,0.0,121.0,,,,,,,,0.5106,0.6553,6333,27446.0,0.9669
450401,Clary Sage College,Tulsa,OK,6,2,1,2,11.0,0.0,415.0,,,,,,,,0.6467,0.6436,7934,28954.0,0.8554
450571,Rasmussen University-Wisconsin,Green Bay,WI,3,3,2,3,12.0,0.0,55.0,,,,,,0.5667,,0.5342,0.7578,13000,39080.0,0.9818
450599,Empire Beauty School-Richmond,Richmond,VA,5,3,1,1,21.0,0.0,77.0,,,,,,,,0.5887,0.5968,7851,23921.0,0.987
450605,Empire Beauty School-North Hills,Pittsburgh,PA,2,3,1,1,21.0,0.0,83.0,,,,,,,,0.7203,0.6949,6633,22377.0,0.988
450614,Empire Beauty School-Concord,Concord,NC,5,3,1,1,12.0,0.0,110.0,,,,,,,,0.6906,0.565,7667,23925.0,0.9636
450632,Lexington Healing Arts Academy,Lexington,KY,5,3,1,1,11.0,0.0,78.0,,,,,,,,0.4354,0.551,7439,33193.0,0.7949
450641,Empire Beauty School-Hooksett,Hooksett,NH,1,3,1,1,22.0,0.0,306.0,,,,,,,,0.3083,0.4625,7461,33546.0,0.9346
450650,The Institute of Beauty and Wellness,Milwaukee,WI,3,3,1,1,11.0,0.0,186.0,,,,,,,,0.5372,0.7548,6333,31723.0,0.9624
450696,Carrington College-Stockton,Stockton,CA,8,3,1,2,11.0,0.0,436.0,,,,,,,,0.6429,0.6968,10460,39633.0,0.7706
450711,Trend Barber College,Houston,TX,6,3,1,1,11.0,0.0,61.0,,,,,,,,0.7554,0.705,9500,16575.0,0.1967
450933,Columbia Southern University,Orange Beach,AL,5,3,3,4,31.0,0.0,12176.0,,,18226.0,6760.0,6760.0,0.3328,0.7099,0.2419,0.2578,13980,63534.0,0.3598
450951,Arizona Culinary Institute,Scottsdale,AZ,6,3,1,1,12.0,0.0,149.0,,,,,,,,0.4701,0.5342,9500,41651.0,0.4899
450960,Healthcare Career College,Paramount,CA,8,3,1,2,21.0,0.0,447.0,,,,,,,,0.5133,0.4413,9500,32613.0,0.9329
450988,Coastline Beauty College,Fountain Valley,CA,8,3,1,1,13.0,0.0,203.0,,,,,,,,0.5352,0.0,PS,11585.0,0.931
451042,Branford Academy of Hair & Cosmetology,Branford,CT,1,3,1,0,21.0,0.0,51.0,,,,,,,,0.087,0.0,6333,,0.6275
451051,Academy of Massage and Bodywork,Bear,DE,2,3,1,1,21.0,0.0,81.0,,,,,,,,0.4491,0.4551,6333,31204.0,0.9506
451079,Academy for Five Element Acupuncture,Gainesville,FL,5,2,4,4,12.0,0.0,,,,,,,,,,,PS,,
451097,Academy of Career Training,Kissimmee,FL,5,3,1,1,13.0,0.0,100.0,,,,,,,,0.2194,0.3226,5500,22029.0,0.73
451103,Miami Regional University,Miami Springs,FL,5,3,2,4,21.0,0.0,312.0,,,,,,0.8448,0.9655,0.3091,0.7368,20000,29081.0,0.7147
451149,Aveda Institute-South Florida,Davie,FL,5,3,1,1,21.0,0.0,923.0,,,,,,,,0.3128,0.34,6333,29426.0,0.9296
451158,Aveda Institute-Tampa Bay,Clearwater,FL,5,3,1,1,21.0,0.0,620.0,,,,,,,,0.1896,0.263,6333,29449.0,0.9565
451167,Shear Excellence Hair Academy,Tampa,FL,5,3,1,1,21.0,0.0,118.0,,,,,,,,0.5331,0.5603,7464,23366.0,0.5763
451194,Carlson College of Massage Therapy,Anamosa,IA,4,3,1,1,42.0,0.0,39.0,,,,,,,,0.55,0.675,4736,26893.0,0.7949
451228,MyComputerCareer at Indianapolis,Indianapolis,IN,3,3,1,2,11.0,0.0,1144.0,,,,,,,,0.5936,0.6321,9500,41976.0,0.1932
451237,Z Hair Academy,Overland Park,KS,4,3,1,1,12.0,0.0,235.0,1.0,,,,,,,0.4458,0.6265,9833,27346.0,0.9957
451255,DiGrigoli School of Cosmetology,West Springfield,MA,1,3,1,1,21.0,0.0,21.0,,,,,,,,0.0421,0.0,PS,14195.0,0.9524
451282,Elevate Salon Institute,Royal Oak,MI,3,3,1,1,21.0,0.0,197.0,,,,,,,,0.1944,0.2284,6333,16853.0,0.9594
451291,Lakewood School of Therapeutic Massage,Port Huron,MI,3,3,1,1,23.0,0.0,10.0,,,,,,,,0.8421,0.8421,7917,16682.0,0.9
451307,The Salon Professional Academy-Battle Creek,Battle Creek,MI,3,3,1,1,13.0,0.0,49.0,,,,,,,,0.6364,0.6494,6333,21504.0,0.9796
451316,Trend Setters School,Cape Girardeau,MO,4,3,1,1,13.0,0.0,65.0,,,,,,,,0.7157,0.7157,9500,23185.0,0.7692
451334,Academy of Hair Design-Springfield,Springfield,MO,4,3,1,1,12.0,0.0,275.0,,,,,,,,0.6118,0.7129,7917,25129.0,0.6836
451343,Corinth Academy of Cosmetology,Corinth,MS,5,3,1,1,33.0,0.0,90.0,,,,,,,,0.5229,0.3987,5500,25685.0,0.9778
451352,Southeastern College-Charlotte,Charlotte,NC,5,3,1,2,11.0,0.0,252.0,0.9367,,38136.0,25080.0,25080.0,,,0.7143,0.9124,9500,31548.0,0.9325
451370,Yeshivas Be'er Yitzchok,Elizabeth,NJ,2,2,3,3,21.0,0.0,90.0,0.8621,,36850.0,11450.0,11450.0,0.1429,1.0,0.5385,0.0,PS,82560.0,0.0
451398,Yeshiva Toras Chaim,Lakewood,NJ,2,2,3,3,21.0,0.0,227.0,0.4425,,23250.0,12750.0,12750.0,0.3103,0.9194,0.3778,0.0,PS,62526.0,0.0
451404,Talmudical Seminary of Bobov,Brooklyn,NY,2,2,3,3,11.0,0.0,602.0,0.9787,,19000.0,13200.0,13200.0,0.3922,0.6869,0.9689,0.0,PS,22432.0,0.0
451413,Center for Allied Health Education,Brooklyn,NY,2,3,1,1,11.0,0.0,437.0,0.1852,,,,,,,0.4098,0.7064,9500,107249.0,0.7368
451468,Aveda Fredric's Institute-Cincinnati,West Chester,OH,3,3,1,1,21.0,0.0,453.0,,,,,,,,0.4866,0.5614,7917,30468.0,0.9845
451477,MyComputerCareer at Columbus,Columbus,OH,3,3,1,1,11.0,0.0,821.0,,,,,,,,0.3085,0.3496,9500,43409.0,0.179
451495,CDE Career Institute,Tannersville,PA,2,3,1,1,41.0,0.0,311.0,,,,,,,,0.8198,0.9687,9500,30894.0,0.7395
451501,Instituto Educativo Premier,Ponce,PR,9,3,1,1,12.0,0.0,290.0,,,,,,,,0.8755,0.0,PS,20182.0,0.6828
451510,Charleston School of Law,Charleston,SC,5,3,4,4,12.0,0.0,,,,,,,,,,,PS,,
451529,Elite College of Cosmetology,Lexington,TN,5,3,1,1,32.0,0.0,53.0,,,,,,,,0.6588,0.4588,5500,21197.0,1.0
451547,Manuel and Theresa's School of Hair Design-Bryan,Bryan,TX,6,3,1,1,13.0,0.0,13.0,,,,,,,,0.6429,0.7143,6692,,0.9231
451556,Southwest University at El Paso,El Paso,TX,6,3,2,3,11.0,0.0,2073.0,,,23987.0,16000.0,16000.0,0.5942,0.6382,0.8219,0.7561,14000,29648.0,0.6778
451565,Paul Mitchell the School-Austin,Austin,TX,6,3,1,1,11.0,0.0,171.0,,,,,,,,0.4611,0.4701,7917,23721.0,0.8304
451574,Aveda Institute-Provo,Provo,UT,7,3,1,1,12.0,0.0,164.0,,,,,,,,0.2278,0.2973,6949,20414.0,0.9756
451583,Dixie Technical College,Saint George,UT,7,1,1,1,12.0,0.0,1144.0,,,,,,,,0.1344,0.0,PS,31051.0,0.2631
451626,Victoria's Academy of Cosmetology,Kennewick,WA,8,3,1,1,13.0,0.0,34.0,,,,,,,,0.514,0.5047,7400,24668.0,0.9118
451714,Paul Mitchell the School-San Antonio,San Antonio,TX,6,3,1,1,11.0,0.0,361.0,,,,,,,,0.4545,0.4564,7457,28693.0,0.9003
451750,Bryant & Stratton College-Wauwatosa,Wauwatosa,WI,3,2,2,3,21.0,0.0,1037.0,,,26292.0,20288.0,20288.0,0.1974,0.4286,0.6096,0.7938,9500,32568.0,0.7888
451857,Remington College-Houston Southeast Campus,League City,TX,6,2,1,1,21.0,0.0,111.0,,,26339.0,16926.0,16926.0,,,0.7846,0.6154,9500,31349.0,0.8559
451866,Remington College-Shreveport Campus,Shreveport,LA,5,2,1,3,12.0,0.0,315.0,,,37279.0,16245.0,16245.0,0.3302,1.0,0.9357,0.9298,9500,31349.0,0.8254
451918,TC Beauty,Johnson City,TN,5,3,1,1,13.0,0.0,100.0,,,,,,,,0.2513,0.2154,7917,21153.0,0.88
451927,Patrick Henry College,Purcellville,VA,5,2,3,3,31.0,0.0,395.0,0.7744,1352.0,,28425.0,28425.0,0.7386,0.875,0.0,0.0,,,0.4506
452009,The Hair Academy,Bismarck,ND,4,3,1,1,13.0,0.0,65.0,,,,,,,,0.4359,0.5,10000,31370.0,0.9846
452072,Ross Medical Education Center-New Baltimore,New Baltimore,MI,3,3,1,1,21.0,0.0,33.0,,,,,,,,0.6271,0.5593,8481,30481.0,0.9697
452081,Ross College-Sylvania,Sylvania,OH,3,3,1,2,21.0,0.0,1714.0,,,,,,,,0.752,0.6068,7719,29898.0,0.9691
452106,Escuela De Troqueleria Y Herramentaje,Bayamon,PR,9,1,1,1,12.0,0.0,69.0,1.0,,7750.0,3850.0,3850.0,,,0.9091,0.0,PS,26293.0,0.0435
452124,Fortis Institute-Nashville,Nashville,TN,5,3,1,2,11.0,0.0,393.0,,,35598.0,15627.0,15627.0,,,0.75,0.7449,9500,32886.0,0.7761
452373,ATA College-Cincinnati,Cincinnati,OH,3,3,1,2,21.0,0.0,266.0,,,29920.0,14250.0,14250.0,0.625,,0.8295,0.9545,15834,34577.0,0.9474
452771,Dental Assistant Pro LLC-Columbus,Westerville,OH,3,3,1,1,21.0,0.0,10.0,,,,,,,,0.0,0.0,,,0.8
452780,Dental Assistant Pro-Lebanon,Lebanon,OH,3,3,1,1,21.0,0.0,20.0,,,,,,,,0.0,0.0,,,0.95
452887,Elite Welding Academy LLC,Cincinnati,OH,3,3,1,1,21.0,0.0,59.0,,,,,,,,0.3274,0.3451,5500,,0.1525
452948,Galen College of Nursing-Cincinnati,Cincinnati,OH,3,3,2,3,21.0,0.0,645.0,,,34842.0,18048.0,18048.0,0.5714,0.8333,0.5776,0.8597,16500,61480.0,0.8977
453163,Strayer University-North Carolina,Greensboro,NC,5,3,3,4,11.0,0.0,2671.0,,,,13920.0,13920.0,0.3333,,0.8229,0.9032,14000,40092.0,0.7873
453215,Strayer University-New Jersey,Piscataway,NJ,2,3,3,4,21.0,0.0,702.0,,,,13920.0,13920.0,0.0,,0.6803,0.8401,14000,40092.0,0.7707
453297,International Culinary Arts and Sciences Institute,Chesterland,OH,3,3,1,1,41.0,0.0,33.0,,,,,,,,0.0,0.0,,,0.6061
453756,Ohio Media School-Columbus,Columbus,OH,3,3,1,1,21.0,0.0,43.0,,,,,,,,0.7483,0.7133,9500,37423.0,0.3488
453792,Ohio Medical Career College,Dayton,OH,3,3,2,2,12.0,0.0,129.0,,,,,,,,0.6245,0.6766,12402,,0.938
454227,Chamberlain University-Illinois,Addison,IL,3,3,3,4,21.0,0.0,14027.0,0.8264,,40826.0,21536.0,21536.0,0.4167,0.7273,0.3328,0.5797,16458,92405.0,0.8969
454236,Chamberlain University-Ohio,Columbus,OH,3,3,3,3,11.0,0.0,257.0,0.875,,42634.0,19975.0,19975.0,0.2857,0.3333,0.5,0.6875,16458,92405.0,0.9261
454245,Chamberlain University-Arizona,Phoenix,AZ,6,3,3,3,11.0,0.0,693.0,0.9091,,45594.0,20785.0,20785.0,0.5,0.6667,0.4685,0.7799,16458,92405.0,0.8442
454537,The Salon Professional Academy-Appleton,Appleton,WI,3,3,1,1,22.0,0.0,81.0,,,,,,,,0.3594,0.4688,8750,32317.0,1.0
454546,Milan Institute of Cosmetology-Vacaville,Vacaville,CA,8,3,1,1,22.0,0.0,260.0,,,,,,,,0.6699,0.6005,6070,22378.0,0.9077
454555,Milan Institute of Cosmetology-Reno,Reno,NV,8,3,1,1,11.0,0.0,235.0,,,,,,,,0.5787,0.6396,6070,22378.0,0.9191
454582,Ottawa University-Online,Overland Park,KS,4,2,3,4,12.0,0.0,259.0,,,,13296.0,13296.0,0.4286,1.0,0.3389,0.4129,12500,55552.0,0.6718
454607,Paul Mitchell the School-Esani,Roswell,GA,5,3,1,1,13.0,0.0,359.0,,,,,,,,0.5381,0.6053,9500,26287.0,0.9638
454652,Paul Mitchell the School-Birmingham,Hoover,AL,5,3,1,1,21.0,0.0,129.0,,,,,,,,0.5063,0.5506,9833,24367.0,1.0
454689,Taft University System,Denver,CO,7,3,4,4,11.0,0.0,0.0,,,,,,,,0.0,0.0,PS,,0.0
454698,Mayfield College,Cathedral City,CA,8,3,1,1,21.0,0.0,292.0,,,,,,,,0.9579,0.9322,9025,29384.0,0.589
454722,Academy of Esthetics and Cosmetology,San Fernando,CA,8,3,1,1,21.0,0.0,30.0,,,,,,,,0.7021,0.6596,4807,35089.0,0.7
454759,Borner's Barber College,Los Angeles,CA,8,3,1,1,11.0,0.0,54.0,,,,,,,,0.6857,0.0,PS,,0.1852
454768,Paul Mitchell the School-Pasadena,Pasadena,CA,8,3,1,1,12.0,0.0,170.0,,,,,,,,0.4232,0.348,6333,25845.0,0.8353
454777,San Francisco Institute of Esthetics & Cosmetology Inc,San Francisco,CA,8,3,1,1,11.0,0.0,167.0,,,,,,,,0.406,0.3582,6333,32926.0,0.8503
454786,Laurus College,San Luis Obispo,CA,8,3,2,3,13.0,0.0,1116.0,,,,,,0.4286,0.7931,0.6727,0.648,18334,30896.0,0.1801
454795,Healing Hands School of Holistic Health,Escondido,CA,8,3,1,1,21.0,0.0,220.0,,,,,,,,0.231,0.2766,5700,24366.0,0.6909
454801,Career Development Institute Inc,Los Angeles,CA,8,3,1,1,11.0,0.0,172.0,,,,,,,,0.6771,0.7049,12873,62209.0,0.8372
454810,Auguste Escoffier School of Culinary Arts-Boulder,Boulder,CO,7,3,1,2,12.0,0.0,8504.0,,,,,,,,0.5929,0.6491,7619,32001.0,0.7184
454829,Aspen University,Phoenix,AZ,6,3,3,4,11.0,0.0,1466.0,,,,6870.0,6870.0,0.2727,,0.0976,0.1009,7802,,0.8424
454838,Institute of Taoist Education and Acupuncture,Louisville,CO,7,2,4,4,23.0,0.0,,,,,,,,,,,PS,,
454856,Denver College of Nursing,Denver,CO,7,3,3,4,11.0,0.0,757.0,,,,,,,,0.2743,0.6208,21110,81809.0,0.856
454865,Cambridge College of Healthcare & Technology,Delray Beach,FL,5,3,2,3,13.0,0.0,1315.0,,,28227.0,18168.0,18168.0,0.7647,,0.6278,0.7261,11125,47792.0,0.8692
454874,Cozmo Beauty School,Bonita Springs,FL,5,3,1,1,21.0,0.0,52.0,,,,,,,,0.1232,0.1739,7666,24319.0,0.9808
454917,Celebrity School of Beauty,Miami,FL,5,3,1,1,21.0,0.0,855.0,,,,,,,,0.6422,0.5341,6232,15626.0,0.8211
454926,Paul Mitchell the School-Atlanta,Atlanta,GA,5,3,1,1,11.0,0.0,249.0,,,,,,,,0.5612,0.5774,6844,21775.0,0.9558
454935,Evans Hairstyling College-Rexburg,Rexburg,ID,7,3,1,1,32.0,0.0,76.0,,,,,,,,0.4359,0.359,6600,16984.0,1.0
454944,Paul Mitchell the School-Rexburg,Rexburg,ID,7,3,1,1,32.0,0.0,224.0,,,,,,,,0.4827,0.5093,8750,26774.0,0.9241
454953,University of Aesthetics & Cosmetology,Chicago,IL,3,3,1,1,11.0,0.0,53.0,,,,,,,,0.5465,0.5814,7917,28955.0,0.9623
454962,The University of Aesthetics & Cosmetology,Downers Grove,IL,3,3,1,1,13.0,0.0,39.0,,,,,,,,0.3846,0.5077,6392,,0.9744
454971,Tricoci University of Beauty Culture-Chicago NW,Chicago,IL,3,3,1,1,11.0,0.0,216.0,,,,,,,,0.6134,0.6583,7307,28554.0,0.8287
454980,Tricoci University of Beauty Culture-Glendale Heights,Glendale Heights,IL,3,3,1,1,21.0,0.0,132.0,,,,,,,,0.5523,0.6067,7307,27330.0,0.9773
454999,Tricoci University of Beauty Culture-Peoria,Peoria,IL,3,3,1,1,12.0,0.0,125.0,,,,,,,,0.5745,0.6553,7307,26236.0,0.984
455008,Tricoci University of Beauty Culture-Rockford,Rockford,IL,3,3,1,1,12.0,0.0,170.0,,,,,,,,0.6074,0.6611,7307,25109.0,0.9353
455026,The Omega Studios' School of Applied Arts & Sciences,Rockville,MD,2,3,1,1,13.0,0.0,82.0,,,,,,,,0.2222,0.404,5500,46719.0,0.0976
455062,French Academy of Cosmetology,Spring Lake,MI,3,3,1,1,22.0,0.0,51.0,,,,,,,,0.2917,0.4167,4223,22797.0,0.9608
455080,Paul Mitchell the School-Springfield,Springfield,MO,4,3,1,1,12.0,0.0,297.0,,,,,,,,0.5464,0.5054,6243,25931.0,0.8923
455099,Urshan Graduate School of Theology,Wentzville,MO,4,2,4,4,21.0,0.0,,,,,,,,,,,PS,,
455105,Mississippi Institute of Aesthetics Nails & Cosmetology,Clinton,MS,5,3,1,1,21.0,0.0,77.0,,,,,,,,0.3615,0.4308,3604,28148.0,1.0
455114,College of Western Idaho,Nampa,ID,7,1,2,2,41.0,0.0,6459.0,,,13121.0,3446.0,7454.0,,,0.2225,0.2571,4823,,0.5795
455141,Aveda Institute-Chapel Hill,Chapel Hill,NC,5,3,1,1,13.0,0.0,198.0,,,,,,,,0.4527,0.4865,6333,26873.0,0.9697
455178,Daoist Traditions College of Chinese Medical Arts,Asheville,NC,5,3,4,4,13.0,0.0,,,,,,,,,,,PS,,
455187,Total Image Beauty Academy,Union City,NJ,2,3,1,1,21.0,0.0,204.0,,,,,,,,0.422,0.422,8500,18720.0,0.902
455196,Jersey College,Teterboro,NJ,2,3,2,2,21.0,0.0,4478.0,0.6763,1058.0,,,,,,0.576,0.7689,16010,66087.0,0.902
455202,American Institute of Medical Sciences & Education,Piscataway,NJ,2,3,1,1,21.0,0.0,450.0,,,,,,,,0.2085,0.3822,9500,40407.0,0.8844
455211,Casal Institute of Nevada,Las Vegas,NV,8,3,1,1,12.0,0.0,271.0,,,,,,,,0.5711,0.7391,6333,25293.0,0.9631
455220,Career School of NY,Staten Island,NY,2,2,1,1,11.0,0.0,112.0,,,,,,,,0.5647,0.5647,PS,35778.0,0.5714
455257,Yeshiva of Machzikai Hadas,Brooklyn,NY,2,2,3,0,11.0,0.0,515.0,0.7006,,35348.0,10800.0,10800.0,0.7375,0.9767,0.8416,0.0,PS,,0.0
455275,Aveda Institute-Columbus,Columbus,OH,3,3,1,1,11.0,0.0,290.0,,,,,,,,0.53,0.5783,6333,30231.0,0.9655
455284,Paul Mitchell the School-Cincinnati,Cincinnati,OH,3,3,1,1,21.0,0.0,246.0,,,,,,,,0.4722,0.5806,9833,28363.0,0.9553
455327,Hands on Therapy,Mesquite,TX,6,3,1,1,21.0,0.0,28.0,,,,,,,,0.3976,0.3976,7917,28323.0,0.8929
455336,MediaTech Institute-Dallas,Dallas,TX,6,3,2,2,21.0,0.0,199.0,,,,,,,,0.5249,0.6398,14750,33293.0,0.1658
455354,Aveda Arts & Sciences Institute-San Antonio,San Antonio,TX,6,3,1,1,11.0,0.0,250.0,,,,,,,,0.4606,0.5208,7916,32162.0,0.968
455381,Skin Science Institute,Sandy,UT,7,3,1,1,21.0,0.0,127.0,,,,,,,,0.0844,0.1477,7667,27153.0,1.0
455406,Pacific Northwest University of Health Sciences,Yakima,WA,8,2,4,4,22.0,0.0,,,,,,,,,,,PS,,
455433,The Chicago School at Anaheim,Anaheim,CA,8,2,4,4,11.0,0.0,,,,,,,,,,,10250,56899.0,
455460,Fortis College-Dothan,Dothan,AL,5,3,1,1,13.0,0.0,177.0,,,,,,,,0.8523,0.6779,9396,32754.0,0.7062
455479,Fortis Institute-Pensacola,Pensacola,FL,5,3,1,2,13.0,0.0,760.0,,,35294.0,15069.0,15069.0,,,0.7104,0.7134,9122,26652.0,0.8868
455488,Fortis College-Montgomery,Montgomery,AL,5,3,1,1,12.0,0.0,359.0,,,,,,,,0.8693,0.7514,9122,26652.0,0.5738
455512,Woodland Community College,Woodland,CA,8,1,2,2,23.0,0.0,3154.0,,,13975.0,1124.0,7656.0,,,0.253,0.0106,PS,40042.0,0.6316
455628,Fortis Institute-Birmingham,Birmingham,AL,5,3,1,2,12.0,0.0,613.0,,,32927.0,15335.0,15335.0,,,0.8099,0.7047,9500,32886.0,0.5122
455664,The Chicago School at Los Angeles,Los Angeles,CA,8,2,3,4,11.0,0.0,337.0,0.4634,,,21780.0,21780.0,0.0,,0.5648,0.7531,10250,56899.0,0.8576
455707,Cardiac and Vascular Institute of Ultrasound,Mobile,AL,5,3,1,1,12.0,0.0,56.0,,,,,,,,0.451,1.0,19156,52669.0,0.9286
455725,Alturas Cosmetology of Arizona LLC,Chandler,AZ,6,3,1,1,11.0,0.0,570.0,,,,,,,,0.7993,0.8446,6160,27201.0,0.9789
455734,California Nurses Educational Institute,Rancho Mirage,CA,8,3,1,1,21.0,0.0,200.0,,,,,,,,0.5692,0.4677,14750,46895.0,0.825
455761,Paul Mitchell the School-Sacramento,Sacramento,CA,8,3,1,1,21.0,0.0,309.0,,,,,,,,0.5406,0.5636,6333,30336.0,0.8447
455770,Providence Christian College,Pasadena,CA,8,2,3,3,12.0,0.0,168.0,1.0,,53447.0,36963.0,36963.0,0.2,0.7857,0.3129,0.5306,14500,46264.0,0.4643
455798,Oxford Academy of Hair Design Inc,Seymour,CT,1,3,1,1,21.0,0.0,143.0,,,,,,,,0.6774,0.7613,6333,,0.993
455804,Institute of World Politics,Washington,DC,2,2,4,4,11.0,0.0,,,,,,,,,,,PS,,
455813,Pontifical John Paul II Institute for Studies on Marriage and Family,Washington,DC,2,2,4,4,11.0,0.0,,,,,,,,,,,PS,,
455831,Medical Institute of Palm Beach,Greenacres,FL,5,3,1,1,21.0,0.0,356.0,,,,,,,,0.3098,0.3098,5975,25811.0,0.9354
455859,Oliver Finley Academy of Cosmetology,Boise,ID,7,3,1,1,21.0,0.0,254.0,,,,,,,,0.3923,0.5102,6333,26323.0,0.9724
455868,National Career College,Panorama City,CA,8,3,1,2,11.0,0.0,398.0,,,,,,,,0.6286,0.5866,8417,19347.0,0.8367
455877,The Aveda Institute of Beauty and Wellness Chicago,Chicago,IL,3,3,1,1,11.0,0.0,93.0,,,,,,,,0.3892,0.4486,7917,31369.0,0.9355
455886,Tricoci University of Beauty Culture-Libertyville,Libertyville,IL,3,3,1,1,21.0,0.0,162.0,,,,,,,,0.5318,0.6369,7307,35650.0,0.9753
455895,Tricoci University of Beauty Culture-Bridgeview,Bridgeview,IL,3,3,1,1,21.0,0.0,470.0,,,,,,,,0.6579,0.6868,7307,25671.0,0.9085
455901,The Temple-A Paul Mitchell Partner School,Frederick,MD,2,3,1,1,13.0,0.0,140.0,,,,,,,,0.3773,0.4455,9833,27891.0,0.9571
455910,Center for Massage,Asheville,NC,5,3,1,1,13.0,0.0,51.0,,,,,,,,0.2981,0.4135,6333,19244.0,0.7647
455929,The Academy of Hair Design LLC,Oklahoma City,OK,6,3,1,1,11.0,0.0,56.0,,,,,,,,0.5053,0.5895,9833,23567.0,1.0
455965,COLLECTIV Academy-Cranston,Cranston,RI,1,3,1,1,21.0,0.0,102.0,,,,,,,,0.4235,0.5882,7667,,0.9608
455974,South Texas Training Center,Pharr,TX,6,3,1,1,13.0,0.0,120.0,,,14970.0,13566.0,13566.0,,,0.9022,0.7246,3500,29384.0,0.9417
455983,Columbia College,Vienna,VA,5,3,1,2,21.0,0.0,151.0,,,,,,,,0.341,0.1639,6035,22160.0,0.7285
455992,Vermont College of Fine Arts,Montpelier,VT,1,2,4,4,32.0,0.0,,,,,,,,,,,,,
456001,Advanced Welding Institute,South Burlington,VT,1,3,1,1,13.0,0.0,104.0,,,,,,,,0.4222,0.5185,5077,,0.1346
456029,Paul Mitchell the School-Memphis,Memphis,TN,5,3,1,1,11.0,0.0,216.0,,,,,,,,0.6517,0.618,9833,25306.0,0.9861
456038,Pima Medical Institute-East Valley,Mesa,AZ,6,3,1,2,11.0,0.0,306.0,,,,,,,,0.3068,0.3863,9500,38673.0,0.8595
456065,Paul Mitchell the School-Cleveland,Twinsburg,OH,3,3,1,1,21.0,0.0,181.0,,,,,,,,0.6679,0.7472,9833,31064.0,0.9834
456074,Paul Mitchell the School-Columbus,Columbus,OH,3,3,1,1,11.0,0.0,200.0,,,,,,,,0.5222,0.6778,9833,37609.0,0.96
456135,Empire Beauty School-Spring Lake Park,Spring Lake Park,MN,4,3,1,1,21.0,0.0,95.0,,,,,,,,0.6269,0.5373,7667,23925.0,0.9684
456205,Miller-Motte College-Raleigh,Raleigh,NC,5,3,1,2,11.0,0.0,409.0,,,,,,,,0.8068,0.8309,10661,31102.0,0.4352
456214,Lamson Institute,San Antonio,TX,6,3,1,2,11.0,0.0,498.0,,,,,,,,0.5141,0.5584,7600,38015.0,0.3273
456454,Fortis College-Salt Lake City,Salt Lake City,UT,7,3,2,2,21.0,0.0,383.0,,,33657.0,13474.0,13474.0,,,0.6005,0.7534,11501,34509.0,0.6971
456481,Polytechnic University of Puerto Rico-Miami,Miami,FL,5,2,3,4,13.0,0.0,19.0,,,,14367.0,14367.0,1.0,,0.7241,0.9655,12830,47540.0,0.3158
456490,Polytechnic University of Puerto Rico-Orlando,Orlando,FL,5,2,3,4,21.0,0.0,96.0,,,23011.0,14547.0,14547.0,0.3333,0.375,0.5882,0.6373,12830,47540.0,0.2813
456506,Ross Medical Education Center-Fort Wayne,Fort Wayne,IN,3,3,1,1,11.0,0.0,156.0,,,,,,,,0.6594,0.6157,5500,30072.0,0.9679
456515,Ross Medical Education Center-Battle Creek,Battle Creek,MI,3,3,1,1,13.0,0.0,50.0,,,,,,,,0.5952,0.5238,7504,30060.0,0.94
456542,Geisinger Commonwealth School of Medicine,Scranton,PA,2,2,2,4,13.0,0.0,88.0,,,25845.0,15886.0,15886.0,,,0.3016,0.5397,PS,,0.875
456551,Josef's School of Hair Skin & Body-Fargo,Fargo,ND,4,3,1,1,12.0,0.0,72.0,,,,,,,,0.391,0.5338,6337,27987.0,0.9722
456579,Miller-Motte College-Berks Technical Institute-Allentown,Allentown,PA,2,3,1,2,21.0,0.0,285.0,,,,,,,,0.6379,0.6341,10661,31102.0,0.3649
456588,Salon Success Academy-Fontana,Fontana,CA,8,3,1,1,21.0,0.0,29.0,,,,,,,,0.6792,0.6415,7176,22412.0,1.0
456597,Salon Success Academy-Redlands,Redlands,CA,8,3,1,1,13.0,0.0,220.0,,,,,,,,0.5684,0.5425,7176,22412.0,1.0
456621,Strayer University-West Virginia,Scott Depot,WV,5,3,3,4,22.0,0.0,234.0,,,,13920.0,13920.0,0.0,,0.9098,0.9337,14000,40092.0,0.7393
456825,Paul Mitchell the School-Baton Rouge,Baton Rouge,LA,5,3,1,1,12.0,0.0,249.0,,,,,,,,0.7091,0.6427,9833,25699.0,0.9799
456852,San Joaquin Valley College-Hesperia,Hesperia,CA,8,3,1,2,21.0,0.0,528.0,,,,,,,,0.7486,0.7962,9773,38317.0,0.5246
456922,South Texas Vocational Technical Institute-Brownsville,Brownsville,TX,6,3,1,1,12.0,0.0,423.0,,,,,,,,0.7571,0.7552,10661,31102.0,0.5579
456931,Miller-Motte College-STVT-Corpus Christi,Corpus Christi,TX,6,3,1,1,11.0,0.0,533.0,,,,,,,,0.827,0.8545,10661,31102.0,0.4053
456959,University of Minnesota-Rochester,Rochester,MN,4,1,3,3,12.0,0.0,568.0,0.71,1183.0,28904.0,15016.0,15016.0,0.574,0.7037,0.3605,0.4915,16727,69020.0,0.794
456977,College of Business and Technology,Cutler Bay,FL,5,3,1,1,21.0,0.0,326.0,,,24770.0,14030.0,14030.0,,,0.8206,0.8206,8500,29534.0,0.0
457031,Capri Beauty College,New Lenox,IL,3,3,1,1,21.0,0.0,75.0,,,,,,,,0.2478,0.4867,9833,26804.0,1.0
457077,Milan Institute-Bakersfield,Bakersfield,CA,8,3,1,1,11.0,0.0,582.0,,,,,,,,0.7004,0.6498,6333,24879.0,0.9416
457086,Homestead Schools,Torrance,CA,8,2,1,3,12.0,0.0,157.0,,,,,,0.9333,,0.6615,0.6,18040,59398.0,0.7834
457101,Carrington College-Las Vegas,Las Vegas,NV,8,3,2,2,12.0,0.0,396.0,,,,,,,,0.6169,0.7842,9298,36718.0,0.5732
457110,Carrington College-Reno,Reno,NV,8,3,2,2,11.0,0.0,551.0,,,,,,,,0.3833,0.6478,12094,43731.0,0.706
457129,Chamberlain University-Florida,Jacksonville,FL,5,3,3,3,11.0,0.0,821.0,0.9091,,37182.0,19975.0,19975.0,0.3333,0.625,0.5423,0.8093,16458,92405.0,0.8916
457192,Washington Barber College Inc,Little Rock,AR,5,3,1,1,12.0,0.0,43.0,,,,,,,,1.0,1.0,13022,8579.0,0.1395
457208,InterCoast Colleges-Rancho Cordova,Rancho Cordova,CA,8,3,1,1,13.0,0.0,71.0,,,,,,,,0.6786,0.7071,9500,36089.0,0.0563
457226,Horizon University,Indianapolis,IN,3,2,2,4,21.0,0.0,63.0,,,29680.0,9840.0,9840.0,,,0.2241,0.0517,PS,65875.0,0.3492
457253,Beyond 21st Century Beauty Academy,Santa Fe Springs,CA,8,3,1,1,21.0,0.0,120.0,,,,,,,,0.4044,0.2295,3000,25139.0,0.9917
457271,Academy for Jewish Religion California,Los Angeles,CA,8,2,4,4,11.0,0.0,,,,,,,,,,,,,
457299,Angeles College,Los Angeles,CA,8,3,1,3,11.0,0.0,598.0,,,,,,0.9254,0.8571,0.4797,0.6452,16000,49108.0,0.7977
457314,Angeles Institute,ARTESIA,CA,8,3,1,1,21.0,0.0,113.0,,,,,,,,0.6234,0.6926,14377,61195.0,0.7611
457323,Paul Mitchell the School-Temecula,Temecula,CA,8,3,1,1,12.0,0.0,320.0,,,,,,,,0.5331,0.6198,10556,22452.0,0.8875
457332,TIGI Hairdressing Academy Guilford,Guilford,CT,1,3,1,1,21.0,0.0,52.0,,,,,,,,0.4483,0.6437,9659,,0.9615
457341,International Institute of Cosmetology,Wethersfield,CT,1,3,1,1,21.0,0.0,197.0,,,,,,,,0.3511,0.4389,9833,,0.9746
457350,Florida School of Traditional Midwifery,Gainesville,FL,5,2,1,1,12.0,0.0,54.0,,,,,,,,0.2877,0.3836,35157,38933.0,0.9815
457378,Emerald Coast Technical College,DeFuniak Springs,FL,5,1,1,1,32.0,0.0,189.0,,,,,,,,0.407,0.0,PS,36180.0,0.5661
457387,Immokalee Technical College,Immokalee,FL,5,1,1,1,32.0,0.0,319.0,,,,,,,,0.3794,0.0,PS,37652.0,0.4953
457396,American Academy of Cosmetology,Orange Park,FL,5,3,1,1,21.0,0.0,122.0,,,,,,,,0.6275,0.6275,6333,23985.0,0.7213
457402,University of Fort Lauderdale,Lauderhill,FL,5,2,3,4,21.0,0.0,314.0,,,24410.0,9810.0,9810.0,1.0,,0.6877,0.5789,5500,38062.0,0.2229
457411,Aviation Institute of Maintenance-Orlando,Casselberry,FL,5,3,1,1,21.0,0.0,376.0,,,30401.0,16757.0,16757.0,,,0.3468,0.2761,24250,53341.0,0.1011
457420,Summit Salon Academy,Tampa,FL,5,3,1,1,21.0,0.0,183.0,,,,,,,,0.4294,0.5285,7389,27037.0,0.9235
457439,Summit Salon Academy-Gainesville,Gainesville,FL,5,3,1,1,22.0,0.0,83.0,,,,,,,,0.5502,0.5502,7667,27856.0,0.988
457448,Tenaj Salon Institute,The Villages,FL,5,3,1,1,13.0,0.0,55.0,,,,,,,,0.5849,0.7075,9500,25196.0,0.9818
457466,Profile Institute of Barber-Styling,Atlanta,GA,5,3,1,1,11.0,0.0,34.0,,,,,,,,0.7778,0.7778,16500,25629.0,0.2059
457475,Keune Academy by 124,Lawrenceville,GA,5,3,1,1,21.0,0.0,117.0,,,,,,,,0.4085,0.5305,9833,30962.0,1.0
457484,Pacific Rim Christian University,Honolulu,HI,8,2,3,4,11.0,0.0,129.0,,,24042.0,13580.0,13580.0,0.4545,0.7778,0.7193,0.4561,13616,40523.0,0.5194
457493,Paul Mitchell the School-Twin Falls,TWIN FALLS,ID,7,3,1,1,13.0,0.0,19.0,,,,,,,,0.663,0.5978,4750,27947.0,0.9474
457527,Ambria College of Nursing,Hoffman Estates,IL,3,3,2,2,21.0,0.0,123.0,,,,,,,,0.4366,0.5493,9500,67290.0,0.8943
457536,Midwestern Career College,Chicago,IL,3,3,2,2,11.0,0.0,887.0,,,,,,,,0.4252,0.5143,7521,36432.0,0.8377
457563,Aveda Fredric's Institute-Indianapolis,Carmel,IN,3,3,1,1,12.0,0.0,265.0,,,,,,,,0.3965,0.5362,7389,31963.0,0.966
457572,Summit Salon Academy,Anderson,IN,3,3,1,1,13.0,0.0,130.0,,,,,,,,0.5095,0.6,7389,25337.0,0.9692
457581,Eric Fisher Academy,Wichita,KS,4,3,1,1,11.0,0.0,161.0,,,,,,,,0.4495,0.4808,8986,32858.0,0.9876
457606,My Le's Beauty College,Gretna,LA,5,3,1,1,21.0,0.0,110.0,,,,,,,,0.8742,0.0,PS,18946.0,0.9182
457615,Blackstone Valley Vocational Regional School District,Upton,MA,1,1,1,1,21.0,0.0,42.0,,,,,,,,0.35,0.325,7454,,0.7857
457633,L'esprit Academy,Canton,MI,3,3,1,1,21.0,0.0,266.0,,,,,,,,0.5201,0.5915,6333,22440.0,0.9812
457642,Marketti Academy of Cosmetology,Waterford,MI,3,3,1,1,21.0,0.0,45.0,,,,,,,,0.1429,0.1978,7081,14345.0,0.9778
457679,Avalon School of Cosmetology,Worthington,MN,4,3,1,1,33.0,0.0,15.0,,,,,,,,0.3704,0.0,PS,28336.0,1.0
457697,City Vision University,Kansas City,MO,4,2,1,4,11.0,0.0,257.0,,,15536.0,6600.0,6600.0,0.0,,0.6777,0.0,PS,21123.0,0.4981
457749,Montana Academy of Salons,Great Falls,MT,7,3,1,1,13.0,0.0,126.0,,,,,,,,0.3434,0.3811,9500,28841.0,0.9127
457767,National Career Institute,East Orange,NJ,2,3,1,1,21.0,0.0,249.0,,,,,,,,0.5852,0.4662,6756,26415.0,0.2972
457776,Paul Mitchell the School-Albuquerque,Albuquerque,NM,6,3,1,1,11.0,0.0,119.0,,,,,,,,0.5929,0.5973,7667,33273.0,0.6303
457785,International Academy of Style,Reno,NV,8,3,1,1,11.0,0.0,89.0,,,,,,,,0.6409,0.663,6333,32709.0,0.9775
457794,EDP School,Brooklyn,NY,2,2,1,1,11.0,0.0,151.0,,,,,,,,0.9095,0.0,PS,41461.0,0.9205
457800,New York Medical Career Training Center,Flushing,NY,2,3,1,1,11.0,0.0,452.0,1.0,,,,,,,0.2767,0.5439,12239,40540.0,0.854
457819,Institute of Culinary Education,New York,NY,2,3,1,1,11.0,0.0,589.0,,,,,,,,0.239,0.3834,3972,47865.0,0.511
457837,The Salon Professional Academy-Tonawanda,Tonawanda,NY,2,3,1,1,21.0,0.0,142.0,,,,,,,,0.369,0.496,6333,26460.0,0.9789
457855,Paul Mitchell the School-NYC,Staten Island,NY,2,3,1,1,11.0,0.0,96.0,,,,,,,,0.314,0.3058,5500,32002.0,0.9792
457873,Four County Career Center,Archbold,OH,3,1,1,1,42.0,0.0,223.0,,,,,,,,0.0029,0.0,PS,77338.0,0.4843
457916,Summit Salon Academy-Perrysburg,Perrysburg,OH,3,3,1,1,21.0,0.0,113.0,,,,,,,,0.2551,0.398,7917,22606.0,0.9912
457925,Portland Actors Conservatory,Portland,OR,8,2,1,1,11.0,0.0,11.0,0.75,,,12115.0,12115.0,,,0.2308,0.5385,PS,,0.4545
457943,Somerset County Technology Center,Somerset,PA,2,1,1,1,41.0,0.0,59.0,,,,,,,,0.3,0.45,11500,37558.0,0.7288
457952,Metro Beauty Academy,Allentown,PA,2,3,1,1,21.0,0.0,197.0,,,,,,,,0.1647,0.2329,8028,33859.0,0.9797
457989,Academy for Careers and Technology,Mullins,SC,5,1,1,1,32.0,0.0,37.0,,,,,,,,0.2667,0.0,PS,46553.0,0.973
458007,Love Beauty School Inc,Manchester,TN,5,3,1,1,32.0,0.0,75.0,,,,,,,,0.5625,0.5804,6333,18056.0,0.92
458043,DuVall's School of Cosmetology,Bedford,TX,6,3,1,1,21.0,0.0,65.0,,,,,,,,0.6054,0.6531,7796,30572.0,0.9538
458061,Texas Beauty College,Haltom city,TX,6,3,1,1,21.0,0.0,38.0,,,,,,,,0.8587,0.0,PS,26392.0,0.9211
458070,Avenue Five Institute,Austin,TX,6,3,1,1,11.0,0.0,316.0,,,,,,,,0.4649,0.568,7917,30280.0,0.9684
458098,The Salon Professional Academy-Lewisville,Lewisville,TX,6,3,1,1,21.0,0.0,132.0,,,,,,,,0.3388,0.4898,7917,29145.0,0.9773
458104,Renaissance Academie,Provo,UT,7,3,1,1,12.0,0.0,188.0,,,,,,,,0.2019,0.1925,5500,21547.0,0.984
458113,Ascent College,Gainesville,VA,5,2,1,3,21.0,0.0,82.0,,,,8550.0,8550.0,1.0,,0.2747,0.3626,PS,,0.561
458122,Institute of Advanced Medical Esthetics,Ashland,VA,5,3,1,1,21.0,0.0,7.0,,,,,,,,0.4146,0.4146,9500,31213.0,1.0
458131,Aveda Arts & Sciences Institute Seattle,Seattle,WA,8,3,1,1,11.0,0.0,154.0,,,,,,,,0.1784,0.2582,7773,32491.0,0.9545
458140,Northwest School of Wooden Boat Building,Port Hadlock,WA,8,2,1,2,41.0,0.0,50.0,,,42317.0,20025.0,20025.0,,,0.2791,0.3721,PS,,0.16
458168,The Salon Professional Academy-Onalaska,Onalaska,WI,3,3,1,1,13.0,0.0,67.0,,,,,,,,0.4188,0.4872,7917,30744.0,0.9701
458210,West Coast University-Anaheim-Orange County,Anaheim,CA,8,3,3,4,11.0,0.0,3192.0,,,34887.0,22506.0,22506.0,0.6,1.0,0.411,0.8384,24145,102672.0,0.7726
458229,West Coast University-Ontario,Ontario,CA,8,3,3,3,12.0,0.0,2671.0,,,53706.0,36854.0,36854.0,0.3889,0.8889,0.4934,0.8719,24145,102672.0,0.7551
458274,Paul Mitchell the School-Chicago,Chicago,IL,3,3,1,1,11.0,0.0,160.0,,,,,,,,0.6154,0.5721,9500,27652.0,0.9563
458405,Miller-Motte College-Fayetteville,Fayetteville,NC,5,3,1,2,12.0,0.0,336.0,,,,,,,,0.7,0.7184,10661,31102.0,0.4345
458423,European Massage Therapy School-Las Vegas,Las Vegas,NV,8,3,1,1,11.0,0.0,84.0,,,,,,,,0.5714,0.4571,5657,24290.0,0.7738
458441,Miller-Motte College-Columbus,Columbus,GA,5,3,1,2,12.0,0.0,190.0,,,,,,,,0.947,0.9015,10661,31102.0,0.8526
458681,Fortis College-Indianapolis,Indianapolis,IN,3,3,1,2,11.0,0.0,322.0,,,35300.0,15072.0,15072.0,,,0.794,0.7378,12949,34726.0,0.6708
458803,Empire Beauty School-E Memphis,Memphis,TN,5,3,1,1,11.0,0.0,156.0,,,,,,,,0.6322,0.5172,6633,22377.0,0.9808
458812,Empire Beauty School-Nashville,Brentwood,TN,5,3,1,1,21.0,0.0,111.0,,,,,,,,0.4976,0.4641,7851,23921.0,0.955
458821,Empire Beauty School-Jackson,Jackson,TN,5,3,1,1,13.0,0.0,73.0,,,,,,,,0.6526,0.5579,6756,24397.0,0.9041
458830,Empire Beauty School-Springfield,Springfield,PA,2,3,1,1,21.0,0.0,188.0,,,,,,,,0.7089,0.5719,8028,25073.0,0.9628
458858,Empire Beauty School-Speedway,Speedway,IN,3,3,1,1,21.0,0.0,166.0,,,,,,,,0.6502,0.5413,7050,24407.0,0.9819
458867,Empire Beauty School-Morrow,Morrow,GA,5,3,1,1,21.0,0.0,242.0,,,,,,,,0.6935,0.5402,6756,24397.0,0.9587
458885,Strayer University-Arkansas,Little Rock,AR,5,3,3,4,12.0,0.0,695.0,,,,13920.0,13920.0,,,0.8969,0.9211,14000,40092.0,0.7856
458919,Strayer University-Georgia,Chamblee,GA,5,3,3,4,21.0,0.0,4299.0,,,25158.0,13920.0,13920.0,0.2143,0.75,0.8178,0.8807,14000,40092.0,0.7572
458955,Strayer University-Mississippi,Jackson,MS,5,3,3,4,12.0,0.0,882.0,,,,13920.0,13920.0,0.0,,0.8675,0.91,14000,40092.0,0.8016
458964,Strayer University-South Carolina,Greenville,SC,5,3,3,4,13.0,0.0,1868.0,,,25158.0,13920.0,13920.0,0.1667,1.0,0.8197,0.8869,14000,40092.0,0.8249
458973,Strayer University-Texas,Farmers Branch,TX,6,3,3,4,21.0,0.0,2293.0,,,,13920.0,13920.0,0.25,1.0,0.7927,0.8565,14000,40092.0,0.7235
459019,Empire Beauty School-Charlotte,Charlotte,NC,5,3,1,1,11.0,0.0,90.0,,,,,,,,0.7708,0.6597,6222,24022.0,0.9333
459046,Empire Beauty School-Winston-Salem,Winston-Salem,NC,5,3,1,1,11.0,0.0,80.0,,,,,,,,0.7045,0.6061,6756,24397.0,0.925
459055,Empire Beauty School-West Palm,West Palm Beach,FL,5,3,1,1,21.0,0.0,96.0,,,,,,,,0.7542,0.6102,8028,25073.0,0.9896
459064,Empire Beauty School-Pineville,Charlotte,NC,5,3,1,1,21.0,0.0,75.0,,,,,,,,0.6134,0.5042,7667,23925.0,0.8933
459116,Paul Mitchell the School-Phoenix,Phoenix,AZ,6,3,1,1,11.0,0.0,137.0,,,,,,,,0.5356,0.5481,11200,29340.0,0.9197
459170,Paul Mitchell the School-Modesto,Modesto,CA,8,3,1,1,12.0,0.0,218.0,,,,,,,,0.6314,0.6398,6211,28691.0,0.9541
459198,Paul Mitchell the School-Fresno,Fresno,CA,8,3,1,1,11.0,0.0,223.0,,,,,,,,0.6918,0.6012,9500,29671.0,0.861
459204,Unitek College,Fremont,CA,8,3,1,3,12.0,0.0,4972.0,,,,,,0.7313,0.8947,0.4493,0.5722,9769,79550.0,0.8379
459213,Gurnick Academy of Medical Arts,San Jose,CA,8,3,1,4,11.0,0.0,3421.0,,,,,,0.6388,0.6,0.365,0.4666,16832,66844.0,0.7431
459231,Paul Mitchell the School-East Bay,Pleasant Hill,CA,8,3,1,1,21.0,0.0,184.0,,,,,,,,0.454,0.4971,10513,29418.0,0.9402
459259,South University-Richmond,Glen Allen,VA,5,3,3,4,21.0,0.0,232.0,,,36577.0,18145.0,18145.0,0.4211,0.6667,0.3906,0.4969,13000,34421.0,0.7759
459268,South University-Virginia Beach,Virginia Beach,VA,5,3,3,4,11.0,0.0,240.0,,,36577.0,18145.0,18145.0,0.0833,1.0,0.5278,0.4206,13000,34421.0,0.8125
459277,Aveda Institute-Denver,Denver,CO,7,3,1,1,11.0,0.0,280.0,,,,,,,,0.3165,0.4291,6500,38020.0,0.9321
459286,Paul Mitchell the School-Colorado Springs,Colorado Springs,CO,7,3,1,1,11.0,0.0,204.0,,,,,,,,0.5775,0.5387,6333,27683.0,0.8284
459295,The Salon Professional Academy-Colorado Springs,Colorado Springs,CO,7,3,1,1,11.0,0.0,121.0,,,,,,,,0.8529,0.9314,6333,28934.0,0.9835
459301,Paul Mitchell the School-Delaware,Newark,DE,2,3,1,1,21.0,0.0,148.0,,,,,,,,0.5122,0.6537,9833,32242.0,0.9797
459329,Fred K Marchman Technical College,New Port Richey,FL,5,1,1,1,21.0,0.0,306.0,,,,,,,,0.216,0.0,PS,30259.0,0.4804
459347,The Salon Professional Academy-Ft Myers,Fort Myers,FL,5,3,1,1,13.0,0.0,112.0,,,,,,,,0.2083,0.244,7667,26408.0,0.9911
459374,Universal Spa Training Academy,Downers Grove,IL,3,3,1,1,13.0,0.0,139.0,,,,,,,,0.3766,0.4502,6861,41928.0,0.9784
459392,The Salon Professional Academy-Evansville,Evansville,IN,3,3,1,1,12.0,0.0,162.0,,,,,,,,0.1935,0.2079,9500,26881.0,0.9691
459408,Tri County Regional Vocational Technical High School,Franklin,MA,1,1,1,1,21.0,0.0,72.0,,,,,,,,0.3939,0.0,PS,,0.9167
459426,Nova Academy of Cosmetology,Rochester,MN,4,3,1,1,12.0,0.0,205.0,,,,,,,,0.3524,0.6017,7863,32156.0,0.9805
459514,Maestro College,Dallas,TX,6,3,1,2,11.0,0.0,61.0,,,,,,,,0.7391,0.713,9500,33559.0,0.7377
459523,ABC Beauty Academy,Richardson,TX,6,3,1,1,12.0,0.0,52.0,,,,,,,,0.9307,0.0,PS,16263.0,0.8462
459532,Salon & Spa Institute,Brownsville,TX,6,3,1,1,12.0,0.0,71.0,,,,,,,,0.2963,0.3037,7282,21571.0,0.9859
459550,Summit Salon Academy,Tacoma,WA,8,3,1,1,12.0,0.0,138.0,,,,,,,,0.4253,0.4977,8000,31648.0,0.9783
459578,Paul Mitchell the School-Milwaukee,Wauwatosa,WI,3,3,1,1,21.0,0.0,140.0,,,,,,,,0.4578,0.488,6750,25122.0,0.6786
459727,Touro University Worldwide,Los Alamitos,CA,8,2,3,4,21.0,0.0,454.0,,,29016.0,14600.0,14600.0,0.2857,0.6471,0.5122,0.4745,14437,40803.0,0.7511
459736,Touro University California,Vallejo,CA,8,2,4,4,12.0,0.0,23.0,,,,20005.0,20005.0,,,,,12500,104805.0,0.913
459745,The Chicago School at Washington DC,Washington,DC,2,2,4,4,11.0,0.0,,,,,,,,,,,10250,56899.0,
459824,Touro University Nevada,Henderson,NV,8,2,3,4,11.0,0.0,22.0,,,,,,,,0.1579,0.2632,12500,104805.0,0.9545
459842,Herzing University-Kenosha,Kenosha,WI,3,2,3,3,13.0,0.0,522.0,0.92,,28414.0,13450.0,13450.0,0.7222,0.5714,0.6225,0.7993,11756,36909.0,0.8793
459851,Herzing University-Brookfield,Brookfield,WI,3,2,1,4,21.0,0.0,380.0,0.9306,,27844.0,13450.0,13450.0,0.4167,0.4,0.6728,0.8391,11756,36909.0,0.9237
459949,Texas A&M University-San Antonio,San Antonio,TX,6,1,3,4,11.0,0.0,6599.0,0.928,955.0,21655.0,9654.0,23255.0,0.4017,0.6567,0.5084,0.3633,12500,54338.0,0.6318
459958,Fortis Institute,Houston,TX,6,3,1,2,11.0,0.0,422.0,,,,,,,,0.79,0.6755,6333,33193.0,0.6919
459967,Southern Careers Institute-Brownsville,Brownsville,TX,6,3,1,2,12.0,0.0,631.0,,,,,,,,0.7288,0.6925,7389,27035.0,0.5087
459985,Southern Careers Institute-Harlingen,Harlingen,TX,6,3,1,2,13.0,0.0,543.0,,,,,,,,0.7228,0.6117,7389,27035.0,0.4494
459994,Strayer University-Global Region,Washington,DC,2,3,3,4,11.0,0.0,9376.0,,,25158.0,13920.0,13920.0,0.1429,0.6,0.5443,0.5737,14000,40092.0,0.674
460011,Kenneth Shuler School of Cosmetology-Florence,Florence,SC,5,3,1,1,41.0,0.0,172.0,,,,,,,,0.7679,0.6101,5825,25542.0,1.0
460020,Fortis College-Columbia,Columbia,SC,5,3,1,2,12.0,0.0,582.0,,,27793.0,14777.0,14777.0,,,0.7721,0.7232,9500,36368.0,0.7388
460093,Ross Medical Education Center-Davison,Davison,MI,3,3,1,1,21.0,0.0,53.0,,,,,,,,0.7857,0.6714,7719,29898.0,1.0
460109,Ross Medical Education Center-Granger,Mishawaka,IN,3,3,1,1,13.0,0.0,172.0,,,,,,,,0.7034,0.6186,8481,30481.0,0.9593
460118,Ross Medical Education Center-Niles,Niles,OH,3,3,1,1,21.0,0.0,99.0,,,,,,,,0.7516,0.6993,5500,30072.0,0.9293
460127,Ross Medical Education Center-Canton,Canton,MI,3,3,1,1,21.0,0.0,92.0,,,,,,,,0.6242,0.5638,7504,30060.0,0.9348
460136,Pima Medical Institute-Houston,Houston,TX,6,3,1,2,11.0,0.0,1068.0,,,,,,,,0.5568,0.5827,9500,38673.0,0.839
460145,Illinois Media School-Chicago Campus,Chicago,IL,3,3,1,1,11.0,0.0,66.0,,,,,,,,0.6212,0.6818,9500,38284.0,0.2727
460172,Miller-Motte College-STVT-San Antonio,San Antonio,TX,6,3,1,1,11.0,0.0,762.0,,,,,,,,0.7137,0.7255,10661,31102.0,0.1115
460181,Concorde Career College-Dallas,Dallas,TX,6,3,1,2,11.0,0.0,194.0,0.9045,,,,,,,0.7508,0.7568,9500,42456.0,0.8711
460190,Concorde Career Institute-Orlando,Orlando,FL,5,3,1,2,11.0,0.0,95.0,0.9005,,,,,,,0.6026,0.6546,9500,34098.0,0.9263
460206,Concorde Career College-San Antonio,San Antonio,TX,6,3,1,2,11.0,0.0,195.0,0.9518,,,,,,,0.6888,0.7273,9500,35242.0,0.7692
460349,Johnson & Wales University-Online,Providence,RI,1,2,3,4,12.0,0.0,2202.0,0.9097,,26864.0,13365.0,13365.0,0.0,0.5217,0.3623,0.5126,16334,43418.0,0.6898
460394,Moreno Valley College,Moreno Valley,CA,8,1,2,2,21.0,0.0,9346.0,,,15934.0,1428.0,12498.0,,,0.2176,0.0086,6625,52133.0,0.5479
460464,Norco College,Norco,CA,8,1,2,2,21.0,0.0,8779.0,,,14075.0,1428.0,12498.0,,,0.1584,0.004,5500,51206.0,0.5244
460482,Dorsey College-Saginaw,Saginaw,MI,3,3,1,1,22.0,0.0,183.0,,,36916.0,16990.0,16990.0,,,0.8492,0.9045,9500,29392.0,0.8033
460534,Milan Institute of Cosmetology-El Paso,El Paso,TX,6,3,1,1,11.0,0.0,448.0,,,,,,,,0.67,0.5994,6070,22378.0,0.9129
460543,Universal Technical Institute-Dallas Fort Worth,Irving,TX,6,3,2,2,11.0,0.0,1610.0,,,,,,,,0.5626,0.6149,11574,51222.0,0.0615
460677,ICPR Junior College,Manati,PR,9,3,1,2,21.0,0.0,424.0,,,15900.0,8664.0,8664.0,,,0.9783,0.0024,PS,18694.0,0.8585
460701,Artistic Nails and Beauty Academy-Lakeland,Lakeland,FL,5,3,1,1,12.0,0.0,185.0,,,,,,,,0.5908,0.5745,6333,20948.0,0.8108
460756,Hawaii Medical College,Honolulu,HI,8,3,1,2,11.0,0.0,194.0,,,36252.0,25927.0,25927.0,,,0.4424,0.7327,10500,38880.0,0.8866
460765,Carolina College of Hair Design Inc,Asheville,NC,5,3,1,1,13.0,0.0,46.0,,,,,,,,0.4776,0.4328,4712,,0.9783
460808,Integrated Massage Therapy Services,Blackfoot,ID,7,3,1,1,32.0,0.0,7.0,,,,,,,,0.625,0.6875,PS,24368.0,1.0
460817,Miller-Motte College-Jacksonville,Jacksonville,NC,5,3,1,2,13.0,0.0,195.0,,,,,,,,0.5602,0.506,10661,31102.0,0.5128
460826,Miller-Motte College-Augusta,Augusta,GA,5,3,1,2,12.0,0.0,506.0,,,,,,,,0.8131,0.8119,10661,31102.0,0.8399
460862,Aveda Institute-Portland,Portland,OR,8,3,1,1,11.0,0.0,238.0,,,,,,,,0.4334,0.517,6211,33003.0,0.9622
460871,Chamberlain University-Virginia,Vienna,VA,5,3,3,3,21.0,0.0,557.0,0.9,,45594.0,20785.0,20785.0,1.0,1.0,0.4444,0.7637,16458,92405.0,0.8797
460914,Penrose Academy,Scottsdale,AZ,6,3,1,1,11.0,0.0,403.0,,,,,,,,0.2142,0.3588,6333,35839.0,0.9876
460932,Skin Institute,Saint Louis,MO,4,3,1,1,21.0,0.0,88.0,,,,,,,,0.3404,0.3901,6895,23524.0,1.0
460969,Beauty Academy of South Florida,Hialeah Gardens,FL,5,3,1,1,21.0,0.0,544.0,,,,,,,,0.6272,0.5833,6223,16826.0,0.9449
460978,Ogle School Hair Skin Nails-North Dallas,Dallas,TX,6,3,1,1,11.0,0.0,312.0,,,,,,,,0.6151,0.5198,7369,26885.0,0.984
460987,The Salon Professional Academy,Sherwood,AR,5,3,1,1,41.0,0.0,106.0,,,,,,,,0.4691,0.5494,6333,,0.9906
460996,The Salon Professional Academy-St Charles,St. Charles,MO,4,3,1,1,21.0,0.0,132.0,,,,,,,,0.3462,0.5,8243,34900.0,1.0
461014,Mildred Elley-New York Campus,New York,NY,2,3,1,2,11.0,0.0,961.0,,,33249.0,17926.0,17926.0,,,0.6853,0.8008,12000,38830.0,0.9282
461023,Crestpoint University,Phoenix,AZ,6,3,3,4,11.0,0.0,385.0,,,19927.0,7995.0,7995.0,0.3303,0.25,0.5026,0.5361,13994,42269.0,0.8234
461032,Carolina College of Biblical Studies,Fayetteville,NC,5,2,3,4,12.0,0.0,159.0,,,24267.0,6906.0,6906.0,0.0,1.0,0.5328,0.3115,17500,24581.0,0.4214
461087,Northeast Technology Center,Pryor,OK,6,1,1,1,32.0,0.0,1498.0,,,,,,,,0.1131,0.0,PS,34457.0,0.4967
461111,Allstate Hairstyling & Barber College,Cleveland,OH,3,3,1,1,11.0,0.0,33.0,,,,,,,,0.2833,0.0,PS,,0.1818
461120,Omega Graduate School,Dayton,TN,5,2,4,4,41.0,0.0,,,,,,,,,,,,,
461139,Jung Tao School of Classical Chinese Medicine,Sugar Grove,NC,5,2,4,4,42.0,0.0,,,,,,,,,,,PS,,
461148,New York Film Academy,Burbank,CA,8,3,3,4,12.0,0.0,849.0,,,62210.0,36920.0,36920.0,0.677,0.6591,0.1793,0.2591,10750,29633.0,0.4441
461193,Bella Capelli Academy,Monroeville,PA,2,3,1,1,21.0,0.0,259.0,,,,,,,,0.3521,0.493,8028,25817.0,0.9846
461218,Institute of Medical Careers,Pittsburgh,PA,2,3,1,2,21.0,0.0,845.0,,,,,,,,0.8669,0.9235,12488,,0.9527
461245,Flagler Technical College,Palm Coast,FL,5,1,1,1,21.0,0.0,106.0,,,,,,,,0.0517,0.0,PS,,0.4623
461254,Galaxy Medical College,North Hollywood,CA,8,3,1,2,11.0,0.0,111.0,,,,,,,,0.9494,0.6709,9500,,0.6396
461263,American Medical Sciences Center,Glendale,CA,8,3,3,3,12.0,0.0,365.0,,,,,,0.75,1.0,0.6921,0.8041,15418,29972.0,0.9781
461272,Mandalyn Academy,American Fork,UT,7,3,1,1,21.0,0.0,55.0,,,,,,,,0.3565,0.3304,6333,,1.0
461281,Jose Maria Vargas University,Pembroke Pines,FL,5,3,1,4,21.0,0.0,86.0,,,,13660.0,13660.0,,,0.5243,0.7282,14250,,0.9186
461306,D A Dorsey Technical College,Miami,FL,5,1,1,1,21.0,0.0,129.0,,,,,,,,0.3388,0.0,PS,,0.6279
461315,Keweenaw Bay Ojibwa Community College,LAnse,MI,3,1,2,2,43.0,0.0,139.0,,,14424.0,5000.0,5000.0,,,0.4054,0.0,PS,22340.0,0.7266
461324,Meridian Institute of Surgical Assisting,Nashville,TN,5,3,1,2,11.0,0.0,805.0,,,,,,,,0.2617,0.4782,6840,62978.0,0.7876
461333,Mauna Loa Helicopters,Kailua Kona,HI,8,3,1,1,33.0,0.0,12.0,,,,,,,,0.0,0.1628,PS,,0.3333
461342,Acaydia School of Aesthetics,Provo,UT,7,3,1,1,12.0,0.0,113.0,,,,,,,,0.2521,0.4202,7590,,1.0
461379,Holistic Massage Training Institute,Baltimore,MD,2,3,1,1,11.0,0.0,36.0,,,,,,,,0.5098,0.8824,8550,,0.75
461388,Diamonds College,Sherman,TX,6,3,1,1,13.0,0.0,51.0,,,,,,,,0.6933,0.6,5500,27126.0,0.8235
461412,Northern Virginia School of Therapeutic Massage,Falls Church,VA,5,3,1,1,21.0,0.0,101.0,,,,,,,,0.1835,0.2975,6333,44892.0,0.8119
461421,Paul Mitchell the School-St Louis,St. Louis,MO,4,3,1,1,11.0,0.0,214.0,,,,,,,,0.4836,0.5164,9833,33132.0,0.972
461430,Advanced Training Institute,Las Vegas,NV,8,3,1,1,12.0,0.0,605.0,,,,,,,,0.5152,0.5387,7600,45893.0,0.0645
461485,Shepherds Theological Seminary,Cary,NC,5,2,4,4,12.0,0.0,,,,,,,,,,,PS,,
461494,Taylor Andrews Academy of Hair Design-West Jordan,West Jordan,UT,7,3,1,1,21.0,0.0,144.0,,,,,,,,0.3856,0.5381,9500,36048.0,0.9236
461500,Santa Ana Beauty Academy,Santa Ana,CA,8,3,1,1,11.0,0.0,35.0,,,,,,,,0.3733,0.0,PS,28107.0,0.8286
461528,Manna University,Fayetteville,NC,5,2,1,4,12.0,0.0,183.0,0.5269,,17783.0,9105.0,9105.0,0.8,1.0,0.3256,0.1802,9500,,0.5301
461537,Evolve Beauty Academy,Washington,MO,4,3,1,1,32.0,0.0,16.0,,,,,,,,0.3333,0.4048,7892,,0.9375
461555,Aveda Institute-New Mexico,Albuquerque,NM,6,3,1,1,11.0,0.0,161.0,,,,,,,,0.4979,0.4268,6333,,0.9689
461573,American Trade School,Saint Ann,MO,4,3,1,1,21.0,0.0,154.0,,,,,,,,0.6766,0.7363,PS,47161.0,0.0844
461582,Estelle Skin Care and Spa Institute,Skokie,IL,3,3,1,1,13.0,0.0,141.0,,,,,,,,0.4505,0.4505,7136,25148.0,0.9929
461607,Elite Cosmetology School,PALM DESERT,CA,8,3,1,1,13.0,0.0,115.0,,,,,,,,0.6635,0.6635,6333,17966.0,0.8348
461625,American Technical Institute,Bayamon,PR,9,3,1,1,12.0,0.0,11.0,,,,,,,,0.9865,0.0,PS,,0.0909
461652,Aveda Institute-Boise,Boise,ID,7,3,1,1,12.0,0.0,97.0,,,,,,,,0.4,0.5571,5846,24470.0,0.9588
461689,Pima Medical Institute-Aurora,Aurora,CO,7,3,1,2,11.0,0.0,266.0,,,,,,,,0.5327,0.549,5500,,0.891
461704,Capilo School of Hair Design,Augusta,ME,1,3,1,1,32.0,0.0,156.0,,,,,,,,0.4068,0.4,6333,,0.9423
461713,Pure Aesthetics Natural Skincare School,Tucson,AZ,6,3,1,1,11.0,0.0,53.0,,,,,,,,0.3696,0.413,6333,,0.9811
461722,Lindsey Institute of Cosmetology,Bowling Green,KY,5,3,1,1,13.0,0.0,56.0,,,,,,,,0.1613,0.2796,6009,14602.0,0.9821
461740,Invictus Career College,Dallas,TX,6,3,1,1,11.0,0.0,38.0,,,,,,,,0.7917,0.8056,4750,27850.0,0.2368
461759,Simmons College of Kentucky,Louisville,KY,5,2,2,4,11.0,1.0,481.0,1.0,,26596.0,16398.0,16398.0,0.1373,0.6389,0.4139,0.1594,PS,,0.4283
461768,Atelier Esthetique Institute of Esthetics,New York,NY,2,3,1,1,11.0,0.0,299.0,,,,,,,,0.5158,0.4965,5846,40826.0,0.9632
461786,Advanced College of Cosmetology,Waupun,WI,3,3,1,1,32.0,0.0,24.0,,,,,,,,0.425,0.6,9819,,1.0
461795,North American University,Stafford,TX,6,2,3,4,21.0,0.0,609.0,,,27981.0,15436.0,15436.0,0.3158,0.4595,0.4538,0.3298,4750,,0.2906
461829,Cinta Aveda Institute,San Francisco,CA,8,3,1,1,11.0,0.0,117.0,,,,,,,,0.4477,0.407,5500,34937.0,0.735
461838,Long Island Nail Skin & Hair Institute,Bethpage,NY,2,3,1,1,21.0,0.0,249.0,,,,,,,,0.2629,0.2371,5319,23404.0,0.992
461847,Keser Torah-Mayan Hatalmud,Lakewood,NJ,2,2,3,3,21.0,0.0,57.0,1.0,,18900.0,12460.0,12460.0,0.4,1.0,0.1864,0.0,PS,,0.0
461856,Southern California Health Institute,North Hollywood,CA,8,3,1,2,11.0,0.0,156.0,,,,,,,,0.84,0.9077,9500,34558.0,0.5962
461865,Best Care College,East Orange,NJ,2,3,1,2,21.0,0.0,44.0,,,,,,,,0.5414,0.5669,12970,64311.0,0.9091
461874,First Class Cosmetology School,Beloit,WI,3,3,1,1,13.0,0.0,92.0,,,,,,,,0.7338,0.6906,7847,26792.0,0.9022
461883,Millennia Atlantic University,Doral,FL,5,3,3,4,13.0,0.0,184.0,,,30138.0,13778.0,13778.0,1.0,0.0444,0.2404,0.2788,PS,,0.1576
461892,Abcott Institute,Southfield,MI,3,3,1,1,13.0,0.0,142.0,,,,,,,,0.8165,0.7156,8708,33151.0,0.9225
461908,The Salon Professional Academy-Kenosha,Kenosha,WI,3,3,1,1,13.0,0.0,130.0,,,,,,,,0.6794,0.6565,6333,24941.0,0.9923
461917,Paul Mitchell the School-Indianapolis,Indianapolis,IN,3,3,1,1,11.0,0.0,178.0,,,,,,,,0.3162,0.4375,8500,34913.0,0.9775
461926,Taylor Andrews Academy-St George,St. George,UT,7,3,1,1,12.0,0.0,127.0,,,,,,,,0.3808,0.3305,7000,17368.0,0.9921
461944,Protege Academy,East Lansing,MI,3,3,1,1,21.0,0.0,72.0,,,,,,,,0.6207,0.6379,9833,19499.0,0.9861
461962,Northeast Technical Institute,Scarborough,ME,1,3,1,1,22.0,0.0,74.0,,,,,,,,0.3948,0.4919,8550,,0.4595
461999,Elite School of Cosmetology,Norwalk,OH,3,3,1,1,31.0,0.0,200.0,,,,,,,,0.5211,0.5331,4806,23547.0,0.94
462008,Paul Mitchell the School-Las Vegas,Las Vegas,NV,8,3,1,1,11.0,0.0,204.0,,,,,,,,0.4688,0.4969,10556,,0.9216
462017,Summit Salon Academy-Kokomo,Kokomo,IN,3,3,1,1,13.0,0.0,98.0,,,,,,,,0.5135,0.5784,8867,23226.0,0.8776
462035,Florida Academy,Fort Myers,FL,5,3,1,1,13.0,0.0,350.0,,,,,,,,0.054,0.0696,6333,,0.4686
462044,Institute for Doctoral Studies in the Visual Arts,Portland,ME,1,2,4,4,13.0,0.0,,,,,,,,,,,,,
462053,State Career College,Gurnee,IL,3,3,1,1,21.0,0.0,185.0,,,,,,,,0.5432,0.5391,9500,,0.9514
462062,Academy for Salon Professionals,Northridge,CA,8,3,1,1,11.0,0.0,134.0,,,,,,,,0.4625,0.5059,6304,,0.9701
462071,Paul Mitchell the School-Spokane,Spokane Valley,WA,8,3,1,1,12.0,0.0,296.0,,,,,,,,0.6029,0.6,6028,27209.0,0.7804
462336,International College of Beauty Arts & Sciences,Los Angeles,CA,8,3,1,1,11.0,0.0,62.0,,,,,,,,0.626,0.6565,6333,,0.9355
462354,John Paul the Great Catholic University,Escondido,CA,8,2,3,3,21.0,0.0,286.0,0.7963,1130.0,52367.0,30265.0,30265.0,0.6386,0.8507,0.3255,0.5268,21500,56930.0,0.4406
463056,University of Connecticut-Hartford Campus,Hartford,CT,1,1,3,4,12.0,0.0,1525.0,0.8833,1073.0,26946.0,18130.0,40798.0,0.6505,0.8373,0.4565,0.3822,18610,73997.0,0.4872
464226,Ottawa University-Surprise,Surprise,AZ,6,2,3,4,21.0,0.0,836.0,0.7815,972.0,52170.0,35880.0,35880.0,0.1818,0.5,0.3984,0.7331,12500,55552.0,0.3433
466921,Chamberlain University-Missouri,St. Louis,MO,4,3,3,3,21.0,0.0,284.0,1.0,,38999.0,19975.0,19975.0,1.0,0.5,0.5488,0.7866,16458,92405.0,0.9296
466930,Chamberlain University-Texas,Houston,TX,6,3,3,3,11.0,0.0,2270.0,0.8387,,38480.0,20380.0,20380.0,0.25,0.6087,0.5373,0.7773,16458,92405.0,0.878
467094,Continental School of Beauty Culture-Mattydale,Mattydale,NY,2,3,1,1,21.0,0.0,152.0,,,,,,,,0.6296,0.6768,6333,23906.0,0.9803
467863,Paul Mitchell the School-Columbia,West Columbia,SC,5,3,1,1,21.0,0.0,256.0,,,,,,,,0.5759,0.5232,9500,26696.0,0.8555
467872,Paul Mitchell the School-Charleston,North Charleston,SC,5,3,1,1,12.0,0.0,264.0,,,,,,,,0.5441,0.5651,9500,26696.0,0.9886
467906,Kenneth Shuler School of Cosmetology-Greenville,Greenville,SC,5,3,1,1,21.0,0.0,157.0,,,,,,,,0.6123,0.5978,5724,23193.0,0.9745
468246,Northwest College-Eugene,Springfield,OR,8,3,1,1,13.0,0.0,139.0,,,,,,,,0.4863,0.4802,6333,24421.0,0.9065
468255,Northwest College-Tualatin,Tualatin,OR,8,3,1,1,21.0,0.0,35.0,,,,,,,,0.3944,0.3662,6333,24421.0,0.9714
468769,CET-Soledad,Soledad,CA,8,2,1,1,32.0,0.0,155.0,,,,,,,,0.4199,0.142,6729,32986.0,0.0387
468848,UEI College-Oceanside,Oceanside,CA,8,3,1,1,21.0,0.0,814.0,,,,,,,,0.6725,0.6415,9500,31141.0,0.3391
468893,Paul Mitchell the School-New Orleans,Metairie,LA,5,3,1,1,12.0,0.0,185.0,,,,,,,,0.6239,0.5918,9833,25699.0,0.9676
468909,UEI College-Garden Grove,Garden Grove,CA,8,3,1,1,21.0,0.0,1073.0,,,,,,,,0.7431,0.7404,9500,31141.0,0.3355
468963,New England Tractor Trailer Training School of Massachusetts,North Andover,MA,1,3,1,1,21.0,0.0,430.0,,,,,,,,0.6451,0.6402,6333,53085.0,0.0581
469416,Dewey University-Manati,Manati,PR,9,2,2,3,21.0,0.0,221.0,,,12277.0,7630.0,7630.0,0.5897,0.5263,0.9451,0.0863,5000,19761.0,0.8145
469610,Allen School-Phoenix,Phoenix,AZ,6,3,1,1,11.0,0.0,8.0,,,,,,,,0.9091,0.7576,9500,34186.0,0.875
469629,Oklahoma Technical College,Tulsa,OK,6,2,1,1,11.0,0.0,128.0,,,,,,,,0.6651,0.7349,7934,28954.0,0.0938
469911,Unitech Training Academy-Alexandria,Alexandria,LA,5,3,1,1,13.0,0.0,86.0,,,,,,,,0.7774,0.7367,6859,24707.0,0.9186
470038,UEI College-Riverside,Riverside,CA,8,3,1,1,11.0,0.0,1616.0,,,,,,,,0.7137,0.7866,9433,30848.0,0.4264
470047,WellSpring School of Allied Health-Lawrence,Lawrence,KS,4,3,2,2,13.0,0.0,37.0,,,,,,,,0.8197,0.8525,7917,29839.0,0.6757
470296,Manuel and Theresa's School of Hair Design-Victoria,Victoria,TX,6,3,1,1,13.0,0.0,18.0,,,,,,,,0.72,0.76,6692,,0.8889
470393,Tricoci University of Beauty Culture-Chicago NE,Chicago,IL,3,3,1,1,11.0,0.0,160.0,,,,,,,,0.613,0.6667,7307,27330.0,0.9188
474863,Los Angeles Pacific University,Glendora,CA,8,2,3,4,21.0,0.0,1483.0,,,29884.0,12360.0,12360.0,0.2105,0.5714,0.5164,0.7446,10806,,0.8301
474915,Avalon Institute-Phoenix,Phoenix,AZ,6,3,1,1,11.0,0.0,219.0,,,,,,,,0.703,0.9129,6312,30803.0,0.9543
474924,Avalon Institute-Layton,Layton,UT,7,3,1,1,21.0,0.0,186.0,,,,,,,,0.5646,0.8163,6312,30803.0,0.9892
475015,Aveda Institute-Des Moines,West Des Moines,IA,4,3,1,1,13.0,0.0,244.0,,,,,,,,0.4139,0.4801,6333,36132.0,0.9918
475024,Fortis Institute-Lawrenceville,Lawrenceville,NJ,2,3,1,1,21.0,0.0,373.0,,,,,,,,0.7898,0.7532,9100,36920.0,0.4316
475033,Relay Graduate School of Education,New York,NY,2,2,1,4,11.0,0.0,44.0,,,,,,,,0.0,0.044,PS,,0.7727
475060,Miller-Motte College-Macon,Macon,GA,5,3,1,2,12.0,0.0,230.0,,,,,,,,0.9132,0.8778,10661,31102.0,0.9304
475121,South University-Savannah Online,Savannah,GA,5,3,3,4,12.0,0.0,6433.0,,,34298.0,18145.0,18145.0,0.0689,0.3395,0.796,0.7327,13000,34421.0,0.7351
475176,San Joaquin Valley College-Temecula,Temecula,CA,8,3,1,2,12.0,0.0,650.0,,,,,,,,0.5352,0.6352,9773,38317.0,0.4308
475200,Whitworth University-Adult Degree Programs,Spokane,WA,8,2,3,3,21.0,0.0,145.0,0.2857,,,13560.0,13560.0,,,0.4588,0.6,18000,58561.0,0.7379
475228,The Colleges of Law at Santa Barbara,Santa Barbara,CA,8,2,4,4,13.0,0.0,,,,,,,,,,,PS,,
475273,Springfield College-Regional Online and Continuing Education,Springfield,MA,1,2,3,4,12.0,0.0,176.0,,,,,,,,0.5894,0.7967,23000,48036.0,0.8011
475282,Marian Health Careers Center-Van Nuys Campus,Van Nuys,CA,8,3,1,1,11.0,0.0,90.0,,,,,,,,0.4098,0.6066,10916,63612.0,0.6778
475325,Milan Institute-Las Vegas,Las Vegas,NV,8,3,1,1,11.0,0.0,331.0,,,,,,,,0.7012,0.6506,6333,24879.0,0.9577
475398,Catholic International University,Charles Town,WV,5,2,3,4,31.0,0.0,116.0,,,21546.0,10080.0,10080.0,1.0,,0.3838,0.2323,PS,,0.5948
475404,New York School of Esthetics & Day Spa,white plains,NY,2,3,1,1,13.0,0.0,120.0,,,,,,,,0.1349,0.0952,6333,,0.9917
475422,Finger Lakes Health College of Nursing & Health Sciences,Geneva,NY,2,2,2,2,32.0,0.0,65.0,1.0,,,13620.0,13620.0,,,0.6615,1.0,8250,40054.0,0.9846
475431,ASI Career Institute,Turnersville,NJ,2,3,1,1,21.0,0.0,62.0,,,,,,,,0.4311,0.4072,6333,,0.9194
475468,Christine Valmy International School of Esthetics & Cosmetology,Wayne,NJ,2,3,1,1,21.0,0.0,353.0,,,,,,,,0.3733,0.4539,5173,,0.9773
475486,Paul Mitchell the School-Arlington,Arlington,TX,6,3,1,1,11.0,0.0,360.0,,,,,,,,0.5518,0.5663,7457,28693.0,0.8472
475495,Rocky Mountain University of Health Professions,Provo,UT,7,3,4,4,12.0,0.0,,,,,,,,,,,,,
475547,Paul Mitchell the School-Fort Myers,Fort Myers,FL,5,3,1,1,41.0,0.0,104.0,,,,,,,,0.3421,0.3684,8389,16715.0,0.9038
475556,Paul Mitchell the School-Raleigh,Raleigh,NC,5,3,1,1,11.0,0.0,130.0,,,,,,,,0.605,0.57,9833,,0.9615
475565,CUNY Stella and Charles Guttman Community College,New York,NY,2,1,2,2,11.0,0.0,978.0,,,13179.0,5194.0,8074.0,,,0.6331,0.0227,5000,,0.4141
475574,Lil Lou's Beauty and Barber College,Gary,IN,3,3,1,1,21.0,0.0,40.0,,,,,,,,0.9123,0.8596,9500,,0.575
475608,Criswell College,Dallas,TX,6,2,3,4,11.0,0.0,132.0,1.0,,27748.0,15750.0,15750.0,0.5,1.0,0.4237,0.178,11803,43185.0,0.5379
475653,Reflections Academy of Beauty,Decatur,IL,3,3,1,1,13.0,0.0,40.0,,,,,,,,0.3136,0.3475,9500,,0.675
475662,UCAS University of Cosmetology Arts & Sciences-La Joya,La Joya,TX,6,3,1,1,21.0,0.0,51.0,,,,,,,,0.988,0.7711,6083,19880.0,1.0
475705,Annenberg School of Nursing,Reseda,CA,8,2,1,1,11.0,0.0,7.0,1.0,,,,,,,0.56,0.76,14385,,0.7143
475714,American Medical Academy,Miami,FL,5,3,1,3,21.0,0.0,412.0,,,,,,0.5278,0.6136,0.1085,0.1284,9500,,0.2112
475723,Tooele Technical College,Tooele,UT,7,1,1,1,32.0,0.0,303.0,,,,,,,,0.0749,0.0,PS,,0.495
475732,Chamberlain University-Georgia,Sandy Springs,GA,5,3,3,3,12.0,0.0,1940.0,0.9143,,38272.0,20515.0,20515.0,0.5,0.4,0.5157,0.7909,16458,92405.0,0.9093
475741,Chamberlain University-Indiana,Indianapolis,IN,3,3,3,3,11.0,0.0,144.0,1.0,,28094.0,19975.0,19975.0,0.0,1.0,0.5537,0.7853,16458,92405.0,0.9236
475839,Sessions College,Tempe,AZ,6,3,1,3,12.0,0.0,188.0,,,20483.0,7400.0,7400.0,0.4,0.6667,0.487,0.5065,9500,,0.6596
476063,Tulsa Welding School-Jacksonville,Jacksonville,FL,5,3,1,1,11.0,0.0,579.0,,,,,,,,0.6303,0.6178,6886,41067.0,0.0743
476179,Empire Beauty School-Virginia Beach,Virginia Beach,VA,5,3,1,1,11.0,0.0,163.0,,,,,,,,0.6314,0.5511,7050,24407.0,0.9509
476230,Ross College-Morgantown,Morgantown,WV,5,3,1,1,13.0,0.0,30.0,,,,,,,,0.7297,0.6757,8481,30481.0,1.0
476355,Miami Ad School-New York,Astoria,NY,2,3,1,1,11.0,0.0,31.0,,,,19400.0,19400.0,,,0.0625,0.3125,16849,106192.0,0.6129
476489,Larry's Barber College,Chicago,IL,3,3,1,1,11.0,0.0,68.0,,,,,,,,1.0,1.0,3723,,0.2353
476498,Futura Career Institute,Hialeah,FL,5,3,1,1,21.0,0.0,404.0,,,,,,,,0.8271,0.0,PS,,0.2624
476540,Vogue College of Cosmetology-San Antonio Fredericksburg,San Antonio,TX,6,3,1,1,11.0,0.0,90.0,,,,,,,,0.7,0.645,5500,,0.9667
476559,Vogue College of Cosmetology,San Antonio,TX,6,3,1,1,11.0,0.0,92.0,,,,,,,,0.6825,0.6085,6333,,0.9674
476568,Tomorrow's Image Barber And Beauty Academy of Virginia,Newport News,VA,5,3,1,1,12.0,0.0,15.0,,,,,,,,0.6667,0.5833,9500,,0.1333
476595,Medical Allied Career Center,Santa Fe Springs,CA,8,3,1,1,21.0,0.0,48.0,,,,,,,,0.8172,0.914,17130,,0.875
476601,Bais HaMedrash and Mesivta of Baltimore,Baltimore,MD,2,2,3,3,21.0,0.0,87.0,1.0,,24300.0,13100.0,13100.0,0.3182,0.8519,0.4066,0.0,PS,,0.0
476610,Barber & Beauty Institute of New York,Hempstead,NY,2,3,1,1,21.0,0.0,16.0,,,,,,,,1.0,1.0,3695,,0.3125
476629,Salon Institute-Toledo Campus,Toledo,OH,3,3,1,1,21.0,0.0,152.0,,,,,,,,0.3317,0.5288,9833,,0.9605
476683,Athena Career Academy,Toledo,OH,3,3,1,2,11.0,0.0,516.0,0.7805,,,,,,,0.7626,0.8956,14120,,0.9322
476692,Yeshiva Gedolah Zichron Leyma,Union,NJ,2,2,2,3,21.0,0.0,47.0,0.5667,,19850.0,11350.0,11350.0,0.6667,0.5625,0.4681,0.0,PS,,0.0
476708,The Barber School,Midvale,UT,7,3,1,1,21.0,0.0,169.0,,,,,,,,0.5734,0.6055,5500,,0.2663
476717,Be'er Yaakov Talmudic Seminary,Spring Valley,NY,2,2,3,3,21.0,0.0,765.0,,,19858.0,12300.0,12300.0,0.5878,0.9828,0.9219,0.0,PS,17360.0,0.0
476726,Rio Grande Valley College,Pharr,TX,6,3,1,2,13.0,0.0,808.0,,,,,,,,0.5867,0.7081,10473,,0.8304
476735,Alexander Academy,Lunenburg,MA,1,3,1,1,22.0,0.0,39.0,,,,,,,,0.9057,0.9057,7358,,0.4615
476753,Aveda Institute-Tucson,Tucson,AZ,6,3,1,1,11.0,0.0,240.0,,,,,,,,0.3514,0.4103,6333,,0.9792
476780,Diamond Beauty College,South El Monte,CA,8,3,1,1,21.0,0.0,67.0,,,,,,,,0.5147,0.0,PS,,0.8507
476799,Unitek College,South San Francisco,CA,8,3,1,1,13.0,0.0,191.0,,,,,,,,0.4186,0.4134,10699,87877.0,0.8325
476805,University Academy of Hair Design,Tuscaloosa,AL,5,3,1,1,12.0,0.0,38.0,,,,,,,,0.5345,0.4655,9833,,0.9737
476814,Florida Institute of Recording Sound and Technology,Orlando,FL,5,3,1,1,21.0,0.0,757.0,,,,,,,,0.4499,0.5256,7853,,0.4993
476841,Paul Mitchell the School-Reno,Reno,NV,8,3,1,1,11.0,0.0,161.0,,,,,,,,0.4678,0.4712,8149,,0.795
476850,Boise Barber College,Boise,ID,7,3,1,1,12.0,0.0,104.0,,,,,,,,0.562,0.5328,9500,,0.1827
476869,Austin Kade Academy,Idaho Falls,ID,7,3,1,1,13.0,0.0,82.0,,,,,,,,0.5338,0.4797,5780,,0.9512
476878,Aesthetic Science Institute,Latham,NY,2,3,1,1,21.0,0.0,164.0,,,,,,,,0.4603,0.5143,6333,,1.0
476887,Elaine Sterling Institute,Atlanta,GA,5,3,1,1,11.0,0.0,641.0,,,,,,,,0.6422,0.6968,6333,,0.9298
476896,Wade Gordon Hairdressing Academy,Amarillo,TX,6,3,1,1,12.0,0.0,129.0,,,,,,,,0.6538,0.649,7710,,0.5969
476902,Mitsu Sato Hair Academy,Overland Park,KS,4,3,1,1,12.0,0.0,85.0,,,,,,,,0.6548,0.7262,9500,,0.9882
476939,FVI School of Nursing and Technology,Miami,FL,5,3,1,2,21.0,0.0,661.0,0.7358,,,,,,,0.6282,0.6741,9294,,0.8896
476975,Colorado State University Global,Denver,CO,7,1,3,4,11.0,0.0,6563.0,0.984,,21201.0,9000.0,9000.0,,0.74,0.2727,0.3442,14405,76813.0,0.5196
476984,Paul Mitchell the School-Overland Park,Overland Park,KS,4,3,1,1,12.0,0.0,179.0,,,,,,,,0.4474,0.5493,9500,,0.9609
476993,Medspa Academies,South Jordan,UT,7,3,1,1,21.0,0.0,241.0,,,,,,,,0.3283,0.4762,9500,,0.9793
477002,Brighton Institute of Cosmetology,Brighton,MI,3,3,1,1,22.0,0.0,43.0,,,,,,,,0.0988,0.1235,7157,,0.9767
477233,Evangel University-James River Assembly of God Church,Ozark,MO,4,2,2,2,21.0,0.0,89.0,0.7405,720.0,31042.0,18080.0,18080.0,,,0.449,0.9796,17495,46573.0,0.5393
478582,Empire Beauty School-Savannah,Savannah,GA,5,3,1,1,12.0,0.0,127.0,,,,,,,,0.6032,0.4818,6222,24022.0,0.9528
478591,Ogle School Hair Skin Nails-Denton,Denton,TX,6,3,1,1,12.0,0.0,228.0,,,,,,,,0.5791,0.5678,7916,31055.0,0.9868
478616,Empire Beauty School-West Greensboro,Greensboro,NC,5,3,1,1,11.0,0.0,99.0,,,,,,,,0.7243,0.5841,7050,24407.0,0.9798
478917,Hays Academy of Hair Design,Salina,KS,4,3,1,1,33.0,0.0,46.0,,,,,,,,0.5287,0.4483,9833,23712.0,0.9565
478953,Bellus Academy,Manhattan,KS,4,3,1,1,13.0,0.0,209.0,,,,,,,,0.4537,0.5493,6333,25223.0,0.9187
479062,MotoRing Technical Training Institute,East Providence,RI,1,3,1,1,21.0,0.0,124.0,,,,,,,,0.3133,0.4678,9350,48281.0,0.0242
479424,Unitek College,Hayward,CA,8,3,1,1,21.0,0.0,284.0,,,,,,,,0.4981,0.4752,10699,87877.0,0.8979
479956,Pennsylvania State University-World Campus,University Park,PA,2,1,3,4,13.0,0.0,7877.0,0.9115,1248.0,27678.0,15356.0,15356.0,0.3415,0.6585,0.3143,0.4121,19500,63435.0,0.5238
479965,MCI Institute of NJ,Ocean,NJ,2,3,1,1,21.0,0.0,150.0,,,,,,,,0.0622,0.4232,6473,,0.8933
479974,Advance Beauty Techs Academy,Corona,CA,8,3,1,1,12.0,0.0,90.0,,,,,,,,0.6623,0.6948,5298,,0.6889
479992,Brand College,Glendale,CA,8,3,1,1,12.0,0.0,15.0,0.8,,,,,,,0.0,0.0,,,0.1333
480000,Hinton Barber and Beauty College,Vallejo,CA,8,3,1,1,12.0,0.0,50.0,,,,,,,,0.5393,0.3933,9833,,0.32
480019,Advanced Career Institute,Visalia,CA,8,3,1,1,12.0,0.0,664.0,,,,,,,,0.2416,0.2299,6229,,0.1054
480037,MyComputerCareer at Raleigh,Raleigh,NC,5,3,1,2,11.0,0.0,1466.0,,,,,,,,0.6558,0.8031,9500,,0.1978
480073,South University-Austin,Round Rock,TX,6,3,3,4,12.0,0.0,211.0,,,33349.0,18145.0,18145.0,0.0,0.3846,0.5926,0.5556,13000,34421.0,0.782
480091,Bryant & Stratton College-Online,Orchard Park,NY,2,2,2,3,21.0,0.0,8841.0,,,21430.0,16299.0,16299.0,0.233,0.2222,0.7823,0.817,9500,32568.0,0.9134
480125,Ogle School Hair Skin Nails-San Antonio,San Antonio,TX,6,3,1,1,11.0,0.0,466.0,,,,,,,,0.6571,0.5419,7916,31055.0,0.97
480198,Warner Pacific University Professional and Graduate Studies,Portland,OR,8,2,3,4,11.0,0.0,144.0,0.5935,,,14640.0,14640.0,,,0.3292,0.5031,20250,55204.0,0.7083
480204,Platt College-Riverside,Riverside,CA,8,3,2,3,11.0,0.0,413.0,,,28676.0,14922.0,14922.0,0.575,,0.694,0.8651,15215,40669.0,0.8547
480310,Empire Beauty School-Glen Burnie,Glen Burnie,MD,2,3,1,1,21.0,0.0,77.0,,,,,,,,0.6692,0.5,8028,25073.0,0.9481
480471,UEI College-Stockton,Stockton,CA,8,3,1,1,11.0,0.0,868.0,,,,,,,,0.7016,0.7633,9500,31141.0,0.4274
480523,Ross Medical Education Center-Dayton,Fairborn,OH,3,3,1,1,21.0,0.0,84.0,,,,,,,,0.6379,0.5,9389,33079.0,0.9167
480532,Ross Medical Education Center-Ontario,Ontario,OH,3,3,1,1,23.0,0.0,79.0,,,,,,,,0.7326,0.6279,7719,29898.0,0.9747
480550,Ross Medical Education Center-Bowling Green,Bowling Green,KY,5,3,1,1,13.0,0.0,57.0,,,,,,,,0.6887,0.5189,7504,30060.0,0.9298
480657,Rasmussen University-Kansas,Topeka,KS,4,3,2,3,12.0,0.0,359.0,,,31095.0,17160.0,17160.0,0.4545,,0.5677,0.7925,13000,39080.0,0.8997
480727,School of Missionary Aviation Technology,Ionia,MI,3,2,1,1,41.0,0.0,36.0,,,,,,,,0.2899,0.3913,12000,,0.0278
480781,California Miramar University,San Diego,CA,8,3,3,4,11.0,0.0,135.0,0.1847,,19067.0,12442.0,12442.0,0.5,0.9231,0.4848,0.4848,12664,,0.2074
480790,Rocky Vista University,Parker,CO,7,3,4,4,21.0,0.0,,,,,,,,,,,,,
480824,The College of Health Care Professions-Dallas,Dallas,TX,6,3,1,2,11.0,0.0,720.0,,,,,,,,0.6929,0.7236,9096,38922.0,0.8806
480833,The College of Health Care Professions-Fort Worth,Fort Worth,TX,6,3,1,2,11.0,0.0,1076.0,,,,,,,,0.6037,0.672,9473,33070.0,0.9126
480842,Shear Finesse Beauty Academy,Jacksonville,FL,5,3,1,1,11.0,0.0,49.0,,,,,,,,0.575,0.4,9500,,0.4082
480851,Miami Media School,Doral,FL,5,3,1,2,13.0,0.0,28.0,,,,,,,,0.7757,0.7477,9500,28918.0,0.5
480879,Academy of Salon Professionals,Sedalia,MO,4,3,1,1,33.0,0.0,50.0,,,,,,,,0.5824,0.5824,7917,,0.9
480888,CyberTex Institute of Technology,Austin,TX,6,3,1,1,11.0,0.0,152.0,,,,,,,,0.75,0.6508,6776,,0.5
480903,New England Tractor Trailer Training School of CT-Bridgeport,Bridgeport,CT,1,3,1,1,12.0,0.0,428.0,,,,,,,,0.7876,0.8532,6333,44444.0,0.1145
480921,Designer Barber & Stylist School,Fort Smith,AR,5,3,1,1,13.0,0.0,95.0,,,,,,,,0.517,0.3946,10203,,0.1789
480967,College of the Muscogee Nation,Okmulgee,OK,6,1,2,2,41.0,0.0,222.0,,,23881.0,6600.0,6600.0,,,0.3846,0.0,PS,,0.5946
480976,The Salon Professional Academy-Huntsville,Huntsville,AL,5,3,1,1,12.0,0.0,53.0,,,,,,,,0.45,0.55,9833,,0.9434
480985,Midwives College of Utah,Salt Lake City,UT,7,2,3,3,12.0,0.0,234.0,0.8571,,45179.0,8583.0,8583.0,0.4,0.5,0.5652,0.6206,8270,,0.9957
480994,Aspen Beauty Academy of Laurel,Laurel,MD,2,3,1,1,21.0,0.0,118.0,,,,,,,,0.569,0.5517,9833,,0.9831
481003,M T Training Center,Desoto,TX,6,3,1,1,21.0,0.0,293.0,,,,,,,,0.3163,0.5185,6755,,0.1911
481021,Berks Career & Technology Center,Leesport,PA,2,1,1,1,21.0,0.0,47.0,,,,,,,,0.2632,0.3333,3732,,0.3404
481030,Future Generations University,Franklin,WV,5,2,4,4,43.0,0.0,,,,,,,,,,,PS,,
481049,Carthage R9 School District-Carthage Technical Center,Carthage,MO,4,1,1,1,31.0,0.0,26.0,,,,,,,,0.5588,0.7059,14458,,1.0
481058,Grace Mission University,Fullerton,CA,8,2,3,4,21.0,0.0,68.0,,,,3370.0,3370.0,1.0,0.8,0.2361,0.0,PS,,0.4412
481067,World A Cuts Barber Institute,York,PA,2,3,1,1,13.0,0.0,20.0,,,,,,,,1.0,1.0,,,0.15
481085,Verve College,Oak Brook,IL,3,3,1,1,21.0,0.0,176.0,,,,,,,,0.8831,0.961,9500,,0.9261
481094,Sotheby's Institute of Art-NY,New York,NY,2,3,4,4,11.0,0.0,,,,,,,,,,,PS,,
481100,Top Nails & Hair Beauty School,Taylorsville,UT,7,3,1,1,21.0,0.0,92.0,,,,,,,,0.0349,0.0,PS,,0.8152
481128,Santa Ana Beauty College,Santa Ana,CA,8,3,1,1,11.0,0.0,99.0,,,,,,,,0.6796,0.0,PS,,0.7778
481155,Helms College,Augusta,GA,5,2,1,2,12.0,0.0,183.0,,,30291.0,17924.0,17924.0,,,0.6733,0.6067,8208,,0.5082
481182,Ukiah Adult School,Ukiah,CA,8,1,1,0,33.0,0.0,34.0,0.1818,,,,,,,0.5,0.0,PS,,0.9412
481191,Riverside County Office of Education-School of Career Education,Riverside,CA,8,1,1,1,41.0,0.0,105.0,,,,,,,,0.8624,0.3545,5500,,0.8095
481207,Institute of Health Sciences,Hunt Valley,MD,2,3,1,1,21.0,0.0,87.0,,,27500.0,16200.0,16200.0,,,0.4091,0.5,9500,,0.7471
481225,Mid-South Christian College,Memphis,TN,5,2,3,4,11.0,0.0,19.0,1.0,,19201.0,10500.0,10500.0,0.6,0.25,0.2917,0.0,PS,,0.5263
481243,New York Institute of Beauty,Islandia,NY,2,3,1,1,21.0,0.0,211.0,,,,,,,,0.3883,0.4255,5330,,0.9858
481252,Ultrasound Medical Institute,Wellington,FL,5,3,2,2,21.0,0.0,121.0,,,,,,,,0.6413,0.7065,17414,,0.9174
481289,Xavier College School of Nursing,Stockton,CA,8,3,1,2,11.0,0.0,106.0,0.3562,,,,,,,0.4367,0.6709,16156,,0.8302
481298,Lawrence & Company College of Cosmetology,Hanford,CA,8,3,1,1,13.0,0.0,34.0,,,,,,,,0.4,0.3833,4963,,1.0
481313,Kaizen Beauty Academy,Pembroke Pines,FL,5,3,1,1,21.0,0.0,95.0,,,,,,,,0.3247,0.1443,5200,,0.9895
481331,Sharp Edgez Barber Institute,Rochester,NY,2,3,1,1,12.0,0.0,57.0,,,,,,,,0.848,0.736,5426,,0.2456
481340,The Salon Professional Academy-Nashville,Nashville,TN,5,3,1,1,11.0,0.0,33.0,,,,,,,,0.2286,0.2857,9823,,1.0
481368,Prestige Health & Beauty Sciences Academy,Hallandale Beach,FL,5,3,1,1,21.0,0.0,119.0,,,,,,,,0.5364,0.1909,6333,,0.9244
481386,California Career Institute,Anaheim,CA,8,3,1,2,11.0,0.0,628.0,,,,,,,,0.6577,0.7678,17363,,0.879
481401,Grace School of Theology,The Woodlands,TX,6,2,3,4,12.0,0.0,229.0,,,11881.0,7720.0,7720.0,1.0,1.0,0.0588,0.0498,PS,,0.393
481410,Yeshiva Gedolah Kesser Torah,Monsey,NY,2,2,3,3,21.0,0.0,84.0,0.5238,,18900.0,9600.0,9600.0,0.3478,0.8421,0.2927,0.0,PS,,0.0
481429,Universal Training Institute,Perth Amboy,NJ,2,3,1,1,21.0,0.0,158.0,,,,,,,,0.5728,0.723,9500,,0.9114
481438,Yeshiva Yesodei Hatorah,Lakewood,NJ,2,2,3,3,21.0,0.0,75.0,0.8519,,24600.0,12500.0,12500.0,0.3636,0.75,0.4028,0.0,PS,,0.0
481447,Center for the Healing Arts,Voorhees,NJ,2,3,1,1,21.0,0.0,39.0,,,,,,,,0.371,0.4355,6333,,0.7436
481456,Bonnie Joseph Academy of Cosmetology & Barbering,Heber City,UT,7,3,1,1,32.0,0.0,20.0,1.0,,,,,,,0.4054,0.1892,PS,,0.7
481465,Healthcare Training Institute,Kenner,LA,5,3,1,0,21.0,0.0,94.0,,,,,,,,0.8735,0.9036,19000,,0.9468
481474,J D Academy of Salon and Spa,Danville,CA,8,3,1,1,21.0,0.0,91.0,,,,,,,,0.2924,0.5088,6211,,1.0
481483,Boca Beauty Academy,Boca Raton,FL,5,3,1,1,21.0,0.0,228.0,,,,,,,,0.674,0.5746,5848,,0.9825
481517,SPBK Enterprises Inc,Webb City,MO,4,3,1,1,23.0,0.0,96.0,,,,,,,,0.5375,0.5063,6500,,0.875
481526,The Chrysm Institute of Esthetics,Virginia Beach,VA,5,3,1,1,11.0,0.0,271.0,,,,,,,,0.5461,0.5225,6333,,0.9926
481535,Sanford Burnham Prebys Medical Discovery Institute,La Jolla,CA,8,2,4,4,11.0,0.0,,,,,,,,,,,,,
481571,Belle Academy of Cosmetology LLC,Waterbury,CT,1,3,1,1,41.0,0.0,5.0,,,,,,,,0.8571,0.8571,PS,,0.4
481678,Empire Beauty School-Augusta,Augusta,GA,5,3,1,1,12.0,0.0,73.0,,,,,,,,0.7101,0.5725,7851,23921.0,0.9315
481720,South University-High Point,High Point,NC,5,3,3,3,12.0,0.0,67.0,,,,18145.0,18145.0,,,0.4571,0.6714,13000,34421.0,0.8657
481739,Empire Beauty School-Vernon Hills,Vernon Hills,IL,3,3,1,1,21.0,0.0,50.0,,,,,,,,0.6023,0.5114,7050,24407.0,1.0
481748,Empire Beauty School-Stone Park,Stone Park,IL,3,3,1,1,21.0,0.0,136.0,,,,,,,,0.6897,0.5616,7050,24407.0,0.9779
481775,San Joaquin Valley College-Lancaster,Lancaster,CA,8,3,1,2,21.0,0.0,257.0,,,,,,,,0.7268,0.778,9773,38317.0,0.572
481845,Empire Beauty School-Rochester,Rochester,NY,2,3,1,1,21.0,0.0,67.0,,,,,,,,0.6761,0.6056,6222,24022.0,0.9403
481863,Ross Medical Education Center-Kokomo,Kokomo,IN,3,3,1,1,13.0,0.0,75.0,,,,,,,,0.6887,0.566,9389,33079.0,0.88
481890,Ross Medical Education Center-Erlanger,Erlanger,KY,5,3,1,1,21.0,0.0,77.0,,,,,,,,0.6296,0.5185,7719,29898.0,0.9221
481906,Ross Medical Education Center-Charleston,Charleston,WV,5,3,1,1,13.0,0.0,65.0,,,,,,,,0.7857,0.6857,5500,30072.0,0.8769
481960,InterCoast Colleges-Fairfield,Fairfield,CA,8,3,1,1,22.0,0.0,183.0,,,,,,,,0.5929,0.7154,9500,36089.0,0.0383
482015,Southern Careers Institute-San Antonio,San Antonio,TX,6,3,1,2,11.0,0.0,1089.0,,,,,,,,0.6479,0.5122,7389,27035.0,0.247
482060,Milan Institute-Merced,Merced,CA,8,3,1,1,13.0,0.0,359.0,,,,,,,,0.6495,0.5498,6333,24879.0,0.8663
482097,Midwest Technical Institute-Missouri,Springfield,MO,4,3,1,1,12.0,0.0,396.0,,,,,,,,0.6473,0.6881,9251,33601.0,0.4217
482149,Augusta University,Augusta,GA,5,1,3,4,12.0,0.0,5613.0,0.8641,1070.0,23524.0,8414.0,24734.0,0.4881,0.7556,0.3879,0.345,13015,48472.0,0.6285
482158,Middle Georgia State University,Macon,GA,5,1,3,4,12.0,0.0,6574.0,0.9968,1083.0,19617.0,5038.0,16390.0,0.2533,0.6529,0.4288,0.3291,9500,40863.0,0.5286
482167,Trenz Beauty Academy,Calumet City,IL,3,3,1,1,21.0,0.0,109.0,,,,,,,,0.089,0.0838,5500,,0.945
482176,Paul Mitchell the School-Denver,Lakewood,CO,7,3,1,1,21.0,0.0,213.0,,,,,,,,0.468,0.4986,6788,,0.9718
482185,Academy of Interactive Entertainment,Seattle,WA,8,2,1,1,11.0,0.0,47.0,0.416,,38046.0,25800.0,25800.0,,,0.3026,0.5395,12000,,0.4255
482194,ARROJO Academy,New York,NY,2,3,1,1,11.0,0.0,104.0,,,,,,,,0.4307,0.5693,10083,,0.9231
482200,Cosmetology Academy of Texarkana,Texarkana,TX,6,3,1,1,13.0,0.0,28.0,,,,,,,,0.6585,0.5366,7917,,0.8571
482228,Veritas Baptist College,Lawrenceburg,IN,3,2,3,4,31.0,0.0,111.0,0.95,,24494.0,10522.0,10522.0,0.4286,1.0,0.3,0.0786,11783,,0.3333
482246,Lynnes Welding Training,Fargo,ND,4,3,1,1,12.0,0.0,55.0,,,,,,,,0.1486,0.3649,3385,,0.1273
482255,Aviation Institute of Maintenance-Las Vegas,Las Vegas,NV,8,3,1,1,12.0,0.0,429.0,,,30078.0,16757.0,16757.0,,,0.2952,0.25,20500,48191.0,0.1026
482291,UEI College-Bakersfield,Bakersfield,CA,8,3,1,1,11.0,0.0,1415.0,,,,,,,,0.7751,0.787,9445,27688.0,0.412
482413,DeVry College of New York,New York,NY,2,3,3,4,11.0,0.0,86.0,1.0,,25596.0,17408.0,17408.0,0.3077,0.0,0.5143,0.5771,12805,45987.0,0.4419
482422,DeVry University-Arizona,Phoenix,AZ,6,3,3,3,11.0,0.0,6.0,,,,17408.0,17408.0,0.6667,,0.4091,0.5909,12805,45987.0,0.3333
482431,DeVry University-California,Ontario,CA,8,3,1,4,12.0,0.0,2378.0,0.985,,40687.0,17408.0,17408.0,0.2174,0.52,0.6183,0.6543,12805,45987.0,0.4718
482459,DeVry University-Florida,Orlando,FL,5,3,3,4,11.0,0.0,109.0,,,40132.0,17408.0,17408.0,0.3333,1.0,0.6223,0.7872,12805,45987.0,0.5872
482468,DeVry University-Georgia,Decatur,GA,5,3,3,4,21.0,0.0,516.0,1.0,,38315.0,17408.0,17408.0,0.125,0.4,0.7373,0.8072,12805,45987.0,0.6182
482477,DeVry University-Illinois,Lisle,IL,3,3,1,4,21.0,0.0,27825.0,0.9838,868.0,38660.0,17408.0,17408.0,0.3657,0.6488,0.6843,0.8118,12805,45987.0,0.6778
482547,DeVry University-Nevada,Henderson,NV,8,3,3,3,11.0,0.0,1.0,,,,17408.0,17408.0,0.0,,0.25,0.25,12805,45987.0,1.0
482556,DeVry University-New Jersey,Iselin,NJ,2,3,3,4,21.0,0.0,62.0,1.0,,42312.0,17408.0,17408.0,0.7143,1.0,0.7059,0.6618,12805,45987.0,0.5161
482574,DeVry University-Ohio,Columbus,OH,3,3,3,4,11.0,0.0,210.0,1.0,,34318.0,17408.0,17408.0,0.3889,0.6,0.7936,0.8073,12805,45987.0,0.6476
482635,DeVry University-Texas,Irving,TX,6,3,3,4,11.0,0.0,8.0,,,,17408.0,17408.0,0.3333,,0.5385,0.3846,12805,45987.0,0.125
482653,DeVry University-Virginia,Arlington,VA,5,3,3,4,12.0,0.0,13.0,,,42312.0,17408.0,17408.0,0.0,,0.52,0.56,12805,45987.0,0.3077
482680,University of North Georgia,Dahlonega,GA,5,1,3,4,32.0,0.0,16146.0,0.6794,1106.0,18177.0,5285.0,16503.0,0.3729,0.7347,0.2809,0.1968,9673,50135.0,0.5543
482699,South Georgia State College,Douglas,GA,5,1,2,3,33.0,0.0,1466.0,,,16177.0,3314.0,10274.0,0.162,0.3889,0.524,0.272,7000,35697.0,0.6501
482705,Northeastern University Professional Programs,Boston,MA,1,2,3,4,11.0,0.0,1802.0,,,,,,,,0.11,0.2156,22000,92538.0,0.6016
482936,Florida Polytechnic University,Lakeland,FL,5,1,3,4,41.0,0.0,1689.0,0.5752,1268.0,21817.0,4940.0,21005.0,0.5492,0.7477,0.3263,0.2498,7500,,0.1978
482963,American Institute-Toms River,Toms River,NJ,2,3,1,1,21.0,0.0,484.0,,,,,,,,0.7879,0.9264,9304,28710.0,0.7314
482981,Alamo City Barber College,San Antonio,TX,6,3,1,1,11.0,0.0,114.0,,,,,,,,0.8249,0.6732,5281,,0.2018
482990,Arizona College-Mesa,Mesa,AZ,6,3,1,1,11.0,0.0,140.0,,,,,,,,0.8022,0.7416,9500,34657.0,0.9071
483009,American College of Healthcare and Technology,Huntington Park,CA,8,3,1,1,21.0,0.0,125.0,,,,,,,,0.8893,0.8852,9500,31109.0,0.808
483018,Antioch College,Yellow Springs,OH,3,2,3,3,41.0,0.0,121.0,0.8913,,49856.0,37143.0,37143.0,0.4118,0.7179,0.6587,0.6984,6518,,0.6529
483036,Texas A&M University-Central Texas,Killeen,TX,6,1,3,4,41.0,0.0,1750.0,1.0,,14187.0,7363.0,17154.0,,,0.5027,0.4609,13000,,0.5914
483045,Central Georgia Technical College,Warner Robins,GA,5,1,1,2,13.0,0.0,6174.0,,,14577.0,3448.0,6016.0,,,0.304,0.1357,5500,30848.0,0.6459
483054,Barber School of Pittsburgh,Pittsburgh,PA,2,3,1,1,11.0,0.0,86.0,,,,,,,,0.5868,0.7355,13583,,0.1977
483106,Innovate Salon Academy,South Plainfield,NJ,2,3,1,1,21.0,0.0,288.0,,,,,,,,0.5397,0.5117,6333,,0.8229
483124,Arizona State University Digital Immersion,Scottsdale,AZ,6,1,3,4,12.0,0.0,53782.0,0.6669,,,,,0.0,1.0,0.398,0.3584,13610,62668.0,0.6246
483212,Louisiana Delta Community College,Monroe,LA,5,1,1,2,13.0,0.0,3057.0,,,14215.0,4159.0,4159.0,,,0.5578,0.3898,7618,30438.0,0.6536
483230,The Fab School,Rancho Cucamonga,CA,8,3,1,1,21.0,0.0,161.0,,,,,,,,0.369,0.2724,4449,,0.0373
483258,Networks Barber College,Calumet City,IL,3,3,1,1,21.0,0.0,54.0,,,,,,,,0.7143,0.6494,15900,,0.1296
483276,JB's Hair Design and Barber College,Oklahoma City,OK,6,3,1,1,11.0,0.0,59.0,,,,,,,,1.0,0.9882,PS,,0.2373
483337,Paul Mitchell the School-Greenville,Greenville,SC,5,3,1,1,22.0,0.0,196.0,,,,,,,,0.6441,0.6192,9500,26696.0,0.9745
483346,Barber and Beauty Academy of Pennsylvania,Harrisburg,PA,2,3,1,1,21.0,0.0,47.0,,,,,,,,0.1314,0.438,3167,,0.7872
483355,Delta College of Arts & Technology-Lafayette Campus,Lafayette,LA,5,3,1,1,12.0,0.0,189.0,,,,,,,,0.7259,0.5985,5899,34222.0,0.9577
483364,Delta College-Slidell Campus,Slidell,LA,5,3,1,1,13.0,0.0,162.0,,,,,,,,0.8211,0.6789,6200,32044.0,0.9753
483373,Integrity College of Health,Pasadena,CA,8,3,1,2,12.0,0.0,225.0,,,,,,0.0,,0.673,0.7148,8444,,0.9422
483382,Electrical and HVAC/R Training Center,Copiague,NY,2,3,1,1,21.0,0.0,226.0,,,,,,,,0.5083,0.5167,6022,,0.0
483425,Alexander Paul Institute of Hair Design,Greenville,NC,5,3,1,1,13.0,0.0,55.0,,,,,,,,0.5,0.5694,8750,,0.9818
483470,More Tech Institute,Hialeah,FL,5,3,1,1,21.0,0.0,102.0,,,,,,,,0.7959,0.7959,6186,,0.9216
483504,Dorsey College-Dearborn,Detroit,MI,3,3,1,2,11.0,0.0,430.0,,,30532.0,15154.0,15154.0,,,0.8822,0.8933,9500,29392.0,0.5791
483513,Neecee's Barber College,Abilene,TX,6,3,1,1,12.0,0.0,32.0,,,,,,,,0.7167,0.7167,9500,,0.1875
483559,Bella Cosmetology and Barber College,Greenville,TX,6,3,1,1,32.0,0.0,57.0,,,,,,,,0.5667,0.5833,8583,,0.9474
483577,Franklin Hair Academy School of Cosmetology,Franklin,TN,5,3,1,1,13.0,0.0,116.0,,,,,,,,0.0619,0.0796,PS,,0.9397
483595,Ana G. Mendez University,Orlando,FL,5,2,3,4,11.0,0.0,4763.0,,,27187.0,13575.0,13575.0,,0.7022,0.7125,0.6737,5592,,0.7621
483647,Ohio Institute of Allied Health,Huber Heights,OH,3,2,1,2,21.0,0.0,121.0,,,49166.0,27408.0,27408.0,,,1.0,1.0,9499,,0.9339
483708,Access Careers,Hempstead,NY,2,3,1,1,21.0,0.0,511.0,,,,,,,,0.0468,0.0251,5500,,0.8258
483726,Luckes Beauty Academy LLC,Newport  News,VA,5,3,1,1,12.0,0.0,17.0,,,,,,,,0.7241,0.7241,9500,,1.0
483735,Total Transformation Institute of Cosmetology,San Marcos,TX,6,3,1,1,13.0,0.0,112.0,,,,,,,,0.6125,0.6938,6009,,0.9107
483744,Vibe Barber College,Memphis,TN,5,3,1,1,11.0,0.0,71.0,,,,,,,,0.6867,0.4096,9500,,0.169
483753,Champ's Barber School,Lancaster,PA,2,3,1,1,13.0,0.0,62.0,,,,,,,,0.6173,0.6049,9500,,0.1774
483780,Washington University of Science and Technology,Alexandria,VA,5,3,3,4,12.0,0.0,400.0,0.0726,,,13785.0,13785.0,0.6667,0.75,0.0438,0.0,PS,,0.345
483799,East-West Healing Arts Institute,Madison,WI,3,3,1,1,11.0,0.0,72.0,,,,,,,,0.359,0.5513,8444,,0.7361
483814,Standard Healthcare Services-College of Nursing,Falls Church,VA,5,3,1,2,21.0,0.0,730.0,0.2794,,,,,,,0.4847,0.5842,14680,,0.8849
483823,Philadelphia Technician Training,Philadelphia,PA,2,2,1,1,11.0,0.0,512.0,,,,,,,,0.8836,0.8023,9500,,0.3027
483850,Alliance Computing Solutions,Flushing,NY,2,3,1,1,11.0,0.0,7.0,,,,,,,,1.0,0.0,5709,,1.0
483869,InterAmerican Technical Institute,Miami,FL,5,3,1,1,21.0,0.0,500.0,,,,,,,,1.0,0.8997,7917,,0.566
483878,Bay Area Medical Academy,San Francisco,CA,8,3,1,1,11.0,0.0,209.0,,,,,,,,0.7282,0.2362,8291,,0.799
483887,Mind Body Institute,Madison,TN,5,3,1,1,11.0,0.0,29.0,,,,,,,,0.3418,0.4304,7389,,0.8966
483896,Parisian Spa Institute,Jacksonville,FL,5,3,1,1,11.0,0.0,61.0,,,,,,,,0.2141,0.376,3167,,1.0
483911,Creative Touch Cosmetology School,Waterloo,IL,3,3,1,1,31.0,0.0,16.0,,,,,,,,0.6538,0.5769,PS,,1.0
483920,LaBarberia Institute of Hair,Mayfield Hts,OH,3,3,1,1,21.0,0.0,169.0,,,,,,,,0.7493,0.7254,12000,,0.4142
483948,Bos-Man's Barber College,Shreveport,LA,5,3,1,1,12.0,0.0,56.0,1.0,,,,,,,0.9706,0.9706,14000,,0.25
483957,Lawrence & Company College of Cosmetology,Selma,CA,8,3,1,1,31.0,0.0,21.0,,,,,,,,0.3818,0.4182,6333,,0.9524
483975,Alabama College of Osteopathic Medicine,Dothan,AL,5,2,4,4,13.0,0.0,,,,,,,,,,,,,
484002,High Desert Medical College,Lancaster,CA,8,3,1,2,21.0,0.0,2245.0,,,,,,,,0.5708,0.5911,9500,,0.9069
484011,Paul Mitchell the School-Schenectady,Schenectady,NY,2,3,1,1,13.0,0.0,87.0,,,,,,,,0.5,0.5842,6492,,0.8506
484020,Beyond Measure Barbering Institute,Mebane,NC,5,3,1,1,22.0,0.0,38.0,,,,,,,,0.5714,0.5714,9500,,0.3158
484057,Jupiter Beauty Academy,Boston,MA,1,3,1,1,11.0,0.0,201.0,,,,,,,,0.2489,0.0895,2333,,0.9602
484066,MedQuest College,Louisville,KY,5,3,1,2,21.0,0.0,524.0,,,,,,,,0.7196,0.7078,9196,,0.9523
484075,First Coast Barber Academy,Jacksonville,FL,5,3,1,1,11.0,0.0,82.0,0.9,,,,,,,1.0,1.0,9000,,0.4146
484084,Debutantes School of Cosmetology and Nail Technology,Dekalb,IL,3,3,1,1,23.0,0.0,99.0,,,,,,,,0.2323,0.2121,7867,,0.9899
484093,Paul Mitchell the School-Farmington Hills,Farmington Hills,MI,3,3,1,1,13.0,0.0,99.0,,,,,,,,0.5643,0.5714,9833,,0.9899
484109,Paul Mitchell the School-Merrillville,Merrillville,IN,3,3,1,1,21.0,0.0,107.0,,,,,,,,0.4342,0.6711,9833,,0.9813
484127,TIGI Hairdressing Academy Newtown,Newtown,CT,1,3,1,1,22.0,0.0,53.0,,,,,,,,0.4015,0.553,9833,,0.8302
484136,Yahweh Beauty Academy,Killeen,TX,6,3,1,1,12.0,0.0,29.0,,,,,,,,0.1833,0.0,PS,,0.6207
484163,Arizona School of Integrative Studies,Mesa,AZ,6,3,1,1,11.0,0.0,155.0,,,,,,,,0.4646,0.5591,8347,,0.7419
484172,Lee Professional Institute,Fort Myers,FL,5,3,1,1,13.0,0.0,36.0,,,,,,,,0.9623,0.9686,5970,,0.6667
484190,Park Place Premier Barber School,New Orleans,LA,5,3,1,1,11.0,0.0,32.0,,,,,,,,0.7381,0.7381,15587,,0.25
484206,The Salon Professional Academy-San Jose,San Jose,CA,8,3,1,1,11.0,0.0,196.0,,,,,,,,0.4509,0.4653,6333,,0.9745
484233,Tri-Community Adult Education,Covina,CA,8,1,1,1,21.0,0.0,217.0,,,,,,,,0.1479,0.0,PS,,0.4424
484330,Ross Medical Education Center-Owensboro,Owensboro,KY,5,3,1,1,13.0,0.0,38.0,,,,,,,,0.7,0.6833,8481,30481.0,0.9737
484349,Ross Medical Education Center-Evansville,Evansville,IN,3,3,1,1,12.0,0.0,91.0,,,,,,,,0.561,0.5366,9389,33079.0,0.956
484358,Ross Medical Education Center-Johnson City,Johnson City,TN,5,3,1,1,13.0,0.0,87.0,,,,,,,,0.6899,0.6357,9389,33079.0,0.954
484367,North-West College-Anaheim,Anaheim,CA,8,3,1,2,11.0,0.0,513.0,,,,,,,,0.5889,0.7016,9500,39876.0,0.8869
484376,North-West College-Long Beach,Long Beach,CA,8,3,1,2,11.0,0.0,652.0,,,,,,,,0.6428,0.8024,9500,39876.0,0.8957
484394,Taylor Andrews Academy of Hair Design-Provo,Provo,UT,7,3,1,1,12.0,0.0,147.0,,,,,,,,0.401,0.5938,9500,36048.0,0.9524
484473,University of Florida-Online,Gainesville,FL,5,1,3,3,12.0,0.0,4627.0,0.6126,1338.0,17843.0,3876.0,16579.0,0.8468,0.9482,0.2181,0.1236,14000,71588.0,0.5565
484604,Ogle School Hair Skin Nails-Stafford,Stafford,TX,6,3,1,1,21.0,0.0,550.0,,,,,,,,0.6944,0.6091,7917,31488.0,0.98
484613,University of Phoenix-Arizona,Phoenix,AZ,6,3,3,4,11.0,0.0,85991.0,,,19909.0,9552.0,9552.0,0.2084,0.408,0.4981,0.625,16690,37752.0,0.6658
484844,Minerva University,San Francisco,CA,8,2,3,4,11.0,0.0,637.0,0.0304,,,23630.0,23630.0,,0.9797,0.0,0.0,,,0.5651
484862,University of West Los Angeles,Inglewood,CA,8,3,3,4,21.0,0.0,7.0,,,,,,,,0.0,0.1667,,,0.7143
484871,Rabbinical College Ohr Yisroel,Brooklyn,NY,2,2,3,3,11.0,0.0,114.0,,,15850.0,9000.0,9000.0,0.3636,0.9355,0.3565,0.0,PS,,0.0
484899,Aveda Institute-Phoenix,Tempe,AZ,6,3,1,1,12.0,0.0,218.0,,,,,,,,0.4132,0.4658,6333,,0.9679
484905,University of North Texas at Dallas,Dallas,TX,6,1,3,4,11.0,0.0,2878.0,0.8445,940.0,20064.0,9595.0,21894.0,0.4164,0.6538,0.5391,0.3138,12500,,0.6508
484923,Dermal Science International Aesthetics and Nail Academy,Reston,VA,5,3,1,1,13.0,0.0,36.0,,,,,,,,0.2857,0.4429,6333,,1.0
484932,BridgeValley Community & Technical College,South  Charleston,WV,5,1,2,2,22.0,0.0,1854.0,,,12299.0,5800.0,12428.0,,,0.4657,0.2253,5256,36432.0,0.6025
484950,Northwest College-Medford,Medford,OR,8,3,1,1,13.0,0.0,95.0,,,,,,,,0.6023,0.6477,6333,24421.0,0.8737
484996,Houston Training Schools-Gessner,Houston,TX,6,3,1,1,11.0,0.0,138.0,,,,,,,,0.9767,0.0,PS,18991.0,0.971
485014,Empire Beauty School-Buffalo,Cheektowaga,NY,2,3,1,1,13.0,0.0,87.0,,,,,,,,0.6899,0.6329,6633,22377.0,0.9425
485032,Paul Mitchell the School-Toledo,Sylvania,OH,3,3,1,1,21.0,0.0,165.0,,,,,,,,0.6751,0.6414,9833,28363.0,0.9636
485111,Georgia Military College,Milledgeville,GA,5,1,2,3,32.0,0.0,3992.0,,,20987.0,8112.0,8112.0,0.3803,0.5,0.335,0.379,5500,39257.0,0.5902
485166,Beau Monde Academy of Barbering and Cosmetology,Portland,OR,8,3,1,1,11.0,0.0,92.0,,,,,,,,0.1778,0.1778,8769,24565.0,0.8696
485236,Fountain of Youth Academy of Cosmetology,Pittsburgh,PA,2,3,1,1,11.0,0.0,45.0,,,,,,,,0.0769,0.0684,5500,,0.9778
485272,West Coast University-Miami,Doral,FL,5,3,3,3,13.0,0.0,961.0,,,36468.0,23317.0,23317.0,0.3333,0.6,0.6211,0.8878,24145,102672.0,0.871
485342,Aparicio-Levy Technical College,Tampa,FL,5,1,1,1,21.0,0.0,150.0,,,,,,,,0.1693,0.0,PS,,0.1667
485360,Graduate America,Houston,TX,6,2,1,0,11.0,0.0,3.0,1.0,,,,,,,0.85,1.0,9500,,1.0
485379,Hollywood Institute of Beauty Careers-West Palm Beach,West Palm Beach,FL,5,3,1,1,12.0,0.0,239.0,,,,,,,,0.3996,0.3799,6105,21386.0,0.728
485388,Hollywood Institute of Beauty Careers-Casselberry,Casselberry,FL,5,3,1,1,21.0,0.0,273.0,,,,,,,,0.4526,0.4351,6105,21386.0,0.7985
485397,Empire Beauty School-Cheltenham,Wyncote,PA,2,3,1,1,21.0,0.0,152.0,,,,,,,,0.7674,0.6395,7851,23921.0,0.9539
485403,High Tech High Graduate School of Education,San Diego,CA,8,2,4,4,11.0,0.0,,,,,,,,,,,,,
485412,MJ Barber & Beauty Academy,Hemet,CA,8,3,1,1,22.0,0.0,94.0,,,,,,,,0.6968,0.6809,2333,19665.0,0.766
485458,Coastal Pines Technical College,Waycross,GA,5,1,1,2,33.0,0.0,1648.0,,,10649.0,3268.0,5836.0,,,0.2809,0.0,PS,30214.0,0.6784
485476,Studio Beauty School,Spokane Valley,WA,8,3,1,1,12.0,0.0,81.0,,,,,,,,0.4663,0.487,6333,,0.9877
485485,Latin Beauty Academy,greenacres,FL,5,3,1,1,21.0,0.0,283.0,,,,,,,,0.3628,0.3673,6334,,0.8092
485494,Associated Barber College of San Diego,San Diego,CA,8,3,1,1,11.0,0.0,121.0,,,,,,,,0.6686,0.5,15340,,0.124
485500,ABCO Technology,Los Angeles,CA,8,3,1,2,11.0,0.0,75.0,,,22592.0,9354.0,9354.0,,,0.157,0.1653,PS,,0.1067
485519,Lionel University,Carpinteria,CA,8,3,3,4,22.0,0.0,370.0,,,31812.0,15265.0,15265.0,0.6712,0.75,0.4469,0.6637,6334,,0.3162
485546,California Intercontinental University,Sioux Falls,SD,4,3,2,4,12.0,0.0,151.0,,,,,,,,0.766,0.7872,7404,,0.5298
485564,Infinity College,Lafayette,LA,5,3,1,2,12.0,0.0,179.0,,,,,,,,0.5765,0.6118,6333,,0.8939
485573,Universal Healthcare Careers College,Los Angeles,CA,8,3,1,1,11.0,0.0,287.0,,,,,,,,0.6242,0.0,PS,,0.8467
485607,Dolce The Academy,Waterbury,CT,1,3,1,1,12.0,0.0,44.0,,,,,,,,0.697,0.7121,8665,,0.9773
485698,American College of the Building Arts,Charleston,SC,5,2,3,3,12.0,0.0,155.0,0.4444,1190.0,38073.0,21500.0,21500.0,0.6207,0.75,0.1844,0.3901,10500,,0.1742
485768,Atlantis University,Miami,FL,5,3,2,4,11.0,0.0,330.0,,,24524.0,12820.0,12820.0,0.5682,0.4884,0.2716,0.2588,15900,,0.1909
485801,Westchester School for Medical & Dental Assistants,Ardsley,NY,2,3,1,1,21.0,0.0,67.0,,,,,,,,0.7479,0.3782,4097,,0.9254
485856,Studio Incamminati,Philadelphia,PA,2,2,1,1,11.0,0.0,39.0,1.0,,,18915.0,18915.0,,,0.175,0.225,PS,,0.6923
485874,Salon Boutique Academy,Addison,TX,6,3,1,1,21.0,0.0,200.0,,,,,,,,0.3789,0.3975,7736,,0.99
485926,GA Beauty & Barber School,McAllen,TX,6,3,1,1,12.0,0.0,171.0,,,,,,,,0.3717,0.2138,2400,,0.6667
485953,The Recording Conservatory of Austin,Austin,TX,6,3,1,2,41.0,0.0,77.0,,,,,,,,0.1942,0.3592,4125,,0.1299
485962,VH Barber & Styling Academy,Bossier City,LA,5,3,1,1,13.0,0.0,27.0,,,,,,,,0.7941,0.5588,9500,,0.3704
485999,Bet Medrash Gadol Ateret Torah,Brooklyn,NY,2,2,3,3,11.0,0.0,112.0,0.8889,,22488.0,10700.0,10700.0,0.5769,0.871,0.6667,0.0,PS,,0.0
486017,Yeshiva Ohr Yisrael,Brooklyn,NY,2,2,3,3,11.0,0.0,23.0,0.5,,,9800.0,9800.0,0.5714,0.25,0.2941,0.0,PS,,0.0
486026,Yeshiva Sholom Shachna,Brooklyn,NY,2,2,3,3,11.0,0.0,130.0,1.0,,21750.0,10750.0,10750.0,0.3043,0.8462,0.4576,0.0,PS,,0.0
486053,Bethlehem College & Seminary,Minneapolis,MN,4,2,3,4,11.0,0.0,117.0,,,,8200.0,8200.0,0.6957,1.0,0.0,0.0,,,0.4274
486080,Elmezzi Graduate School of Molecular Medicine,Manhasset,NY,2,2,4,4,21.0,0.0,,,,,,,,,,,,,
486150,Treasure Coast Technical College,Vero Beach,FL,5,1,1,1,22.0,0.0,75.0,,,,,,,,0.3506,0.0,PS,,0.5067
486169,American College of Barbering,Louisville,KY,5,3,1,1,11.0,0.0,84.0,,,,,,,,0.4286,0.4706,9399,,0.119
486196,Beth Medrash Meor Yitzchok,Monsey,NY,2,2,2,3,21.0,0.0,226.0,0.5278,,25700.0,12600.0,12600.0,0.2069,0.8333,0.509,0.0,PS,,0.0
486202,Mingo Extended Learning Center,Delbarton,WV,5,1,1,1,43.0,0.0,9.0,,,,,,,,0.9231,0.0,PS,,0.7778
486239,San Ignacio University,Doral,FL,5,3,1,4,13.0,0.0,77.0,,,16184.0,10405.0,10405.0,0.5806,1.0,0.0284,0.0284,PS,,0.5455
486248,ZMS The Academy,Los Angeles,CA,8,3,1,1,11.0,0.0,144.0,,,,,,,,0.1011,0.0106,3666,,0.3542
486257,Valor Christian College,Canal Winchester,OH,3,2,2,3,11.0,0.0,414.0,,,39005.0,10012.0,10012.0,0.4444,0.3636,0.5743,0.7114,12270,,0.5773
486284,Bethany Global University,Bloomington,MN,4,2,3,4,13.0,0.0,81.0,0.9286,,43216.0,11000.0,11000.0,0.5634,0.2174,0.5926,0.5741,11598,,0.6914
486345,HVAC Technical Institute,Chicago,IL,3,3,1,1,11.0,0.0,285.0,,,,,,,,0.5407,0.6,6851,,0.0316
486354,United International College,Dania Beach,FL,5,3,2,4,21.0,0.0,113.0,,,36420.0,10320.0,10320.0,0.6,0.6316,0.0743,0.0,PS,,0.2212
486372,San Francisco Film School,San Francisco,CA,8,3,2,2,11.0,0.0,127.0,,,,,,,,0.2293,0.1992,PS,,0.0945
486381,Center for Ultrasound Research & Education,White Plains,NY,2,3,1,1,13.0,0.0,37.0,,,,,,,,0.6481,0.6272,10000,,1.0
486406,Randolph Technical Center,Elkins,WV,5,1,1,1,33.0,0.0,15.0,,,,,,,,0.6429,0.0,PS,,1.0
486415,AMG School of Nursing,Brooklyn,NY,2,3,2,2,11.0,0.0,552.0,,,,,,,,0.781,0.8829,9942,,0.9185
486424,Saint Michael College of Allied Health,Washington,DC,2,3,1,2,11.0,0.0,136.0,0.7525,,45405.0,19405.0,19405.0,,,0.2195,0.2195,15187,,0.8603
486442,Sandra Academy of Salon Services,New Tazewell,TN,5,3,1,1,32.0,0.0,117.0,,,,,,,,0.3614,0.3735,7910,,0.8547
486497,California Barber and Beauty College,San Diego,CA,8,3,1,1,11.0,0.0,50.0,,,,,,,,0.63,0.18,PS,,0.04
486503,Laredo CHI Academy Beauty School,Laredo,TX,6,3,1,1,11.0,0.0,54.0,,,,,,,,0.7257,0.0,PS,,0.963
486512,Florida International Training Institute,Miami,FL,5,3,1,1,21.0,0.0,494.0,0.7912,,,,,,,0.3608,0.3561,3200,,0.4696
486530,Gould's Academy,Memphis,TN,5,3,1,1,11.0,0.0,148.0,,,,,,,,0.5827,0.5647,7767,,0.9932
486558,Aviation Institute of Maintenance-Fremont,Fremont,CA,8,3,1,1,12.0,0.0,343.0,,,33205.0,16757.0,16757.0,,,0.2773,0.2031,19500,,0.0875
486567,Paul Mitchell the School-Tulsa,Tulsa,OK,6,3,1,1,11.0,0.0,234.0,,,,,,,,0.5314,0.5079,9822,,0.9829
486576,PPG Technical College,Caguas,PR,9,3,1,1,13.0,0.0,235.0,,,12197.0,8620.0,8620.0,,,0.9278,0.0,PS,,0.7021
486619,Academy of Professional Cosmetology,Rogers,AR,5,3,1,1,13.0,0.0,115.0,,,,,,,,0.3483,0.3831,4750,,0.9739
486691,Empire Beauty School-Northlake,Atlanta,GA,5,3,1,1,21.0,0.0,127.0,,,,,,,,0.6907,0.6134,7050,24407.0,0.9449
486707,Ross Medical Education Center-Huntsville,Huntsville,AL,5,3,1,1,12.0,0.0,132.0,,,,,,,,0.6531,0.551,7504,30060.0,0.9848
486716,Ross Medical Education Center-Knoxville,Knoxville,TN,5,3,1,1,12.0,0.0,75.0,,,,,,,,0.672,0.568,5500,30072.0,1.0
486752,Ross Medical Education Center-Muncie,Muncie,IN,3,3,1,1,13.0,0.0,63.0,,,,,,,,0.6848,0.5326,7719,29898.0,0.9524
486770,Cortiva Institute-Arlington,Arlington,TX,6,3,1,1,11.0,0.0,155.0,,,,,,,,0.6682,0.6273,7485,29204.0,0.8194
486798,Tulsa Welding School-Houston,Houston,TX,6,3,1,1,11.0,0.0,1962.0,,,,,,,,0.6791,0.7411,6886,41067.0,0.1233
486813,Pima Medical Institute-El Paso,El Paso,TX,6,3,1,2,11.0,0.0,617.0,,,,,,,,0.7029,0.62,9500,38673.0,0.8476
486822,Pima Medical Institute-Phoenix,Phoenix,AZ,6,3,1,2,11.0,0.0,780.0,,,,,,,,0.4734,0.5609,5500,,0.8782
486840,Kennesaw State University,Kennesaw,GA,5,1,3,4,21.0,0.0,41254.0,0.6919,1113.0,24008.0,5808.0,17736.0,0.522,0.7672,0.3774,0.3274,14250,57552.0,0.4988
486859,Entourage Institute of Beauty and Esthetics,Lincoln,NE,4,3,1,1,11.0,0.0,99.0,,,,,,,,0.6275,0.7451,7000,,1.0
486877,Eastern Suffolk BOCES,Riverhead,NY,2,1,1,1,23.0,0.0,9.0,,,,,,,,0.2308,0.0769,8550,63394.0,1.0
486886,Eastern Suffolk BOCES,Oakdale,NY,2,1,1,1,21.0,0.0,31.0,,,,,,,,0.3529,0.1471,8550,63394.0,0.9677
486901,Milligan University,Milligan,TN,5,2,3,4,22.0,0.0,818.0,0.7229,1189.0,52511.0,40450.0,40450.0,0.6343,0.8151,0.2398,0.4508,18800,46641.0,0.4902
486938,Chamberlain University-Nevada,Las Vegas,NV,8,3,3,3,11.0,0.0,652.0,0.7647,,33051.0,19975.0,19975.0,0.2,0.75,0.4852,0.8255,16458,92405.0,0.8098
486947,Chamberlain University-Michigan,Troy,MI,3,3,3,3,13.0,0.0,629.0,0.8571,,33910.0,20785.0,20785.0,1.0,0.6,0.4992,0.8056,16458,92405.0,0.8553
486956,Chamberlain University-New Jersey,North Brunswick,NJ,2,3,3,3,21.0,0.0,1226.0,1.0,,38904.0,20785.0,20785.0,0.3333,0.8,0.3868,0.8009,16458,92405.0,0.8736
487010,The University of Tennessee Health Science Center,Memphis,TN,5,1,3,4,11.0,0.0,394.0,,,,,,,,0.1569,0.5186,11250,66318.0,0.9112
487047,Unitech Training Academy-New Orleans,New Orleans,LA,5,3,1,1,21.0,0.0,49.0,,,,,,,,0.7695,0.8086,6859,24707.0,0.9388
487065,Wade Gordon Hairdressing Academy-Lubbock,Lubbock,TX,6,3,1,1,11.0,0.0,96.0,,,,,,,,0.7603,0.7329,7710,,0.6875
487083,Protege Academy,Mt. Pleasant,MI,3,3,1,1,32.0,0.0,44.0,,,,,,,,0.5714,0.5714,9833,19499.0,0.9773
487092,Emory University-Oxford College,Oxford,GA,5,2,2,2,21.0,0.0,967.0,0.1311,1520.0,83622.0,64280.0,64280.0,,,0.1552,0.1264,16750,80137.0,0.5408
487153,The Chicago School at Xavier University of Louisiana,New Orleans,LA,5,2,4,4,11.0,0.0,,,,,,,,,,,10250,56899.0,
487162,Southern Regional Technical College,Thomasville,GA,5,1,1,2,32.0,0.0,3098.0,,,11896.0,3007.0,5575.0,,,0.4349,0.0,PS,31293.0,0.7369
487232,Texas College of Cosmetology-Lubbock,Lubbock,TX,6,3,1,1,11.0,0.0,54.0,,,,,,,,0.5723,0.5723,5500,21685.0,1.0
487302,Fortis College-Cuyahoga Falls,Cuyahoga Falls,OH,3,3,1,2,21.0,0.0,583.0,,,30500.0,14596.0,14596.0,,,0.7536,0.8045,11501,34509.0,0.6964
487311,Jones Technical Institute,Jacksonville,FL,5,2,2,2,11.0,0.0,659.0,,,30987.0,16920.0,16920.0,,,0.6264,0.7107,6333,24576.0,0.0971
487320,Texas State Technical College,Waco,TX,6,1,1,2,12.0,0.0,9437.0,,,20752.0,7212.0,11812.0,,,0.4021,0.2148,6334,38916.0,0.2751
487348,Aveda Institute Portland-Vancouver Campus,Vancouver,WA,8,3,1,1,12.0,0.0,122.0,,,,,,,,0.4928,0.5215,6211,33003.0,0.959
487375,Arizona College of Nursing-Las Vegas,Las Vegas,NV,8,3,3,3,21.0,0.0,1222.0,1.0,,35587.0,23531.0,23531.0,0.8182,0.7692,0.5338,0.792,9500,34657.0,0.8601
487481,UEI College-Phoenix,Phoenix,AZ,6,3,1,1,11.0,0.0,1234.0,,,,,,,,0.7223,0.7452,9500,31141.0,0.4887
487506,The Institute of Beauty and Wellness Madison,Madison,WI,3,3,1,1,11.0,0.0,88.0,,,,,,,,0.3061,0.5986,6333,31723.0,0.9773
487524,Husson University,Bangor,ME,1,2,3,4,13.0,0.0,2618.0,0.8095,1180.0,35852.0,23304.0,23304.0,0.5935,0.7535,0.3881,0.7168,21500,45025.0,0.6524
487533,Tricoci University of Beauty Culture-Elgin,Elgin,IL,3,3,1,1,12.0,0.0,138.0,,,,,,,,0.4741,0.5418,7307,35650.0,0.9855
487588,Concorde Career College-Southaven,Southaven,MS,5,3,1,2,21.0,0.0,115.0,1.0,,,,,,,0.8838,0.8324,9500,31599.0,0.9217
487597,Universal Technical Institute-Southern California,Long Beach,CA,8,3,2,2,11.0,0.0,1701.0,,,,,,,,0.6256,0.6029,11183,52873.0,0.0594
487603,Northwest University-Center for Online and Extended Education,Kirkland,WA,8,2,3,4,21.0,0.0,405.0,,,40568.0,14652.0,14652.0,0.5,0.5,0.1845,0.2401,15000,54914.0,0.5704
487621,Celebrity Barber School,Monroe,LA,5,3,1,1,13.0,0.0,20.0,,,,,,,,1.0,0.7917,6333,22002.0,0.05
487649,California Institute of Advanced Management,Alhambra,CA,8,2,4,4,21.0,0.0,,,,,,,,,,,,,
487658,Academy of Interactive Entertainment,Lafayette,LA,5,2,1,2,12.0,0.0,89.0,0.4258,,38727.0,24600.0,24600.0,,,0.4602,0.5398,11803,,0.4494
487676,The Temple Annapolis-A Paul Mitchell Partner School,Annapolis,MD,2,3,1,1,21.0,0.0,202.0,,,,,,,,0.4522,0.5478,9833,27891.0,0.9059
487746,Yeshiva Zichron Aryeh,Far Rockaway,NY,2,2,3,3,11.0,0.0,41.0,0.25,,,9650.0,9650.0,0.5,0.6667,0.1667,0.0,PS,,0.0
487773,Butte County Regional Occupational Program,Chico,CA,8,1,1,1,12.0,0.0,41.0,,,,,,,,0.4853,0.1029,4155,,0.9512
487791,Arclabs,Piedmont,SC,5,3,1,1,21.0,0.0,744.0,,,,,,,,0.6503,0.5949,6944,,0.1438
487807,Top of the Line Barber College,Charleston,SC,5,3,1,1,12.0,0.0,45.0,,,,,,,,0.3977,0.3864,8549,,0.3778
487816,Midfield Institute of Cosmetology,Midfield,AL,5,2,1,1,21.0,0.0,9.0,,,,,,,,0.75,0.125,8649,,1.0
487861,Felbry College,Columbus,OH,3,3,2,3,11.0,0.0,192.0,0.8542,,60136.0,29731.0,29731.0,0.9091,1.0,0.8411,0.9346,9500,,0.8385
487889,Regional Center for Border Health,Somerton,AZ,6,2,1,1,31.0,0.0,131.0,,,,,,,,0.0,0.0,PS,,0.8473
487904,Kentucky Horseshoeing School,Richmond,KY,5,3,1,1,32.0,0.0,31.0,,,,,,,,0.3725,0.6275,8000,,0.3548
487922,Image Maker Beauty Institute,Hendersonville,TN,5,3,1,1,21.0,0.0,74.0,,,,,,,,0.5333,0.6444,9665,,0.9865
487959,Dalton Institute of Esthetics and Cosmetology,Dalton,GA,5,3,1,1,13.0,0.0,47.0,,,,,,,,0.4206,0.4127,6222,,0.9787
487968,CAAN Academy of Nursing,Matteson,IL,3,2,1,2,21.0,0.0,96.0,,,,,,,,0.6596,0.5106,9500,,0.9479
487977,Martinsburg College,Cheyenne,WY,7,3,1,4,22.0,0.0,2491.0,1.0,,,,,0.6038,,0.9621,0.0,PS,,0.9831
487995,Alhambra Medical University,Alhambra,CA,8,3,4,4,21.0,0.0,45.0,,,,,,,,,,PS,,0.7556
488004,Central Yeshiva Beth Joseph,Airmont,NY,2,2,3,3,11.0,0.0,15.0,,,,10000.0,10000.0,,,0.2727,0.0,PS,,0.0
488013,Garden State Science and Technology Institute,Jersey City,NJ,2,3,1,1,11.0,0.0,917.0,,,,,,,,0.7816,0.6054,7412,,0.964
488022,Barber Tech Academy,Orangeburg,SC,5,3,1,1,32.0,0.0,59.0,,,,,,,,0.5269,0.4839,4750,,0.3898
488031,Abraham Lincoln University,Glendale,CA,8,3,3,4,12.0,0.0,25.0,,,34154.0,10440.0,10440.0,0.0,0.3333,0.5333,0.6,8984,,0.68
488059,Med College,Hialeah,FL,5,3,2,2,21.0,0.0,455.0,,,48503.0,22725.0,22725.0,,,0.7643,0.9158,17828,,0.6593
488077,Sonoran Desert Institute,Tempe,AZ,6,3,1,2,12.0,0.0,5435.0,,,25566.0,12200.0,12200.0,,,0.3252,0.2778,7786,,0.0248
488086,Northwest Suburban College,Rollng Meadows,IL,3,2,1,1,21.0,0.0,,,,,,,,,,,,,
488110,Natural Images Beauty College,Clute,TX,6,3,1,1,23.0,0.0,75.0,,,,,,,,0.2455,0.2364,7917,,0.84
488129,Textures Institute of Cosmetology,Indianapolis,IN,3,3,1,1,11.0,0.0,19.0,,,,,,,,0.5938,0.5938,6332,,0.7368
488138,Williams Technical College,Houma,LA,5,3,1,1,13.0,0.0,28.0,,,,,,,,0.7727,0.7727,6333,,0.9643
488174,Ea La Mar's Cosmetology & Barber College,Kansas City,MO,4,3,1,1,11.0,0.0,31.0,,,,,,,,0.6341,0.6341,5500,,0.6452
488183,Regina Webb Academy,Bowling Green,KY,5,3,1,1,13.0,0.0,23.0,,,,,,,,0.44,0.6,7448,,1.0
488192,DeHart Technical School,Modesto,CA,8,3,1,1,21.0,0.0,99.0,,,,,,,,0.4211,0.4145,7052,,0.0101
488217,Medical Career & Technical College,Richmond,KY,5,3,1,1,32.0,0.0,235.0,,,,,,,,0.6879,0.5605,5500,,0.9447
488226,Center for Neurosomatic Studies,Clearwater,FL,5,3,1,1,13.0,0.0,16.0,,,,,,,,0.2143,0.1429,PS,,0.5625
488253,Focus Personal Training Institute,New York,NY,2,3,1,1,11.0,0.0,64.0,,,,,,,,0.2286,0.2286,6333,,0.2344
488262,Hair Academy School of Barbering & Beauty,Newark,DE,2,3,1,1,21.0,0.0,33.0,,,,,,,,0.6809,0.6809,9500,,0.4242
488280,National Personal Training Institute,Orlando,FL,5,3,1,1,21.0,0.0,36.0,,,,,,,,0.7326,0.4884,6333,,0.3333
488299,Mission Beauty Institute,Mission,TX,6,3,1,1,13.0,0.0,11.0,,,,,,,,0.7931,0.3966,4750,,0.8182
488305,Elim Bible College,Lima,NY,2,2,1,3,42.0,0.0,100.0,1.0,,19630.0,10480.0,10480.0,0.6667,0.75,0.4286,0.3163,9241,,0.45
488314,Beth Medrash of Asbury Park,Lakewood,NJ,2,2,3,3,21.0,0.0,124.0,0.5385,,21110.0,12010.0,12010.0,0.1,0.7222,0.4495,0.0,PS,,0.0
488332,Hope College of Arts and Sciences,Pompano Beach,FL,5,3,2,2,12.0,0.0,54.0,,,,,,,,0.0634,0.0634,9500,,0.8889
488350,Yeshiva Gedolah Shaarei Shmuel,Lakewood,NJ,2,2,2,3,13.0,0.0,150.0,0.5417,,22595.0,10600.0,10600.0,0.8889,0.7045,0.5303,0.0,PS,,0.0
488369,Premier Barber Institute,Norristown,PA,2,3,1,1,21.0,0.0,50.0,,,,,,,,0.7059,0.7815,9500,,0.16
488378,International Beauty Education Center,Spokane,WA,8,3,1,1,21.0,0.0,146.0,,,,,,,,0.8174,0.7854,6333,,0.9384
488387,Claremont Lincoln University,Claremont,CA,8,2,3,4,21.0,0.0,54.0,,,,,,,,,,,,0.4815
488396,Phipps Academy of Barbering,Richton Park,IL,3,3,1,1,21.0,0.0,39.0,,,,,,,,1.0,1.0,6556,,0.0769
488411,Hoss Lee Academy,Roseville,CA,8,3,1,1,21.0,0.0,112.0,,,,,,,,0.2019,0.277,6333,,0.9821
488420,Indiana Wellness College,Carmel,IN,3,3,1,1,12.0,0.0,160.0,0.8,,,,,,,0.4364,0.5292,7389,,0.8875
488439,Kenny's Academy of Barbering,Indianapolis,IN,3,3,1,1,11.0,0.0,178.0,,,,,,,,0.3506,0.3426,9500,,0.2191
488448,Seattle Film Institute,Seattle,WA,8,3,3,4,11.0,0.0,65.0,,,55496.0,33000.0,33000.0,0.5714,0.7778,0.5667,0.55,12063,,0.2923
488527,Arkansas Colleges of Health Education,Fort Smith,AR,5,2,4,4,13.0,0.0,,,,,,,,,,,,,
488554,Burrell College of Osteopathic Medicine,Las Cruces,NM,6,3,4,4,22.0,0.0,,,,,,,,,,,,,
488563,California College of Music,Pasadena,CA,8,3,1,1,12.0,0.0,60.0,1.0,,29374.0,21985.0,21985.0,,,0.2857,0.2857,,,0.5333
488572,California Health Sciences University,Clovis,CA,8,3,4,4,21.0,0.0,,,,,,,,,,,,,
488590,Christian Culinary Academy,Cannon Beach,OR,8,2,1,1,42.0,0.0,22.0,0.9091,,,,,,,0.0,0.0,,,0.6364
488651,Glitz School of Cosmetology,Las Cruces,NM,6,3,1,1,12.0,0.0,124.0,,,,,,,,0.5956,0.5882,7307,,0.8306
488679,Indiana Wesleyan University-National & Global,Marion,IN,3,2,3,4,41.0,0.0,6656.0,,,22228.0,8208.0,8208.0,0.3495,,0.4845,0.5209,14335,59986.0,0.747
488730,Northeast Lakeview College,Universal City,TX,6,1,2,2,21.0,0.0,6471.0,,,12043.0,3412.0,9952.0,,,0.1956,0.0249,5500,,0.5579
488749,Paul Mitchell the School-Jessup,Jessup,MD,2,3,1,1,21.0,0.0,131.0,,,,,,,,0.5773,0.5928,6333,35225.0,0.8626
488776,John Patrick University of Health and Applied Sciences,South Bend,IN,3,3,2,4,12.0,0.0,480.0,0.8235,,44115.0,20605.0,20605.0,,,0.3022,0.5888,18000,,0.7104
488800,Teachers College of San Joaquin,Stockton,CA,8,1,1,4,11.0,0.0,642.0,,,,,,,,0.0,0.0,,,0.6947
488846,University of the People,Pasadena,CA,8,2,3,4,12.0,0.0,22688.0,,,,1400.0,1400.0,0.3354,,0.0,0.0,,,0.4743
488891,South Dade Technical College-South Dade Skills Center Campus,HOMESTEAD,FL,5,1,1,1,21.0,0.0,196.0,,,,,,,,0.1915,0.0,PS,,0.6429
488907,Wongu University of Oriental Medicine,Las Vegas,NV,8,2,4,4,12.0,0.0,,,,,,,,,,,,,
488916,Alabama School of Nail Technology & Cosmetology,Jackson,AL,5,3,1,1,43.0,0.0,97.0,,,,,,,,0.3077,0.3254,16500,,1.0
488934,Tulsa Technology Center,Tulsa,OK,6,1,1,1,11.0,0.0,1409.0,,,,,,,,0.1405,0.0,PS,41793.0,0.3762
488952,Ross Medical Education Center-Elyria,Elyria,OH,3,3,1,1,22.0,0.0,74.0,,,,,,,,0.7129,0.604,8481,30481.0,0.9459
488961,Ross Medical Education Center-Lafayette,Lafayette,IN,3,3,1,1,13.0,0.0,132.0,,,,,,,,0.7233,0.5597,9389,33079.0,0.9773
488970,Ross Medical Education Center-Midland,Midland,MI,3,3,1,1,13.0,0.0,57.0,,,,,,,,0.2737,0.2316,7719,29898.0,0.9123
488989,Paul Mitchell the School-Clear Lake,Webster,TX,6,3,1,1,21.0,0.0,133.0,,,,,,,,0.5816,0.551,9500,27384.0,0.9699
488998,Paul Mitchell the School-Nampa,Nampa,ID,7,3,1,1,22.0,0.0,117.0,,,,,,,,0.5583,0.6012,9500,25719.0,0.8803
489122,Academy of Beauty Professionals,Madison,WI,3,3,1,1,11.0,0.0,53.0,,,,,,,,0.44,0.47,6333,25117.0,0.8302
489131,Academy of Beauty Professionals,Appleton,WI,3,3,1,1,22.0,0.0,37.0,,,,,,,,0.3628,0.3894,6333,25117.0,0.9189
489140,Academy of Beauty Professionals,Green Bay,WI,3,3,1,1,12.0,0.0,64.0,,,,,,,,0.4552,0.4276,6333,25117.0,0.8281
489159,Kenneth Shuler School of Cosmetology-Goose Creek,Goose Creek,SC,5,3,1,1,21.0,0.0,152.0,,,,,,,,0.7148,0.6296,5775,25088.0,1.0
489201,Clovis Community College,Fresno,CA,8,1,2,2,11.0,0.0,7956.0,,,14897.0,1378.0,8638.0,,,0.1862,0.002,3500,,0.5863
489238,Boca Beauty Academy-Parkland,Parkland,FL,5,3,1,1,21.0,0.0,201.0,,,,,,,,0.5391,0.5844,5848,,0.8507
489256,Caribbean Aviation Training Institute Inc,Carolina,PR,9,3,1,1,21.0,0.0,191.0,,,18210.0,15480.0,15480.0,,,0.6021,0.0,PS,,0.0524
489283,The College of Health Care Professions-McAllen Campus,McAllen,TX,6,3,1,2,12.0,0.0,787.0,,,,,,,,0.7594,0.801,9473,33070.0,0.8628
489335,Institute of Buddhist Studies,Berkeley,CA,8,2,4,4,12.0,0.0,,,,,,,,,,,,,
489344,Chamberlain University-North Carolina,Charlotte,NC,5,3,3,3,11.0,0.0,202.0,1.0,,42634.0,20785.0,20785.0,,0.5,0.4352,0.8102,16458,92405.0,0.9208
489353,Chamberlain University-California,Rancho Cordova,CA,8,3,3,3,13.0,0.0,751.0,0.8,,37232.0,21271.0,21271.0,,1.0,0.3343,0.784,16458,92405.0,0.8016
489371,Spartan College of Aeronautics and Technology,Riverside,CA,8,3,1,1,21.0,0.0,317.0,,,,,,,,0.4732,0.5324,20000,61575.0,0.0757
489779,Purdue University Global,West Lafayette,IN,3,1,1,4,13.0,0.0,30828.0,,,15660.0,10101.0,14412.0,0.5,0.5714,0.4732,0.4552,11648,36596.0,0.5704
489830,Arthur's Beauty College,Jonesboro,AR,5,3,1,1,13.0,0.0,69.0,,,,,,,,0.7212,0.6635,9500,21470.0,1.0
489858,West Coast University-Center for Graduate Studies,Los Angeles,CA,8,3,4,4,11.0,0.0,,,,,,,,,,,24145,102672.0,
489937,Carolina University,Winston-Salem,NC,5,2,3,4,11.0,0.0,460.0,0.3954,,32680.0,17575.0,17575.0,0.2155,0.5636,0.3726,0.4458,11005,32864.0,0.4326
490018,National Personal Training Institute-Tampa,Tampa,FL,5,3,1,1,21.0,0.0,15.0,,,,,,,,0.8333,0.6111,6333,,0.4667
490045,California Prestige University,Santa Fe Springs,CA,8,2,3,4,21.0,0.0,55.0,,,,9329.0,9329.0,,,0.6316,0.0789,PS,,0.6545
490054,HCI College,West Palm Beach,FL,5,3,2,2,21.0,0.0,166.0,,,40563.0,20838.0,20838.0,,,0.6428,0.3041,18312,,0.8795
490081,America Evangelical University,Gardena,CA,8,2,3,4,13.0,0.0,73.0,,,23764.0,6200.0,6200.0,0.3333,0.5357,0.8873,0.5493,PS,,0.411
490090,Gadsden Technical College,Quincy,FL,5,1,1,1,41.0,0.0,59.0,,,,,,,,0.1789,0.0,PS,,0.5932
490106,Virginia University of Integrative Medicine,Vienna,VA,5,2,4,4,21.0,0.0,,,,,,,,,,,,,
490115,Nashville Film Institute,Nashville,TN,5,3,1,2,11.0,0.0,60.0,,,,,,,,0.3571,0.4464,5500,,0.25
490133,Westcliff University,Irvine,CA,8,3,3,4,11.0,0.0,2363.0,0.7315,,44210.0,17670.0,17670.0,0.622,0.7164,0.0599,0.0609,7500,,0.3673
490142,World Class Academy of Beauty Careers,Tallahassee,FL,5,3,1,1,12.0,0.0,36.0,,,,,,,,0.5952,0.5238,7654,,0.6389
490160,Sacramento Ultrasound Institute,Sacramento,CA,8,3,2,2,11.0,0.0,83.0,0.7067,,,,,,,0.2987,0.461,14750,,0.4578
490197,Regan Career Institute,El Monte,CA,8,3,1,1,21.0,0.0,56.0,,,,,,,,0.2152,0.5823,5029,,0.8036
490203,Bolivar Technical College,Bolivar,MO,4,2,2,3,32.0,0.0,144.0,0.9545,,,28390.0,28390.0,0.9167,,0.6458,0.6736,11000,,0.9236
490221,MAK Beauty Institute,Cumming,GA,5,3,1,1,21.0,0.0,11.0,,,,,,,,0.2031,0.1094,5501,,0.7273
490249,Mobile Technical Training,South Hackensack,NJ,2,3,1,1,21.0,0.0,31.0,,,,,,,,0.869,0.8929,6365,,0.1613
490258,American Barber and Beauty Academy,Reading,PA,2,3,1,1,13.0,0.0,104.0,,,,,,,,0.4201,0.4384,8028,,0.8269
490276,Yeshiva Shaar Ephraim,Monsey,NY,2,2,3,3,21.0,0.0,113.0,,,22510.0,14175.0,14175.0,0.0625,0.55,0.7482,0.0,PS,,0.0
490285,California Institute of Arts & Technology,National City,CA,8,3,1,3,21.0,0.0,2112.0,,,39831.0,22270.0,22270.0,0.561,0.625,0.3172,0.0842,4750,,0.161
490294,Elite Cosmetology Barber & Spa Academy,Yakima,WA,8,3,1,1,13.0,0.0,118.0,,,,,,,,0.837,0.9239,5500,,0.6271
490300,Cutting Edge Academy,Succasunna,NJ,2,3,1,1,21.0,0.0,99.0,,,,,,,,0.3152,0.3152,8444,,0.8182
490319,Yeshiva Bais Aharon,Lakewood,NJ,2,2,3,0,13.0,0.0,25.0,0.8182,,19522.0,10350.0,10350.0,0.0,0.0,0.6923,0.0,PS,,0.0
490328,Mechon L'hoyroa,Monsey,NY,2,2,3,3,21.0,0.0,122.0,,,,11800.0,11800.0,,,0.7258,0.0,PS,,0.0
490346,Elyon College,Brooklyn,NY,2,2,2,2,11.0,0.0,79.0,,,25960.0,14620.0,14620.0,,,0.5484,0.0,PS,,0.9747
490373,Western Michigan University Homer Stryker M.D. School of Medicine,Kalamazoo,MI,3,2,4,4,13.0,0.0,,,,,,,,,,,,,
490382,Harmony Health Care Institute,Merrimack,NH,1,3,1,1,22.0,0.0,153.0,0.8421,,,,,,,0.3349,0.4128,12264,,0.7778
490391,American Beauty and Trade School,Miami,FL,5,3,1,1,21.0,0.0,83.0,,,,,,,,0.2872,0.234,3500,,0.9759
490407,Hogan Institute of Cosmetology and Esthetics,Lilburn,GA,5,3,1,1,21.0,0.0,69.0,,,,,,,,0.5962,0.6731,9833,,0.971
490416,J's Barber College,New Iberia,LA,5,3,1,1,31.0,0.0,26.0,,,,,,,,0.5349,0.5349,13250,,0.3077
490425,Ann Webb Skin Institute,Austin,TX,6,3,1,1,11.0,0.0,121.0,,,,,,,,0.2954,0.2911,7917,,0.9917
490434,Apex Academy Hair Skin Nails School of Cosmetology,Ontario,OH,3,3,1,1,23.0,0.0,17.0,,,,,,,,0.431,0.3793,PS,,1.0
490443,The Esthetic Institute,Vienna,VA,5,3,1,1,21.0,0.0,66.0,,,,,,,,0.2899,0.3285,6333,,1.0
490470,Massage Institute of Memphis,Memphis,TN,5,3,1,1,11.0,0.0,29.0,,,,,,,,0.4138,0.5862,7391,,0.8621
490489,Metro Detroit Barber College,Detroit,MI,3,2,1,1,11.0,0.0,59.0,,,,,,,,0.6471,0.0,,,0.1356
490498,Digital Media Institute,Shreveport,LA,5,2,1,1,12.0,0.0,7.0,0.2609,,,,,,,0.28,0.2,5500,,0.7143
490504,Yeshiva Ohr Naftoli,New Windsor,NY,2,2,3,3,21.0,0.0,47.0,1.0,,21700.0,10870.0,10870.0,0.625,0.6,0.1163,0.0,PS,,0.0
490513,Bais Medrash Mayan Hatorah,Lakewood,NJ,2,2,3,3,13.0,0.0,36.0,0.6842,,20700.0,12000.0,12000.0,0.5789,0.625,0.32,0.0,PS,,0.0
490522,Allgood Beauty Institute,Frisco,TX,6,3,1,1,21.0,0.0,30.0,,,,,,,,0.8,0.7,7891,,1.0
490531,Ray J's College of Hair,Baton Rouge,LA,5,3,1,1,12.0,0.0,41.0,,,,,,,,0.9688,0.9688,9833,,0.1463
490674,Manuel and Theresa's School of Hair Design,Brenham,TX,6,3,1,1,32.0,0.0,8.0,,,,,,,,0.7143,0.7143,6692,,0.875
490692,Cincinnati School of Barbering & Hair Design,Cincinnati,OH,3,3,1,1,21.0,0.0,48.0,,,,,,,,0.7536,0.0,PS,,0.1667
490717,L Makeup Institute,Las Vegas,NV,8,3,1,1,11.0,0.0,73.0,,,,,,,,0.5098,0.6144,6702,,0.8356
490735,Maestro College,Arlington,TX,6,3,1,1,11.0,0.0,72.0,,,,,,,,0.6918,0.6712,9500,33559.0,0.9306
490744,Northern Technical College,Pine Bluff,AR,5,3,1,1,32.0,0.0,8.0,,,,,,,,0.8333,0.8611,9500,,0.625
490753,Maine Media College,Rockport,ME,1,2,1,4,33.0,0.0,3.0,,,,,,,,,,PS,,0.3333
490805,Purdue University Northwest,Hammond,IN,3,1,3,4,21.0,0.0,5671.0,0.7236,1024.0,15571.0,8675.0,16094.0,0.4291,0.657,0.2806,0.2532,13031,48318.0,0.5278
490814,Ross Medical Education Center-Portage,Portage,MI,3,3,1,1,13.0,0.0,124.0,,,,,,,,0.5413,0.4954,7504,30060.0,0.9113
490832,Ross College-Canton,Canton,OH,3,3,1,2,21.0,0.0,785.0,,,,,,,,0.7609,0.7873,7719,29898.0,0.9554
490841,Ross College-Grand Rapids North,Grand Rapids,MI,3,3,1,1,21.0,0.0,387.0,,,,,,,,0.6095,0.5619,5500,30072.0,0.9587
490869,American Institute-Somerset,Somerset,NJ,2,3,1,1,21.0,0.0,364.0,,,,,,,,0.7635,0.8266,9304,28710.0,0.5824
490878,Platt College-Anaheim,Anaheim,CA,8,3,2,3,11.0,0.0,498.0,,,28170.0,14922.0,14922.0,0.6436,,0.5407,0.7753,15215,40669.0,0.8695
490896,Advantage Career Institute,Eatontown,NJ,2,3,1,1,21.0,0.0,161.0,,,,,,,,0.3891,0.3923,4856,,0.9379
490948,Bull City Durham Beauty and Barber College,Durham,NC,5,3,1,1,11.0,0.0,41.0,,,,,,,,0.7018,0.7193,9500,,0.3659
490975,Fortis College-Cutler Bay,Cutler Bay,FL,5,3,2,2,21.0,0.0,365.0,,,30421.0,13806.0,13806.0,,,0.7016,0.8065,12949,34726.0,0.8658
491057,Yeshiva Kollel Tifereth Elizer,Brooklyn,NY,2,2,3,3,11.0,0.0,499.0,0.7368,,,12300.0,12300.0,0.8,,0.9328,0.0,PS,,0.0
491066,Strand Institute of Beauty & Esthetics,Corpus Christi,TX,6,3,1,1,11.0,0.0,65.0,,,,,,,,0.4018,0.4286,7859,,0.9692
491075,Arkansas Welding Academy,Jacksonville,AR,5,3,1,1,21.0,0.0,73.0,,,,,,,,0.7097,0.5806,5500,,0.1781
491084,Unitech Training Academy-Baton Rouge,Baton Rouge,LA,5,3,1,1,12.0,0.0,72.0,,,,,,,,0.8597,0.7873,6859,24707.0,0.9028
491136,Empire Beauty School-Tampa,Tampa,FL,5,3,1,1,21.0,0.0,111.0,,,,,,,,0.5955,0.5393,7851,23921.0,0.982
491145,Empire Beauty School-Lakeland,Lakeland,FL,5,3,1,1,12.0,0.0,145.0,,,,,,,,0.6244,0.5566,6333,23589.0,0.9586
491181,Galen College of Nursing-ARH,Hazard,KY,5,3,2,2,33.0,0.0,350.0,,,34801.0,16364.0,16364.0,,,0.7759,0.9198,16500,61480.0,0.8371
491190,The Chicago School at San Diego,San Diego,CA,8,2,3,4,11.0,0.0,2.0,,,,21780.0,21780.0,,,0.6,0.4,10250,56899.0,1.0
491215,Commercial Divers International,Goodyear,AZ,6,3,1,1,21.0,0.0,71.0,,,,,,,,0.3763,0.5161,6946,,0.0141
491224,Tricoci University of Beauty Culture-Janesville,Janesville,WI,3,3,1,1,13.0,0.0,102.0,,,,,,,,0.5509,0.6347,8175,23149.0,0.9216
491233,Unlimited Cosmetology School,Hattiesburg,MS,5,3,1,1,13.0,0.0,29.0,,,,,,,,0.2222,0.2222,PS,,1.0
491242,Johnny Matthew's Hairdressing Training School,Salem,OR,8,3,1,1,12.0,0.0,60.0,,,,,,,,0.2778,0.3333,8297,,0.4
491251,The Culinary School of Fort Worth,Fort Worth,TX,6,3,1,1,11.0,0.0,92.0,0.7753,,,,,,,0.2239,0.2463,5500,,0.3804
491260,Centralia Beauty College,Centralia,WA,8,3,1,1,32.0,0.0,90.0,,,,,,,,0.1406,0.1953,5125,,0.9556
491288,University of Wisconsin-Milwaukee Flex,Milwaukee,WI,3,1,3,3,11.0,0.0,543.0,1.0,,,,,,,0.1845,0.2879,15250,54990.0,0.6888
491297,University of Wisconsin-Parkside Flex,Kenosha,WI,3,1,3,3,41.0,0.0,172.0,,,,,,,,0.2238,0.3566,14000,51129.0,0.564
491394,Miller-Motte College-STVT-Arlington,Arlington,TX,6,3,1,1,11.0,0.0,268.0,,,,,,,,0.7013,0.6981,10661,31102.0,0.209
491446,Bnos Zion Of Bobov Seminary,Brooklyn,NY,2,2,1,2,11.0,0.0,124.0,0.8818,,23097.0,10250.0,10250.0,,,0.8112,0.0,PS,,1.0
491464,ABC Adult School,Cerritos,CA,8,1,1,1,21.0,0.0,173.0,,,,,,,,0.3363,0.0,PS,,0.6763
491473,Polytech Adult Education,Woodside,DE,2,1,1,1,22.0,0.0,590.0,,,,,,,,0.0281,0.0,PS,,0.3525
491525,Union Bible College,Westfield,IN,3,2,1,3,21.0,0.0,206.0,0.9084,,15700.0,6700.0,6700.0,0.5,1.0,0.1463,0.0,PS,,0.5388
491534,Pets Playground Grooming School,Pompano Beach,FL,5,3,1,1,12.0,0.0,22.0,,,,,,,,0.6,0.64,PS,,0.7727
491543,San Bernardino Beauty College,San Bernardino,CA,8,3,1,1,12.0,0.0,82.0,,,,,,,,0.4427,0.0458,9500,,0.8902
491552,Christina and Company Education Center,Lafayette,IN,3,3,1,1,13.0,0.0,44.0,,,,,,,,0.1835,0.2477,PS,,0.9773
491570,Institute of Medical Ultrasound,Atlanta,GA,5,3,1,1,11.0,0.0,50.0,,,56036.0,31052.0,31052.0,,,1.0,1.0,12000,,1.0
491589,Mystros Barber Academy,Houston,TX,6,2,1,1,11.0,0.0,50.0,,,,,,,,0.4815,0.463,7959,,0.16
491598,European Medical School of Massage,Sinking Spring,PA,2,3,1,1,21.0,0.0,37.0,,,,,,,,0.9429,1.0,4278,,0.8649
491613,Yeshiva Gedolah Tiferes Boruch,North Plainfield,NJ,2,2,3,3,21.0,0.0,81.0,0.8929,,17600.0,10480.0,10480.0,0.0556,0.8421,0.6143,0.0,PS,,0.0
491622,Yeshiva Chemdas Hatorah,Lakewood,NJ,2,2,2,3,21.0,0.0,72.0,0.8,,22180.0,12150.0,12150.0,0.7619,0.7143,0.5,0.0,PS,,0.0
491631,Women's Institute of Torah Seminary and College,Baltimore,MD,2,2,3,3,11.0,0.0,118.0,0.9796,,32300.0,9780.0,9780.0,1.0,0.913,0.2408,0.0,PS,,1.0
491640,Yeshiva Gedolah Keren Hatorah,Lakewood,NJ,2,2,2,3,13.0,0.0,181.0,0.8571,,23591.0,9150.0,9150.0,0.8718,0.7949,0.5979,0.0,PS,,0.0
491659,ICOHS College,San Diego,CA,8,2,1,2,11.0,0.0,171.0,,,,,,,,0.3293,0.2964,6650,,0.3392
491668,Neo-Esthetique European Institute,San Juan,PR,9,3,1,1,11.0,0.0,109.0,,,,,,,,0.6422,0.0,PS,,0.9633
491677,Lehigh Valley Barber School,Bethlehem,PA,2,3,1,1,13.0,0.0,77.0,,,,,,,,0.8878,0.9796,9500,,0.3636
491686,International Barber College,Chandler,AZ,6,3,1,1,11.0,0.0,45.0,,,,,,,,0.5,0.425,16500,,0.0667
491695,Brown Beauty Barber School,Bessemer,AL,5,3,1,1,21.0,0.0,54.0,,,,,,,,0.8194,0.8472,9054,,0.7037
491701,Rexburg College of Massage Therapy,Rexburg,ID,7,3,1,1,32.0,0.0,37.0,,,,,,,,0.3718,0.641,4478,,0.8919
491710,Yeshiva Gedolah of Cliffwood,Keyport,NJ,2,2,3,3,21.0,0.0,30.0,0.7,,17850.0,8550.0,8550.0,0.1905,0.3333,0.1636,0.0,PS,,0.0
491747,UR Beauty & Barber Academy,Sebring,FL,5,3,1,1,13.0,0.0,26.0,,,,,,,,0.5,0.5714,7667,,0.7692
491756,Urban Barber College,Concord,CA,8,3,1,1,21.0,0.0,224.0,,,,,,,,0.6334,0.6804,9855,,0.1563
491765,Yeshivas Emek Hatorah,Howell,NJ,2,2,3,3,41.0,0.0,90.0,1.0,,22250.0,9750.0,9750.0,0.0,0.9655,0.129,0.0,PS,,0.0
491774,Transitions Career Institute School of Nursing,College Point,NY,2,3,1,1,11.0,0.0,186.0,,,,,,,,0.2899,0.2899,9500,,0.9032
491783,Wilton Simpson Technical College,Brooksville,FL,5,1,1,1,22.0,0.0,155.0,,,,,,,,0.3167,0.0,PS,,0.2968
491792,Stacey James Institute,Parker,CO,7,3,1,1,21.0,0.0,90.0,,,,,,,,0.2734,0.4748,6333,,0.9556
491808,Meridian University,Petaluma,CA,8,3,4,4,13.0,0.0,,,,,,,,,,,,,
491817,Seminary Bnos Chaim,Lakewood,NJ,2,2,1,2,13.0,0.0,182.0,0.4359,,28911.0,13150.0,13150.0,,,0.7288,0.0,PS,,1.0
491826,Avenue Academy A Cosmetology Institute,Albuquerque,NM,6,3,1,1,11.0,0.0,96.0,,,,,,,,0.6802,0.5407,6333,,1.0
491835,Salon Professional Academy of San Antonio,San Antonio,TX,6,3,1,1,11.0,0.0,94.0,,,,,,,,0.6258,0.7301,7917,,0.9574
491844,Red Lake Nation College,Red Lake,MN,4,1,2,2,43.0,0.0,332.0,,,13164.0,6640.0,6640.0,,,0.6231,0.0,PS,,0.6596
491853,Princess Institute of Beauty,Reedley,CA,8,3,1,1,32.0,0.0,29.0,,,,,,,,0.7333,0.7067,6333,,1.0
491871,Vogue International Academy,Houston,TX,6,3,1,1,11.0,0.0,8.0,,,,,,,,0.6923,0.6923,PS,,1.0
491880,Independent Training & Apprenticeship Program,Sacramento,CA,8,3,1,1,13.0,0.0,92.0,,,,,,,,0.6402,0.6028,9500,,0.0217
491899,Victory Career College,Carson,CA,8,3,1,1,13.0,0.0,100.0,,,,,,,,0.5376,0.5665,6332,,0.93
491905,Winonah's International School of Cosmetology,Hoover,AL,5,3,1,1,21.0,0.0,120.0,,,,,,,,0.7486,0.7318,6500,,0.9917
491914,Yeshiva Gedola Tiferes Yerachmiel,Lakewood,NJ,2,2,2,3,13.0,0.0,177.0,0.5147,,17050.0,9600.0,9600.0,0.913,0.9545,0.4419,0.0,PS,,0.0
491923,Southeastern Esthetics Institute,Elgin,SC,5,3,1,1,12.0,0.0,358.0,,,,,,,,0.4761,0.5294,6333,,0.9832
491941,Caris College,Jeffersonville,IN,3,3,1,2,21.0,0.0,202.0,,,,,,,,0.6204,0.6971,8708,,0.9505
491950,Contra Costa Medical Career College,Antioch,CA,8,3,1,2,21.0,0.0,556.0,,,,,,,,0.2624,0.2828,6333,,0.8273
491978,Another Level Barbering and Cosmetology School,Petersburg,VA,5,3,1,1,21.0,0.0,70.0,,,,,,,,0.8319,0.8319,9500,,0.6571
491996,The Salon Professional Academy-Georgetown,Georgetown,TX,6,3,1,1,13.0,0.0,79.0,,,,,,,,0.3246,0.4474,7511,,0.9747
492005,Elite Academy of Hair Design,Bridgeport,OH,3,3,1,1,23.0,0.0,61.0,,,,,,,,0.6075,0.7103,5500,,1.0
492023,Americare Technical School,Park Ridge,IL,3,3,1,1,21.0,0.0,25.0,1.0,,,20500.0,20500.0,,,0.68,0.72,,,0.76
492069,Champion Christian College,Hot Springs,AR,5,2,3,3,13.0,0.0,144.0,,,20970.0,11510.0,11510.0,0.0,0.3548,0.3309,0.4748,5500,,0.25
492078,Chicago Professional Center,Prospect Heights,IL,3,3,1,1,21.0,0.0,95.0,,,,,,,,0.0,0.0099,,,0.0105
492139,DSDT,Detroit,MI,3,3,1,1,11.0,0.0,132.0,,,,,,,,0.1575,0.125,5911,,0.3636
492148,Elite Beauty College,Muskogee,OK,6,3,1,1,32.0,0.0,10.0,,,,,,,,0.8333,0.6667,,,1.0
492281,GoodFellas Barber College,Little Rock,AR,5,3,1,1,12.0,0.0,32.0,,,,,,,,0.7358,0.6415,9500,,0.1563
492306,Escondido Adult School,Escondido,CA,8,1,1,1,21.0,0.0,1476.0,,,,,,,,,,,,0.6111
492315,Poway Adult School,Poway,CA,8,1,1,1,21.0,0.0,1459.0,,,,,,,,,,,,0.6936
492324,Vista Adult School,Vista,CA,8,1,1,1,21.0,0.0,1426.0,,,,,,,,,,,,0.6971
492421,No Grease Barber School,Charlotte,NC,5,3,1,1,11.0,0.0,28.0,,,,,,,,1.0,1.0,9500,,0.2143
492449,Pima Medical Institute-San Marcos,San Marcos,CA,8,3,1,2,21.0,0.0,573.0,,,,,,,,0.4708,0.4836,9500,38673.0,0.7714
492476,EDP University of Puerto Rico-Villalba,Villalba,PR,9,2,2,3,23.0,0.0,379.0,0.7565,,19138.0,7050.0,14125.0,0.25,,0.6904,0.7722,10500,22844.0,0.715
492652,KCK Beauty & Barber Academy,Jacksonville,FL,5,3,1,1,11.0,0.0,36.0,,,,,,,,0.5238,0.4286,9500,,0.4444
492661,California College of Barbering and Cosmetology,Stockton,CA,8,3,1,1,11.0,0.0,227.0,,,,,,,,0.6499,0.6411,6333,,0.815
492689,Texas Tech University Health Scienes Center El Paso,El Paso,TX,6,1,3,4,11.0,0.0,242.0,,,,,,,,0.5297,0.75,12500,,0.8347
492704,Ponce Health Sciences University-Centro Universitario de San Juan,San Juan,PR,9,3,4,4,11.0,0.0,,,,,,,,,,,15500,,
492722,The College of Health Care Professions-South San Antonio,San Antonio,TX,6,3,1,2,11.0,0.0,419.0,,,,,,,,0.7623,0.7068,9473,33070.0,0.8854
492731,Innovate Salon Academy,Ewing,NJ,2,3,1,1,21.0,0.0,174.0,,,,,,,,0.523,0.5477,6333,,0.8103
492759,Chamberlain University-Louisiana,Jefferson,LA,5,3,3,3,21.0,0.0,622.0,1.0,,38480.0,19975.0,19975.0,,0.8571,0.3985,0.6074,16458,92405.0,0.9148
492801,Drury University-College of Continuing Professional Studies,Springfield,MO,4,2,3,3,12.0,0.0,632.0,,,19698.0,8054.0,8054.0,0.4324,0.5,0.6411,0.4777,13000,40694.0,0.6377
492935,Global Medical & Technical Training Institute,Miami,FL,5,3,1,1,11.0,0.0,393.0,,,,,,,,0.9945,0.9667,8234,,0.8753
492953,Salon Success Academy-West Covina,West Covina,CA,8,3,1,1,21.0,0.0,75.0,,,,,,,,0.4853,0.4706,7116,26956.0,0.9733
492962,Indiana Institute of Technology-College of Professional Studies,Fort Wayne,IN,3,2,3,3,11.0,0.0,2686.0,,,26033.0,9896.0,9896.0,0.28,0.5455,0.5526,0.5917,12564,47327.0,0.6005
493071,Advantage Technical College,San Juan,PR,9,3,1,1,11.0,0.0,381.0,,,,,,,,0.3909,0.0,PS,26905.0,0.7349
493080,Institute of Culinary Education,Pasadena,CA,8,3,1,2,12.0,0.0,553.0,,,,,,,,0.2926,0.4451,3972,47865.0,0.5099
493132,Universal Technical Institute-Bloomfield,Bloomfield,NJ,2,3,1,1,21.0,0.0,1428.0,,,,,,,,0.5554,0.6904,11574,51222.0,0.042
493150,Gould's Academy,Bartlett,TN,5,3,1,1,21.0,0.0,135.0,,,,,,,,0.56,0.5309,7767,,0.8963
493372,Urban Academy of Beauty,Rio Rancho,NM,6,3,1,0,21.0,0.0,0.0,,,,,,,,,,7667,33273.0,0.0
493451,WellSpring School of Allied Health-Springfield,Springfield,MO,4,3,1,2,12.0,0.0,90.0,,,,,,,,0.8029,0.8467,7917,29839.0,0.7778
493479,Medical Career College of Northern California,Roseville,CA,8,3,1,1,12.0,0.0,14.0,,,33993.0,19576.0,19576.0,,,0.6,0.6,PS,,0.5714
493488,Premiere International College,Fort Myers,FL,5,3,2,2,13.0,0.0,88.0,,,34822.0,22140.0,22140.0,,,0.7075,1.0,,,0.8523
493512,San Diego Global Knowledge University,San Diego,CA,8,3,1,4,11.0,0.0,173.0,,,,13774.0,13774.0,0.4545,0.75,0.1224,0.0408,,,0.3757
493521,Global Tech College,Toledo,OH,3,3,1,2,11.0,0.0,102.0,,,15497.0,22184.0,22184.0,,,0.5079,0.5079,PS,,0.402
493549,McAllen Careers Institute,McAllen,TX,6,3,1,1,12.0,0.0,129.0,,,,,,,,0.9655,0.8506,9500,,0.1395
493567,Bellasa Professional Institute,Miami Springs,FL,5,3,1,1,21.0,0.0,43.0,,,,,,,,0.0874,0.0,,,0.9767
493585,Health and Technology Training Institute,Philadelphia,PA,2,2,1,1,11.0,0.0,20.0,,,,,,,,0.4,0.0,PS,,0.9
493594,Yeshiva of Ocean,Greenfield Park,NY,2,2,3,3,42.0,0.0,63.0,0.36,,17300.0,9000.0,9000.0,0.6154,0.8824,0.5439,0.0,PS,,0.0
493600,Congregation Talmidei Mesivta Tiferes Shmiel Aleksander,Brooklyn,NY,2,2,3,3,11.0,0.0,168.0,,,25625.0,14125.0,14125.0,0.2593,1.0,0.7811,0.0,PS,,0.0
493628,Pro Beauty Academy,Edison,NJ,2,3,1,1,21.0,0.0,67.0,,,,,,,,0.3786,0.3155,4750,,0.7313
493637,South Eastern Beauty Academy,Paintsville,KY,5,3,1,1,33.0,0.0,45.0,,,,,,,,0.7432,0.0,PS,,0.9333
493646,Ohel Margulia Seminary,Monsey,NY,2,2,2,2,21.0,0.0,280.0,0.9619,,22600.0,9700.0,9700.0,,,0.8025,0.0,PS,,1.0
493664,Yeshivat Hechal Shemuel,Brooklyn,NY,2,2,3,3,11.0,0.0,65.0,1.0,,25480.0,12380.0,12380.0,0.5,1.0,0.4462,0.0,PS,,0.0
493673,Professional University Dr. Carlos J. Borrero Rios,Hato Rey,PR,9,3,3,4,11.0,0.0,7.0,,,,6900.0,6900.0,,,,,PS,,0.4286
493682,American Institute of Healthcare & Technology,Stratford,CT,1,3,1,1,21.0,0.0,100.0,,,,,,,,0.2207,0.1315,4625,,0.91
493691,Premier Academy of Cosmetology,McAlester,OK,6,3,1,1,33.0,0.0,49.0,,,,,,,,0.7193,0.6316,9500,,1.0
493707,Yeshiva Gedolah of Woodlake Village,Lakewood,NJ,2,2,2,3,21.0,0.0,87.0,0.8372,,22130.0,9030.0,9030.0,0.6087,0.7143,0.3544,0.0,PS,,0.0
493716,Yeshiva Gedola Tiferes Yaakov Yitzchok,Lakewood,NJ,2,2,2,3,21.0,0.0,71.0,0.7667,,,13700.0,13700.0,0.8667,0.8947,0.1304,0.0,PS,,0.0
493743,Houston Barber School,Houston,TX,6,3,1,1,21.0,0.0,264.0,,,,,,,,0.8019,0.6317,9500,,0.2803
493752,Health-Tech Institute of Memphis,Memphis,TN,5,3,1,1,11.0,0.0,8.0,,,,,,,,0.0,0.0,PS,,1.0
493761,MIXED Institute of Cosmetology & Barber,Sacramento,CA,8,3,1,1,21.0,0.0,138.0,,,,,,,,0.5063,0.5105,8435,,0.6232
493770,Vski Cosmetology School,Charleston,SC,5,2,1,1,12.0,0.0,31.0,,,,,,,,0.2619,0.5714,8750,,1.0
493798,New York Seminary,Brooklyn,NY,2,2,2,2,11.0,0.0,97.0,0.7602,,22983.0,12750.0,12750.0,,,0.4865,0.0,PS,,1.0
493804,Deluxe Barber College,San Antonio,TX,6,3,1,1,11.0,0.0,94.0,,,,,,,,0.6491,0.6433,5339,,0.1596
493813,Falcon Institute of Health and Science,Bethlehem,PA,2,3,1,1,13.0,0.0,137.0,1.0,,,,,,,0.6734,0.8228,16670,,0.927
493822,College Unbound,Providence,RI,1,2,3,3,12.0,0.0,491.0,,,27138.0,11016.0,11016.0,,0.8571,0.6858,0.6509,7690,,0.7128
493868,A Better U Beauty Barber Academy,Albuquerque,NM,6,3,1,1,11.0,0.0,46.0,,,,,,,,0.5393,0.5618,7834,,0.3913
493895,SANS Technology Institute,North Bethesda,MD,2,3,1,4,13.0,0.0,762.0,,,,,,,,0.0,0.0,,,0.1207
493910,Tuana European Beauty Academy,Fort Collins,CO,7,3,1,1,12.0,0.0,42.0,,,,,,,,0.4848,0.5,,,1.0
493947,Idaho College of Osteopathic Medicine,Meridian,ID,7,3,4,4,21.0,0.0,,,,,,,,,,,,,
493956,Cal Northern School of Law,Chico,CA,8,3,4,4,12.0,0.0,,,,,,,,,,,,,
493974,College of Athens,Watkinsville,GA,5,2,2,4,22.0,0.0,44.0,,,,9050.0,9050.0,,1.0,0.0,0.0,,,0.2727
493992,Southern Careers Institute-Waco,Waco,TX,6,3,1,2,12.0,0.0,185.0,,,,,,,,0.6295,0.5869,7389,27035.0,0.8973
494010,Ponce Health Sciences University-St Louis,St. Louis,MO,4,3,4,4,11.0,0.0,,,,,,,,,,,15500,,
494029,Lil Lou's Beauty and Barber College-Hammond,Hammond,IN,3,3,1,1,21.0,0.0,26.0,,,,,,,,0.6176,0.7059,9500,,0.1923
494162,Arizona College of Nursing-Dallas,Dallas,TX,6,3,3,3,11.0,0.0,588.0,1.0,,43045.0,23987.0,23987.0,,0.6875,0.6359,0.8179,9500,34657.0,0.9031
494232,The Salon Professional Academy-Washington DC,Washington,DC,2,3,1,1,11.0,0.0,117.0,,,,,,,,0.1659,0.1747,6333,20809.0,0.9744
494250,Valley College-Cleveland,Cleveland,OH,3,2,1,2,21.0,0.0,887.0,,,,,,,,0.7279,0.8275,9418,24900.0,0.9425
494278,EDP University of Puerto Rico-Humacao,Humacao,PR,9,2,2,2,21.0,0.0,325.0,0.5952,,19625.0,7050.0,14125.0,,1.0,0.6357,0.6022,10500,22844.0,0.7846
494287,EDP University of Puerto Rico-Manati,Manati,PR,9,2,2,2,21.0,0.0,468.0,0.6818,,17523.0,7050.0,14125.0,,1.0,0.4165,0.6236,10500,22844.0,0.7222
494357,UEI College-Sacramento,Sacramento,CA,8,3,1,1,21.0,0.0,1217.0,,,,,,,,0.7214,0.7778,9433,30848.0,0.4462
494436,Fortis Institute-Cookeville,Cookeville,TN,5,3,2,2,33.0,0.0,334.0,,,31248.0,15120.0,15120.0,,,0.781,0.8431,11501,34509.0,0.8054
494463,Derech Hachaim Seminary,Monroe,NY,2,2,1,1,13.0,0.0,300.0,0.9328,,24100.0,11000.0,11000.0,,,0.6491,0.0,PS,,1.0
494472,Evvaylois Academy School of Beauty,Brenham,TX,6,2,1,1,32.0,0.0,14.0,,,,,,,,0.7,0.65,PS,,0.9286
494524,Avenue Five Institute-South Austin Campus,Austin,TX,6,3,1,1,11.0,0.0,139.0,,,,,,,,0.5983,0.6569,7917,30280.0,0.9784
494542,Sattler College,Boston,MA,1,2,3,3,11.0,0.0,57.0,0.6905,1190.0,,787.0,787.0,0.8125,0.75,0.0,0.0,,,0.3158
494588,Pima Medical Institute-San Antonio,San Antonio,TX,6,3,1,2,11.0,0.0,424.0,,,,,,,,0.5065,0.547,9500,38673.0,0.8255
494603,The Southwestern Baptist Theological Seminary,Fort Worth,TX,6,2,1,4,11.0,0.0,324.0,0.5771,,,11934.0,11934.0,0.2817,0.835,0.0,0.0,,,0.3488
494621,Lotus Professional College,Richmond,VA,5,3,1,4,21.0,0.0,171.0,,,,,,,,0.5017,0.5525,PS,,0.924
494630,Christ Mission College,San Antonio,TX,6,2,3,3,21.0,0.0,32.0,1.0,,18421.0,8806.0,8806.0,0.5,0.6667,0.7674,0.0,PS,,0.5
494649,Esteem Academy of Beauty,South Ogden,UT,7,3,1,1,21.0,0.0,56.0,,,,,,,,0.2609,0.3587,PS,,0.9821
494658,KC Beauty Academy,Los Angeles,CA,8,3,1,1,11.0,0.0,41.0,,,,,,,,0.5843,0.6404,4274,,0.9756
494685,Urshan University,Wentzville,MO,4,2,3,3,21.0,0.0,472.0,0.8378,988.0,17175.0,8756.0,8756.0,0.4483,0.6304,0.3463,0.4553,5500,,0.5953
494694,Texas Healthtech Institute,Beaumont,TX,6,3,1,2,12.0,0.0,150.0,,,,,,,,0.6429,0.5714,6967,,0.98
494700,Xtylo Beauty and Barber College,Phoenix,AZ,6,3,1,1,11.0,0.0,57.0,,,,,,,,0.5,0.0758,3350,,0.9825
494719,Tonsorial Arts Barber College,Texarkana,TX,6,3,1,1,13.0,0.0,170.0,,,,,,,,0.8903,0.8819,9500,,0.5471
494728,Michael's Barber & Hair Stylist Academy,Irving,TX,6,3,1,1,11.0,0.0,42.0,,,,,,,,0.7703,0.8514,PS,,0.2857
494737,Yeshiva Yesoda Hatorah Vetz Chaim,Brooklyn,NY,2,2,3,3,11.0,0.0,223.0,,,24473.0,14000.0,14000.0,0.4286,1.0,0.8038,0.0,PS,,0.0
494746,North-West College-San Diego,San Diego,CA,8,3,2,3,11.0,0.0,636.0,,,,,,,1.0,0.4661,0.69,9321,41472.0,0.7987
494755,West Virginia Junior College-United Career Institute,Irwin,PA,2,3,1,2,21.0,0.0,61.0,,,25440.0,14798.0,14798.0,,,0.7719,0.9298,8178,31912.0,0.9344
494764,Aviation Institute of Maintenance-Charlotte,Charlotte,NC,5,3,1,1,11.0,0.0,344.0,,,30005.0,16657.0,16657.0,,,0.5236,0.7358,12663,42759.0,0.125
494843,Fortis College-Landover,Landover,MD,2,3,1,2,21.0,0.0,566.0,,,33587.0,16522.0,16522.0,,,0.7384,0.6127,9100,36920.0,0.8975
494852,Stautzenberger College-Rockford Career College,Rockford,IL,3,3,1,2,12.0,0.0,682.0,,,28452.0,16699.0,16699.0,,,0.7503,0.8677,13127,34104.0,0.7023
494898,WellSpring School of Allied Health-Wichita,Wichita,KS,4,3,2,2,11.0,0.0,58.0,,,,,,,,0.8172,0.8065,7917,29839.0,0.8966
494904,Access Careers-Islandia,Islandia,NY,2,3,1,1,21.0,0.0,312.0,,,,,,,,0.0331,0.0165,5500,,0.8269
494959,Northern Pennsylvania Regional College,Warren,PA,2,1,2,2,33.0,0.0,75.0,,,,4440.0,8880.0,,,0.0,0.0,,,0.84
494986,Apex College of Veterinary Technology,Colorado Springs,CO,7,3,2,2,11.0,0.0,27.0,,,25950.0,13850.0,13850.0,,,0.4,0.5667,,,0.9259
494995,Meryma'at Barber College,Cleveland,OH,3,3,1,1,11.0,0.0,48.0,,,,,,,,0.9464,0.0,,,0.0208
495013,Western Maricopa Education Center,Glendale,AZ,6,1,1,1,21.0,0.0,245.0,,,,,,,,0.3691,0.1597,PS,,0.2245
495031,Bais Medrash of Dexter Park,Chestnut Ridge,NY,2,2,3,3,21.0,0.0,51.0,0.6923,,36000.0,11500.0,11500.0,0.7143,1.0,0.5,0.0,PS,,0.0
495040,Makana Esthetics Wellness Academy,Honolulu,HI,8,3,1,1,11.0,0.0,50.0,,,,,,,,0.4322,0.4407,6333,,0.96
495059,Oak Valley College,Rialto,CA,8,2,3,3,21.0,0.0,75.0,,,33587.0,24180.0,24180.0,,0.8182,0.5577,0.0,PS,,0.4667
495077,Paul Mitchell the School-San Jose,San Jose,CA,8,3,1,1,11.0,0.0,91.0,,,,,,,,0.8412,0.8118,PS,,0.9451
495101,Zion Massage College,St. George,UT,7,3,1,1,12.0,0.0,56.0,,,,,,,,0.3977,0.3864,9500,,0.875
495110,Marine Trades Institute,Cedarville,MI,3,2,1,1,43.0,0.0,26.0,,,37249.0,25470.0,25470.0,,,0.3929,0.5714,PS,,0.1538
495129,Austin Career Institute LLC,Austin,TX,6,3,1,1,11.0,0.0,102.0,,,,,,,,0.4738,0.5436,4400,,0.1275
495147,Pacific Northwest Christian College,Kennewick,WA,8,2,2,2,13.0,0.0,129.0,,,18371.0,11350.0,11350.0,,,0.6124,0.5271,PS,,0.1938
495174,Hollywood Cultural College,Los Angeles,CA,8,3,1,1,11.0,0.0,38.0,,,,,,,,0.3846,0.1154,PS,,0.5526
495183,Mariano Moreno Culinary Institute,Miami,FL,5,3,1,2,11.0,0.0,108.0,,,,,,,,0.4167,0.3944,PS,,0.6019
495192,Alder Graduate School of Education,Redwood City,CA,8,2,4,4,13.0,0.0,,,,,,,,,,,,,
495208,Webb's Barber School of Arts,Macon,GA,5,3,1,1,12.0,0.0,16.0,,,,,,,,0.3636,0.3333,PS,,0.25
495217,Adrian H. Wallace Barber Academy,Pensacola,FL,5,3,1,1,13.0,0.0,33.0,,,,,,,,0.431,0.3793,PS,,0.2424
495226,St. Louis Med Tech,St. Louis,MO,4,2,1,1,21.0,0.0,12.0,,,,11500.0,11500.0,,,0.5556,0.5556,,,1.0
495235,Total Beauty Institute,Jacksonville,FL,5,2,1,0,11.0,0.0,10.0,,,,,,,,0.9722,0.9444,PS,,1.0
495244,Pearlands Innovative School of Beauty,Pearland,TX,6,3,1,1,21.0,0.0,69.0,,,,,,,,0.8155,0.767,5885,,0.913
495253,Durant Institute of Hair Design,Durant,OK,6,3,1,1,32.0,0.0,41.0,,,,,,,,0.2308,0.3385,6500,,0.9024
495262,Premiere Aesthetics Institute,Bend,OR,8,3,1,1,12.0,0.0,45.0,,,,,,,,0.2043,0.2903,3666,,1.0
495271,California Indian Nations College,Palm Desert,CA,8,1,2,2,13.0,0.0,142.0,,,,7743.0,7743.0,,,0.0,0.0,,,0.8521
495280,Indian Bible College,Flagstaff,AZ,6,2,2,3,13.0,0.0,25.0,,,17684.0,7980.0,7980.0,0.6,,0.6364,0.0,,,0.36
495299,Florida Professional Institute,Miami,FL,5,3,1,1,21.0,0.0,117.0,,,,,,,,0.7114,0.6915,,,0.6838
495305,The Professional Cosmetology Academy,Laredo,TX,6,3,1,1,11.0,0.0,146.0,,,,,,,,0.7208,0.6904,PS,,0.863
495314,Hackensack Meridian School of Medicine,Nutley,NJ,2,2,4,4,21.0,0.0,,,,,,,,,,,,,
495341,Taylor Andrews Academy of Hair Design-Hair Lab Detroit Barber School,Southgate,MI,3,3,1,1,21.0,0.0,57.0,,,,,,,,0.7436,0.8333,9500,36048.0,0.2632
495369,Paul Mitchell the School-Fort Lauderdale,Plantation,FL,5,3,1,1,21.0,0.0,64.0,,,,,,,,0.5772,0.6504,6492,,0.9688
495378,PCI Academy-Iowa City,Iowa City,IA,4,3,1,1,13.0,0.0,113.0,,,,,,,,0.3354,0.5633,4858,31330.0,0.9823
495387,Larry's Barber College,Chicago,IL,3,3,1,1,11.0,0.0,29.0,,,,,,,,1.0,0.6102,3723,,0.1724
495411,Paul Mitchell the School-Provo,Provo,UT,7,3,1,1,12.0,0.0,147.0,,,,,,,,0.338,0.3944,8028,27407.0,0.8707
495420,Arizona College of Nursing-Tampa,Tampa,FL,5,3,3,3,11.0,0.0,335.0,1.0,,41613.0,23093.0,23093.0,,0.5,0.5794,0.8193,9500,34657.0,0.8866
495439,Arizona College of Nursing-Fort Lauderdale,Fort Lauderdale,FL,5,3,3,3,12.0,0.0,428.0,,,,25973.0,25973.0,,,0.6709,0.8442,9500,34657.0,0.9252
495448,Arizona College of Nursing-Tucson,Tucson,AZ,6,3,3,3,11.0,0.0,562.0,1.0,,41932.0,24944.0,24944.0,,0.5,0.6051,0.7715,9500,34657.0,0.8772
495457,Arizona College of Nursing-Phoenix,Phoenix,AZ,6,3,3,3,11.0,0.0,1229.0,1.0,,42097.0,26041.0,26041.0,,0.6786,0.5957,0.8125,9500,34657.0,0.8845
495518,Empire Beauty School-Newport News,Newport News,VA,5,3,1,1,12.0,0.0,92.0,,,,,,,,0.5638,0.4765,7851,23921.0,0.9674
495730,Tricoci University of Beauty Culture-Normal,Normal,IL,3,3,1,1,22.0,0.0,171.0,,,,,,,,0.4615,0.5833,7307,26236.0,0.9766
495794,Paul Mitchell the School-Murfreesboro-Nashville,Hendersonville,TN,5,3,1,1,21.0,0.0,237.0,,,,,,,,0.4512,0.4756,7917,30461.0,0.9747
495837,Dorsey College-Woodhaven,Woodhaven,MI,3,3,1,1,21.0,0.0,223.0,,,35532.0,16990.0,16990.0,,,0.5896,0.7028,9500,29392.0,0.6861
495916,Pathways College,Tempe,AZ,6,2,3,3,11.0,0.0,196.0,,,,,,,,0.0,0.0,,,0.6684
495934,San Joaquin Valley College-Delano,Delano,CA,8,3,1,1,32.0,0.0,69.0,,,,,,,,0.8438,0.8516,9773,38317.0,0.9275
495952,San Joaquin Valley College-Rancho Mirage,Rancho Mirage,CA,8,3,1,2,21.0,0.0,305.0,,,,,,,,0.5855,0.6557,9773,38317.0,0.482
495961,San Joaquin Valley College-Santa Maria,Santa Maria,CA,8,3,1,2,12.0,0.0,114.0,,,,,,,,0.6188,0.722,9773,38317.0,0.8684
495970,Advantage Technical College-Aguadilla,Aguadilla,PR,9,3,1,1,13.0,0.0,263.0,,,,,,,,0.4991,0.0,PS,26905.0,0.7452
495998,San Joaquin Valley College-Porterville,Porterville,CA,8,3,1,1,23.0,0.0,78.0,,,,,,,,0.8219,0.8425,9773,38317.0,0.8846
496043,California University of Science and Medicine,Colton,CA,8,2,4,4,21.0,0.0,,,,,,,,,,,,,
496052,Ruben's Five Star Academy,Lake Wales,FL,5,3,1,1,21.0,0.0,22.0,,,,,,,,0.7027,0.6757,PS,,0.2273
496283,Provo College-Idaho Falls Campus,Idaho Falls,ID,7,3,3,4,13.0,0.0,257.0,,,39585.0,19068.0,19068.0,,0.4,0.3855,0.4458,24262,39645.0,0.8988
496326,Eagle Gate College-Boise Campus,Boise,ID,7,3,3,4,12.0,0.0,594.0,,,35847.0,19068.0,19068.0,,0.5625,0.3464,0.4677,20000,37518.0,0.904
496371,Elite Welding Academy South Point,South Point,OH,3,3,1,1,22.0,0.0,29.0,,,,,,,,0.6429,0.4286,5500,,0.0345
496399,Agape College of Business and Science,Fresno,CA,8,2,1,3,11.0,0.0,43.0,,,23049.0,25672.0,25672.0,0.7778,1.0,0.4359,0.0,,,0.7442
496405,Newlane University,Lehi,UT,7,3,2,3,13.0,0.0,,,,,,,,,,,,,
496423,Zorganics Institute of Beauty and Wellness,Bellingham,WA,8,3,1,1,13.0,0.0,35.0,,,,,,,,0.5429,0.5429,,,0.9714
496469,Daybreak University,Anaheim,CA,8,2,4,4,11.0,0.0,,,,,,,,,,,,,
496478,Motion Picture Institute,Troy,MI,3,3,1,1,13.0,0.0,53.0,0.8966,,,,,,,0.2661,0.4128,,,0.3585
496539,The  Salon Professional Academy of Holland,Holland,MI,3,3,1,1,22.0,0.0,82.0,,,,,,,,0.2366,0.2672,,,1.0
496575,Dymond Designs Beauty School,Detroit,MI,3,3,1,1,11.0,0.0,28.0,,,,,,,,0.5868,0.6281,,,1.0
496618,National Institute for Medical Assistant Advancement (NIMAA),Denver,CO,7,2,1,1,11.0,0.0,194.0,0.2938,,,,,,,0.7117,0.1261,,,0.9794
496627,California Northstate University,Elk Grove,CA,8,3,3,4,21.0,0.0,37.0,0.9247,,,57463.0,57463.0,1.0,0.8571,0.0,0.0,,,0.5676
496636,Antigua College International,Miami Lakes,FL,5,3,2,3,21.0,0.0,251.0,,,29450.0,13400.0,13400.0,,0.3333,0.6745,1.0,,,0.8008
496645,Burlington County Institute of Technology-Adult Education,Westampton,NJ,2,1,1,1,41.0,0.0,96.0,,,,,,,,0.0483,0.0604,,,0.5729
496654,Sri Sai Krish Institute,ORANGE,CA,8,3,2,2,12.0,0.0,61.0,,,,64500.0,64500.0,,,0.0,0.0,,,0.6721
496663,Riggins Urban Barber College,San Diego,CA,8,3,1,1,11.0,0.0,85.0,,,,,,,,0.916,0.7634,,,0.2235
496672,Hair Arts Institute,Oklahoma City,OK,6,3,1,1,11.0,0.0,38.0,,,,,,,,0.4706,0.6078,,,0.8158
496681,Florida Academy of Nursing,Miramar,FL,5,3,1,3,21.0,0.0,21.0,0.0549,,,,,,,0.5282,0.3732,,,0.9524
496690,Body Wisdom Massage Therapy School,Urbandale,IA,4,3,1,1,21.0,0.0,45.0,,,,,,,,0.0625,0.1094,,,0.7556
496715,CTK Healthcare & Career Institute,Irving,TX,6,3,1,1,11.0,0.0,114.0,,,,,,,,0.5243,0.5194,,,0.8509
496724,Aesthetics Institute,St. Louis,MO,4,3,1,1,21.0,0.0,28.0,,,,,,,,0.2903,0.1613,,,1.0
496733,Sierra Academy of Style,Carson City,NV,8,3,1,1,13.0,0.0,160.0,,,,,,,,0.5093,0.5901,,,0.9625
496751,Institute of Allied Healthcare,San Antonio,TX,6,3,1,1,11.0,0.0,60.0,,,,,,,,0.1077,0.0673,,,0.8333
496803,NewU University,Washington,DC,2,2,3,3,11.0,0.0,34.0,,,,16500.0,16500.0,,0.6429,,,,,0.4412
496894,Branford Academy of Hair & Cosmetology-Bridgeport,Bridgeport,CT,1,3,1,1,12.0,0.0,32.0,,,,,,,,0.1818,0.1818,6333,,0.9375
496919,United Education Institute-Las Vegas,Las Vegas,NV,8,3,1,1,12.0,0.0,855.0,,,,,,,,0.7258,0.7527,9433,30848.0,0.4164
496955,UEI College-Mesa,Mesa,AZ,6,3,1,1,11.0,0.0,657.0,,,,,,,,0.7355,0.8028,9500,31141.0,0.3866
496964,Larry's Barber College-Joliet,Joliet,IL,3,3,1,1,21.0,0.0,27.0,,,,,,,,1.0,0.5185,3723,,0.037
496973,Herzing University-Tampa,Tampa,FL,5,2,2,3,21.0,0.0,251.0,0.8966,,27494.0,13450.0,13450.0,,1.0,0.5654,0.7975,11756,36909.0,0.8964
496991,Galen Health Institutes-Miami Campus,Pembroke Pines,FL,5,3,2,3,21.0,0.0,813.0,,,34872.0,17048.0,17048.0,,0.5,0.5717,0.8583,16500,61480.0,0.8807
497037,Abilene Christian University-Undergraduate Online,Addison,TX,6,2,3,3,21.0,0.0,1219.0,1.0,,30295.0,14520.0,14520.0,,0.4762,0.7092,0.7996,14750,55736.0,0.8294
497046,Madera Community College,Madera,CA,8,1,2,2,41.0,0.0,4808.0,,,15639.0,1378.0,8638.0,,,0.2,0.0029,,,0.6577
497073,Ogle School Hair Skin Nails-Willowbrook,Houston,TX,6,3,1,1,11.0,0.0,481.0,,,,,,,,0.7115,0.6083,7917,31488.0,0.9667
497116,Galen Health Institutes-Austin Campus,Round Rock,TX,6,3,2,3,21.0,0.0,1161.0,,,34872.0,17048.0,17048.0,,0.52,0.5082,0.8146,16500,61480.0,0.8898
497125,Galen Health Institutes-Nashville Campus,Nashville,TN,5,3,2,3,11.0,0.0,1027.0,,,35603.0,17048.0,17048.0,,0.6154,0.46,0.8257,16500,61480.0,0.9182
497161,Ohio Business College-Dayton-Driving Academy,Trotwood,OH,3,3,1,1,21.0,0.0,170.0,,,,,,,,0.0675,0.055,10000,30389.0,0.1353
497189,The Rapha School,Home,PA,2,3,1,1,42.0,0.0,27.0,,,,,,,,0.3049,0.3293,,,0.963
497198,Academy of Allied Health Careers,Chattanooga,TN,5,3,1,1,12.0,0.0,194.0,,,,,,,,0.2982,0.2416,,,0.9381
497204,Mei Barber School,Brownsville,TX,6,3,1,1,12.0,0.0,91.0,,,,,,,,0.7583,0.1167,,,0.2088
497213,Great Northern University,Spokane,WA,8,2,3,3,12.0,0.0,48.0,1.0,,28405.0,18300.0,18300.0,0.5,1.0,0.4167,0.25,,,0.6042
497222,Salon Professional Academy-Elevate Salon Institute,Miami Beach,FL,5,3,1,1,13.0,0.0,59.0,,,,,,,,0.3288,0.6575,6333,16515.0,0.9322
497268,Arizona College of Nursing-Salt Lake City,Murray,UT,7,3,3,3,13.0,0.0,306.0,1.0,,41871.0,22587.0,22587.0,,0.6,0.5481,0.8173,9500,34657.0,0.8987
497277,Arizona College-Glendale,Glendale,AZ,6,3,1,2,21.0,0.0,403.0,,,34393.0,18835.0,18835.0,,,0.7559,0.7795,9500,34657.0,0.8586
497286,Universal Technical Institute-West Texas,Austin,TX,6,3,1,2,11.0,0.0,1335.0,,,,,,,,0.5858,0.6324,11574,51222.0,0.0727
497301,Avalon Institute-Las Vegas,Las Vegas,NV,8,3,1,1,21.0,0.0,304.0,,,,,,,,0.7356,0.8295,6312,30803.0,0.9408
497310,Medspa Academies-National Institute of Modern Aesthetics,Las Vegas,NV,8,3,1,1,21.0,0.0,215.0,,,,,,,,0.4532,0.4649,9500,,0.986
497329,American Institute-Cherry Hill,Cherry Hill,NJ,2,3,1,1,21.0,0.0,390.0,,,,,,,,0.8182,0.9506,9304,28710.0,0.8051
497338,Glendale Career College-North-West College-Bakersfield,Bakersfield,CA,8,3,2,2,11.0,0.0,493.0,,,,,,,,0.4627,0.7823,9321,41472.0,0.8661
497356,Barber Education Academy,Laredo,TX,6,3,1,1,11.0,0.0,37.0,,,,,,,,0.6892,0.0,,,0.3514
497365,Legends Barber College,Lufkin,TX,6,3,1,1,33.0,0.0,26.0,,,,,,,,0.5357,0.5893,,,0.2308
497374,Academia Medical Institute,Columbus,OH,3,3,1,1,11.0,0.0,466.0,0.6427,,26460.0,19150.0,19150.0,,,0.9774,0.7143,,,0.8755
497383,Barbers Trade School,Beaumont,TX,6,3,1,1,12.0,0.0,9.0,,,,,,,,1.0,1.0,,,0.1111
497392,Top of the Line Barber School,San Antonio,TX,6,3,1,1,11.0,0.0,86.0,,,,,,,,0.7875,0.7625,,,0.1744
497408,Bridges Christian College,New Orleans,LA,5,2,3,4,11.0,0.0,163.0,,,14180.0,6600.0,6600.0,0.0,0.5,0.5364,0.0,,,0.5153
497417,Kino College,Tucson,AZ,6,3,1,1,21.0,0.0,64.0,,,,,,,,0.7419,0.7581,,,0.9219
497426,Salon Professional Academy,Howell,NJ,2,3,1,1,21.0,0.0,237.0,,,,,,,,0.3184,0.3071,,,0.9114
497435,Southern California College of Barber and Beauty,Escondido,CA,8,3,1,1,21.0,0.0,59.0,,,,,,,,0.5676,0.5766,,,0.678
497444,Hello Gorgeous Barbers Stillwater's School of Barbering,Stillwater,OK,6,3,1,1,32.0,0.0,31.0,,,,,,,,0.4516,0.4839,,,0.7097
497453,Jackson Theological Seminary,North Little Rock,AR,5,2,4,4,13.0,0.0,1.0,,,,,,,,,,,,0.0
497462,Redeemers University North America,Greenville,TX,6,2,3,4,42.0,0.0,6.0,0.4,,,7000.0,7000.0,,,0.04,0.0,,,0.5
497471,Personal Touch Beauty and Barber College,Kingstree,SC,5,3,1,1,32.0,0.0,7.0,,,,,,,,0.5556,0.7222,,,0.7143
497480,Reach University,Oakland,CA,8,2,3,4,11.0,0.0,1946.0,1.0,,32536.0,12374.0,12374.0,,0.8049,0.6285,0.0,,,0.925
497499,Technology Learning Center,Oxford,MA,1,3,1,1,21.0,0.0,31.0,,,,,,,,0.0816,0.2857,,,0.129
497657,Hawaii Tokai International College,Kapolei,HI,8,2,2,2,21.0,0.0,24.0,0.7778,,,16560.0,16560.0,,,,,,,0.4167
497675,Hair Academy,Chillicothe,OH,3,3,1,1,32.0,0.0,38.0,,,,,,,,0.5,0.619,,,1.0
497684,Sweetwater Institute of Cosmetology,Sweetwater,TN,5,3,1,1,31.0,0.0,22.0,,,,,,,,0.4804,0.1373,,,0.9545
497693,Kansas Health Science University,Wichita,KS,4,2,4,0,11.0,0.0,,,,,,,,,,,,,
497718,Academy for Jewish Religion,Yonkers,NY,2,2,4,4,21.0,0.0,,,,,,,,,,,,,
497736,American College of Healthcare and Technology-Santa Ana,Santa Ana,CA,8,3,1,1,11.0,0.0,51.0,,,,,,,,0.8347,0.9256,9500,31109.0,0.7843
497745,Aviation Institute of Maintenance-Chicago,Chicago,IL,3,3,1,1,11.0,0.0,333.0,,,32217.0,16657.0,16657.0,,,0.3575,0.2896,24250,53341.0,0.1081
497824,Evangel University-College of Online Learning,Springfield,MO,4,2,3,3,12.0,0.0,240.0,0.4918,,26454.0,8175.0,8175.0,0.5,0.6667,0.444,0.6888,17495,46573.0,0.6
497833,Marian University-Ancilla,Plymouth,IN,3,2,2,3,42.0,0.0,226.0,0.9169,,38305.0,20100.0,20100.0,,0.375,0.6065,0.8194,20000,58759.0,0.5088
497888,Spa Tech Institute-North Andover,North Andover,MA,1,3,1,1,21.0,0.0,118.0,,,,,,,,0.3824,0.4559,6333,27803.0,0.9322
497897,Aveda Arts & Sciences Institute Lafayette-Arlington,Arlington,VA,5,3,1,1,12.0,0.0,166.0,,,,,,,,0.4595,0.4973,7411,23904.0,0.9819
497912,Concorde Career College-Broadway,Kansas City,MO,4,3,1,1,11.0,0.0,26.0,1.0,,,,,,,0.7527,0.6667,9500,35242.0,0.8846
497949,United Education Institute-Stone Mountain,Stone Mountain,GA,5,3,1,1,21.0,0.0,911.0,,,,,,,,0.8067,0.8461,9445,27688.0,0.5005
497958,UEI College-Tacoma,Tacoma,WA,8,3,1,1,12.0,0.0,689.0,,,,,,,,0.663,0.7644,9433,30848.0,0.5559
498003,Montgomery Beauty School-Baltimore Beauty & Barber School,Baltimore,MD,2,3,1,1,21.0,0.0,242.0,,,,,,,,0.375,0.3421,7667,18726.0,0.6157
498012,Commonwealth of Puerto Rico Department of Education-PRAMI,Fajardo,PR,9,1,1,1,23.0,0.0,79.0,,,,4100.0,4100.0,,,0.0,0.0,PS,26293.0,0.1139
498030,Universal Technical Institute-South Florida Miramar,Miramar,FL,5,3,2,2,21.0,0.0,791.0,,,,,,,,0.6686,0.7362,11183,52873.0,0.0367
498049,Arizona College of Nursing-Southfield,Southfield,MI,3,3,3,3,13.0,0.0,594.0,1.0,,42280.0,24944.0,24944.0,,0.75,0.6625,0.895,9500,34657.0,0.9276
498076,Galen Health Institutes-Sarasota,Sarasota,FL,5,3,2,3,21.0,0.0,574.0,,,35116.0,17048.0,17048.0,,0.6667,0.5025,0.8366,16500,61480.0,0.9059
498085,Galen Health Institutes-Gainesville,Gainesville,FL,5,3,2,3,22.0,0.0,668.0,,,35576.0,17048.0,17048.0,,0.625,0.6583,0.9013,16500,61480.0,0.8862
498094,Galen Health Institutes-Richmond,Richmond,VA,5,3,2,2,21.0,0.0,454.0,,,31963.0,16364.0,16364.0,,,0.5107,0.8957,16500,61480.0,0.9207
498100,Galen Health Institutes-Myrtle Beach,Myrtle Beach,SC,5,3,2,2,13.0,0.0,743.0,,,34232.0,16364.0,16364.0,,,0.5008,0.7854,16500,61480.0,0.9354
498119,Galen Health Institutes-Asheville,Asheville,NC,5,3,2,2,13.0,0.0,253.0,,,35990.0,17048.0,17048.0,,0.0,0.5246,0.8197,16500,61480.0,0.8933
498234,Larkin University,Miami,FL,5,2,4,4,21.0,0.0,,,,,,,,,,,,,
498298,The Salon Professional Academy Maplewood,Maplewood,MN,4,3,1,1,21.0,0.0,85.0,,,,,,,,0.2975,0.314,,,0.9882
498322,Xtylo Beauty And Barber College,Tolleson,AZ,6,3,1,1,21.0,0.0,78.0,,,,,,,,0.4837,0.0392,3350,,0.9744
498331,San Francisco School of Massage & Bodywork,San Francisco,CA,8,3,1,1,11.0,0.0,139.0,,,,,,,,0.1694,0.1475,,,0.6763
498340,Chancellor Institute,Ft Laurderdale,FL,5,3,1,2,12.0,0.0,128.0,0.6516,,,,,,,0.5355,0.6194,,,0.8828
498359,The Salon Professional Academy,Collegeville,PA,2,3,1,1,21.0,0.0,80.0,,,,,,,,0.06,0.14,,,0.975
498368,Studio 75 Hair Academy,Millington,TN,5,3,1,1,31.0,0.0,14.0,,,,,,,,0.875,0.9375,,,1.0
498386,Boone Career and Technical Center,Foster,WV,5,1,1,1,42.0,0.0,59.0,,,,,,,,0.1894,0.0,,,0.5932
498401,Edge Academy of Beauty,Manchester,KY,5,3,1,1,43.0,0.0,56.0,,,,,,,,0.5714,0.5571,,,0.9643
498410,Premier Barber School,Houston,TX,6,3,1,1,11.0,0.0,45.0,,,,,,,,0.5714,0.4405,,,0.1556
498447,Arizona College of Nursing-Falls Church,Falls Church,VA,5,3,3,3,21.0,0.0,348.0,1.0,,42280.0,24413.0,24413.0,,0.5833,0.6187,0.8993,9500,34657.0,0.9368
498456,Arizona College of Nursing-Ontario,Ontario,CA,8,3,3,3,12.0,0.0,380.0,1.0,,52480.0,31637.0,31637.0,,1.0,0.5651,0.9257,9500,34657.0,0.8632
498474,Galen Health Institutes-Houston,Houston,TX,6,3,2,3,11.0,0.0,1582.0,,,35856.0,17048.0,17048.0,,0.5667,0.6059,0.8545,16500,61480.0,0.9096
498483,Galen Health Institutes-Pikeville,Pikeville,KY,5,3,1,2,33.0,0.0,169.0,,,34556.0,16364.0,16364.0,,,0.7541,0.877,16500,61480.0,0.8639
498553,Stellar Career College,Chicago,IL,3,3,1,1,11.0,0.0,83.0,,,,,,,,0.8824,0.8456,4688,30337.0,0.8916
498562,Commonwealth University of Pennsylvania,Bloomsburg,PA,2,1,3,4,32.0,0.0,9210.0,0.9309,1090.0,25161.0,11046.0,22870.0,0.5448,0.7757,0.3179,0.5394,19500,52416.0,0.5969
498571,Pennsylvania Western University,California,PA,2,1,3,4,32.0,0.0,7451.0,0.9433,1063.0,26916.0,11436.0,16054.0,0.5188,0.7169,0.383,0.5978,16750,47295.0,0.6068
498623,Justice University,Chandler,AZ,6,2,3,3,11.0,0.0,116.0,,,,7500.0,7500.0,,0.7308,0.0,0.0,,,0.3362
498641,I M Beauty School,Glenview,IL,3,3,1,1,21.0,0.0,13.0,,,,,,,,0.0833,0.0556,,,0.9231
498669,Aveda Institute Montana,Billings,MT,7,3,1,1,12.0,0.0,80.0,,,,,,,,0.3836,0.411,,,0.9625
498739,Lehigh Career & Technical Institute,Schnecksville,PA,2,1,1,1,41.0,0.0,14.0,,,,,,,,0.2903,0.1935,,,0.0
498748,CalCopa Massage School,Huntington Beach,CA,8,3,1,1,21.0,0.0,33.0,,,,,,,,0.2787,0.2787,,,0.5455
498757,Medical Solutions Academy,Danville,VA,5,3,1,1,32.0,0.0,108.0,,,,,,,,0.1893,0.1893,,,0.9907
498766,Sami Halaseh Institute,Andover,KS,4,3,1,1,21.0,0.0,30.0,,,,,,,,0.2419,0.4032,,,1.0
498775,Beaver Beauty Academy,Decatur,GA,5,3,1,1,21.0,0.0,47.0,,,,,,,,0.9688,0.9,,,0.8085
498784,Upper Kutz Barber & Style College,Greenville,MS,5,3,1,1,33.0,0.0,17.0,,,,,,,,0.6579,0.5789,,,0.6471
498793,All In The Wrist Barber Academy,Smyrna,DE,2,3,1,0,22.0,0.0,21.0,,,,,,,,0.7778,0.3333,,,0.4286
498809,Yeshiva of Kasho,Brooklyn,NY,2,2,3,3,11.0,0.0,185.0,,,21356.0,14000.0,14000.0,0.1087,0.9038,0.8192,0.0,,,0.0
498818,Cutting Edge Barber Academy,Lancaster,PA,2,3,1,1,13.0,0.0,22.0,,,,,,,,0.5714,0.7347,,,0.1818
498827,JT's Cuts Academy,Fort Lauderdale,FL,5,3,1,1,21.0,0.0,37.0,,,,,,,,0.5,0.4571,,,0.3243
498836,The Nurse Academy,National City,CA,8,3,1,1,21.0,0.0,55.0,,,,,,,,0.8043,0.7609,,,0.8
498845,Heartland Welding Academy,Andover,KS,4,3,1,1,21.0,0.0,47.0,,,,,,,,0.4943,0.4943,,,0.0851
498854,Jazz Barber and Hairstyling Academy,Petersburg,VA,5,3,1,1,21.0,0.0,46.0,,,,,,,,0.5616,0.6575,,,0.6522
498863,Renaissance Beauty Academy,Cape Girardeau,MO,4,3,1,1,13.0,0.0,66.0,,,,,,,,0.3429,0.1714,,,1.0
498872,Central Valley Barber College,Riverbank,CA,8,3,1,1,21.0,0.0,122.0,,,,,,,,0.5842,0.5,,,0.1393
498881,One Stop Academy,Fayetteville,NC,5,3,1,1,21.0,0.0,31.0,,,,,,,,0.7778,0.5778,,,0.0968
498890,East Texas Cosmetology College,Lufkin,TX,6,3,1,1,33.0,0.0,51.0,,,,,,,,0.3788,0.1515,,,1.0
498906,Yeshivas Sanz Klauzenburg,Brooklyn,NY,2,2,3,3,11.0,0.0,98.0,,,22355.0,14000.0,14000.0,0.3103,1.0,0.787,0.0,,,0.0
498924,URBE University,Sweetwater,FL,5,3,3,4,21.0,0.0,33.0,,,,30550.0,30550.0,0.8,0.7143,0.0,0.0,,,0.6364
498951,Art22 Academy,Fort Wayne,IN,3,3,1,1,11.0,0.0,55.0,,,,,,,,0.3378,0.3514,,,1.0
499033,Champ's Barber School-Lebanon,Lebanon,PA,2,3,1,1,13.0,0.0,13.0,,,,,,,,0.88,0.92,9500,,0.1538
499079,Collectiv Hair Dressing Academy-Collectiv Academy-Dallas,Dallas,TX,6,3,1,1,11.0,0.0,319.0,,,,,,,,0.6196,0.7229,9000,29334.0,0.9812
499103,Homestead Schools-Costa Mesa,Costa Mesa,CA,8,2,1,0,12.0,0.0,32.0,,,,,,,,0.5833,0.7917,18040,59398.0,0.6563
499130,Innovate Salon Academy,Brick Township,NJ,2,3,1,1,21.0,0.0,219.0,,,,,,,,0.38,0.48,6333,,0.7854
499149,Herzing University-Nashville,Nashville,TN,5,2,1,3,11.0,0.0,201.0,0.9273,,28414.0,13450.0,13450.0,,0.8,0.68,0.9333,11756,36909.0,0.9204
499176,College of Biomedical Equipment Technology,Schertz,TX,6,3,2,2,21.0,0.0,311.0,,,,25000.0,25000.0,,,0.0,0.0,,,0.1897
499185,Dorsey College-Grand Rapids,Grand Rapids,MI,3,3,1,1,21.0,0.0,82.0,,,32076.0,9695.0,9695.0,,,0.1667,0.1667,9500,29392.0,0.4756
499255,Baltimore Beauty & Barber School II,Timonium,MD,2,3,1,1,21.0,0.0,101.0,,,,,,,,0.4375,0.5446,7500,18172.0,0.6337
499273,Galen Health Institutes-Dallas,Richardson,TX,6,3,2,3,12.0,0.0,1153.0,,,35565.0,17048.0,17048.0,,0.4815,0.5343,0.8159,16500,61480.0,0.9037
499282,Galen Health Institutes-Roanoke,Roanoke,VA,5,3,2,2,22.0,0.0,315.0,,,33329.0,16364.0,16364.0,,,0.6416,0.8671,16500,61480.0,0.9365
499291,Galen Health Institutes-Wichita,Wichita,KS,4,3,2,2,11.0,0.0,233.0,,,36569.0,16364.0,16364.0,,,0.6495,0.8763,16500,61480.0,0.9614
499307,Galen Health Institutes-Salt Lake City,Draper,UT,7,3,2,0,21.0,0.0,122.0,,,37969.0,16364.0,16364.0,,,0.5397,0.8889,16500,61480.0,0.8033
499334,Aveda Institute Tucson-Avondale,Avondale,AZ,6,3,1,1,21.0,0.0,158.0,,,,,,,,0.7661,0.9032,6333,,0.9684
499361,Premiere Aesthetics Institute-Meridian,Meridian,ID,7,3,1,1,21.0,0.0,64.0,,,,,,,,0.2558,0.2674,3666,,1.0
499370,Arizona College of Nursing-Sarasota,University Park,FL,5,3,3,3,21.0,0.0,133.0,1.0,,34305.0,23093.0,23093.0,,0.5,0.6563,0.8854,9500,34657.0,0.9248
499389,Arizona College of Nursing-Aurora,Aurora,CO,7,3,3,3,11.0,0.0,336.0,1.0,,43920.0,24653.0,24653.0,,0.4583,0.6329,0.8406,9500,34657.0,0.9167
499398,Arizona College of Nursing-Cincinnati,Cincinnati,OH,3,3,3,0,21.0,0.0,77.0,1.0,,44576.0,23760.0,23760.0,,0.5,0.7619,0.9365,9500,34657.0,0.9091
499404,Arizona College of Nursing-Cleveland,Beachwood,OH,3,3,3,0,21.0,0.0,164.0,1.0,,46107.0,23760.0,23760.0,,1.0,0.6951,0.8902,9500,34657.0,0.9695
499413,Glendale Career College-North-West College-MFSON,West Covina,CA,8,3,2,2,21.0,0.0,290.0,,,,,,,,0.5907,0.8242,9321,41472.0,0.7586
499422,Denver College of Nursing-Houston,Houston,TX,6,3,3,3,11.0,0.0,135.0,,,,,,,,0.4286,0.7714,21110,81809.0,0.8963
499495,Gwinnett Institute,Orlando,FL,5,3,1,3,21.0,0.0,340.0,,,,,,,,0.7821,1.0,13000,33735.0,0.9324
499529,Townsend Barber Institute,Roseville,MN,4,3,1,1,21.0,0.0,32.0,,,31494.0,14497.0,14497.0,,,0.2794,0.2353,,,0.125
499538,Puerto Rico Advance Institute,Bayamon,PR,9,2,1,1,12.0,0.0,29.0,,,10200.0,9395.0,9395.0,,,0.12,0.0,,,0.931
499547,Austin Medical Assistant Training,Forest Hills,NY,2,3,1,1,11.0,0.0,328.0,,,,,,,,0.2911,0.3048,,,0.9604
499556,Albany Beauty Academy,Albany,GA,5,3,1,1,13.0,0.0,18.0,,,,,,,,0.4348,0.5217,,,0.7222
499608,Wade Gordon Hairdressing Academy-Oklahoma,Oklahoma City,OK,6,3,1,1,11.0,0.0,29.0,,,,,,,,0.4054,0.4324,7710,,0.8966
499635,EDP University of Puerto Rico-Caguas,Caguas,PR,9,2,2,2,13.0,0.0,414.0,0.725,,,7050.0,14125.0,,,,,10500,22844.0,0.7681
499662,Aviation Institute of Maintenance-Phoenix,Phoenix,AZ,6,3,1,0,11.0,0.0,105.0,,,,16657.0,16657.0,,,,,12663,42759.0,0.1619
499671,Galen Health Institutes-Las Vegas,Las Vegas,NV,8,3,2,0,21.0,0.0,293.0,,,,,,,,0.5556,0.8056,16500,61480.0,0.8191
499680,Stellar Career College-Crown Point,Crown Point,IN,3,3,2,2,21.0,0.0,81.0,,,,,,,,0.7188,0.7313,4688,30337.0,0.8025
499705,Tulsa Welding School-Dallas Campus,Irving,TX,6,3,1,1,11.0,0.0,1020.0,,,,,,,,0.7021,0.8407,6886,41067.0,0.1137
499723,Barber Tech Academy-Columbia,Columbia,SC,5,3,1,1,12.0,0.0,51.0,,,,,,,,0.8393,0.7679,4750,,0.2745
499811,Ricketts Great Books College,Omaha,NE,4,3,2,0,11.0,0.0,0.0,,,,0.0,0.0,,,0.0,0.0,,,0.0
499820,Diverse Media Institute,St. Paul,MN,4,2,1,1,11.0,0.0,8.0,,,,,,,,0.0,0.0,,,0.375
499866,Atlantic Acting School,New York,NY,2,2,1,1,11.0,0.0,82.0,0.0183,,,22700.0,22700.0,,,0.0,0.0,,,0.6341
499875,Mosdos Yaakov V'Yisroel,Lakewood,NJ,2,2,2,3,21.0,0.0,679.0,0.8933,,,8760.0,8760.0,0.4561,0.4009,0.0,0.0,,,0.0913
499884,Jama's Beauty & Barber College,West Hills,CA,8,3,1,1,11.0,0.0,57.0,,,,,,,,0.0156,0.0,,,0.9123
499893,West Coast Barber College,Oceanside,CA,8,3,1,1,21.0,0.0,21.0,,,,,,,,0.0735,0.0,,,0.2381
499918,C N K Barber College,Tupelo,MS,5,3,1,1,33.0,0.0,31.0,,,,,,,,0.6957,0.6522,,,0.3548
499927,South Post Oak Barber College,Houston,TX,6,3,1,1,11.0,0.0,10.0,,,,,,,,0.0,0.0,,,0.2
499936,Petra College,Hammond,LA,5,3,1,1,13.0,0.0,31.0,1.0,,,,,,,0.0,0.0,,,1.0
499945,Brighton Barber Institute,Hurst,TX,6,3,1,1,21.0,0.0,17.0,,,,,,,,0.2692,0.1538,,,0.1765
499954,Kentucky Welding Institute,Flemingsburg,KY,5,3,1,1,43.0,0.0,143.0,,,,,,,,0.1237,0.0,,,0.0769
499963,Precision Welding Academy,Katy,TX,6,3,1,1,21.0,0.0,96.0,,,,,,,,0.2109,0.2344,,,0.0625
499972,Southwest Michigan Beauty School,Sturgis,MI,3,3,1,1,32.0,0.0,14.0,,,24368.0,18215.0,18215.0,,,0.2143,0.1429,,,1.0
499981,Southwest University of Naprapathic Medicine,Santa Fe,NM,6,3,4,4,13.0,0.0,,,,,,,,,,,,,
499990,Berea Beauty Academy,Berea,KY,5,3,1,1,32.0,0.0,40.0,,,,,,,,0.2653,0.0816,,,0.975
500005,Affinity Hair Academy,Orlando,FL,5,3,1,1,21.0,0.0,27.0,,,,,,,,0.0,0.0,,,0.5926
500014,ICR Florida Education,North Miami Beach,FL,5,3,1,1,21.0,0.0,383.0,,,,,,,,0.0,0.0,,,0.9112
500023,Empire Beauty School-Indianapolis,Indianapolis,IN,3,3,1,1,11.0,0.0,213.0,,,,,,,,0.6548,0.8173,6756,24397.0,0.9906
500087,Doral College,Doral,FL,5,2,2,3,13.0,0.0,272.0,,,,3120.0,3120.0,,1.0,0.0,0.0,,,0.7831
500096,Lincoln College of Technology-East Point,East Point,GA,5,3,1,1,21.0,0.0,627.0,,,,,,,,0.2663,0.2539,9500,38683.0,0.0893
500120,Tidewater Tech-East Little Creek,Norfolk,VA,5,3,1,1,12.0,0.0,133.0,,,,16337.0,16337.0,,,,,9500,31657.0,0.0902
500157,Lil Lou's Beauty and Barber College - South Bend,South Bend,IN,3,3,1,1,12.0,0.0,39.0,,,,,,,,0.8846,0.8077,9500,,0.1538
500290,Arizona College of Nursing - Chesapeake,Chesapeake,VA,5,3,3,0,11.0,0.0,149.0,1.0,,42703.0,24653.0,24653.0,,,0.6667,0.9091,9500,34657.0,0.953
500306,Arizona College of Nursing - Hartford,East Hartford,CT,1,3,3,0,13.0,0.0,334.0,1.0,,48113.0,24653.0,24653.0,,,0.4821,0.9643,9500,34657.0,0.9281
500324,UCAS University of Cosmetology Arts & Sciences - 03,Brownsville,TX,6,3,1,1,12.0,0.0,24.0,,,,,,,,0.3929,0.1964,6083,19880.0,1.0
500333,Arizona College of Nursing-St Louis,Maryland Heights,MO,4,3,3,0,21.0,0.0,131.0,1.0,,,23760.0,23760.0,,,,,9500,34657.0,0.9313
500342,EDvance College,San Francisco,CA,8,2,3,3,11.0,0.0,201.0,1.0,,,12300.0,12300.0,,,0.0,0.0,,,0.9801
500379,High Alternative Education,San Juan,PR,9,3,1,1,11.0,0.0,7.0,,,,,,,,0.0,0.0,,,1.0
500388,Virginia Barber School,Richmond,VA,5,3,1,1,21.0,0.0,7.0,,,,,,,,0.0,0.0,,,0.4286
500397,Aguilas International Technical Institute,Tampa,FL,5,3,1,1,21.0,0.0,389.0,,,,,,,,0.0,0.0,,,0.9306
500403,Miami Barber Institute,Miami,FL,5,3,1,1,21.0,0.0,150.0,,,,,,,,0.0,0.0,,,0.08
500412,Modern Male Barber Academy,Lansdale,PA,2,3,1,1,21.0,0.0,15.0,,,,,,,,0.0,0.0,,,0.2
500421,Epic Barber College,Houston,TX,6,3,1,1,21.0,0.0,62.0,,,,,,,,0.0,0.0,,,0.2097
500430,Mosley School of Cosmetology,Kentwood,MI,3,3,1,1,13.0,0.0,62.0,,,,,,,,0.0,0.0,,,0.9032
500449,New Orleans Culinary and Hospitality Institute,New Orleans,LA,5,2,1,1,11.0,0.0,36.0,0.7826,,,,,,,0.0,0.0,,,0.3611
500467,Glitz School of Cosmetology -  Santa Fe Campus,Santa Fe,NM,6,3,1,1,41.0,0.0,35.0,,,,,,,,0.5,0.5263,7307,,0.8286
500537,UR Beauty & Barber Academy-At True Family Barber Academy,Winter Haven,FL,5,3,1,1,21.0,0.0,13.0,,,,,,,,1.0,1.0,7667,,0.3846
500555,Shearz Institute,Lithia Springs,GA,5,3,1,1,21.0,0.0,75.0,,,,,,,,0.0,0.0,,,0.7467
500670,University of Fairfax,Salem,VA,5,3,4,4,,0.0,,,,,,,,,,,,,
500704,Circle of Love Academy,Dudley,NC,5,3,1,1,,0.0,,,,,,,,,,,,,
500713,Virginia Christian College,Dumfries,VA,5,2,3,4,,0.0,,,,,,,,,,,,,
500722,Ideal Institute of Technology,Pleasantville,NJ,2,2,1,1,,0.0,,,,,,,,,,,,,
500731,Beauty Culture Academy,Staten Island,NY,2,3,1,0,,0.0,,,,,,,,,,,,,
500740,Congregation YMH,Brooklyn,NY,2,2,3,3,,0.0,,,,,,,,,,,,,
500759,Eisek Hatorah DRachmistrivka,Staten Island,NY,2,2,2,2,,0.0,,,,,,,,,,,,,
500768,Centureon Institute,Miami,FL,5,3,1,1,,0.0,,,,,,,,,,,,,
500777,Dooby Shop School of Cosmetology,Charlotte,NC,5,3,1,1,,0.0,,,,,,,,,,,,,
500786,New Image Beauty and Barber School,Harlingen,TX,6,3,1,1,,0.0,,,,,,,,,,,,,
500795,Final Touch Barber Academy,Philadelphia,PA,2,3,1,1,,0.0,,,,,,,,,,,,,
500801,Metropolitan Barber Academy,Enola,PA,2,3,1,1,,0.0,,,,,,,,,,,,,
500810,Bet Midrash Ohel Torah,Lakewood,NJ,2,2,2,3,,0.0,,,,,,,,,,,,,
500829,Northpoint College,Wyoming,MI,3,2,3,3,,0.0,,,,,,,,,,,,,
500838,Goodwill Technical College,New Orleans,LA,5,2,1,1,,0.0,,,,,,,,,,,,,
500847,Charm Beauty School,Dearborn Heights,MI,3,3,1,1,,0.0,,,,,,,,,,,,,
500856,Salon Professional Academy (The),Whitehouse,TX,6,3,1,1,,0.0,,,,,,,,,,,,,
500865,Noe' Noonan School of Cosmetology,Erie,PA,2,3,1,1,,0.0,,,,,,,,,,,,,
500874,Salon Professional Academy,Fort Wayne,IN,3,3,1,1,,0.0,,,,,,,,,,,,,
500892,Champ's Barber School-York,York,PA,2,3,1,1,,0.0,,,,,,,,,,,9500,,
500935,United Education Institute-Dallas,Dallas,TX,6,3,1,0,,0.0,,,,,,,,,,,9500,31141.0,
500944,Galen Health Institutes-Aurora,Aurora,CO,7,3,2,0,,0.0,,,,,,,,,,,16500,61480.0,
500953,Galen Health Institutes-Savannah,Pooler,GA,5,3,2,0,,0.0,,,,,,,,,,,16500,61480.0,
500962,Galen Health Institutes-Orlando,Orlando,FL,5,3,2,0,,0.0,,,,,,,,,,,16500,61480.0,
500971,Carrington College-Bakersfield,Bakersfield,CA,8,3,2,0,,0.0,,,,,,,,,,,10460,39633.0,
500999,Carrington College-Fresno,Fresno,CA,8,3,2,0,,0.0,,,,,,,,,,,10460,39633.0,
501008,Carrington College-Hesperia,Hesperia,CA,8,3,2,0,,0.0,,,,,,,,,,,10460,39633.0,
501017,Carrington College-Lancaster,Lancaster,CA,8,3,2,0,,0.0,,,,,,,,,,,10460,39633.0,
501026,Carrington College-Modesto,Salida,CA,8,3,2,0,,0.0,,,,,,,,,,,10460,39633.0,
501035,Carrington College-Ontario,Ontario,CA,8,3,2,0,,0.0,,,,,,,,,,,10460,39633.0,
501044,Carrington College-Rancho Cordova,Rancho Cordova,CA,8,3,2,0,,0.0,,,,,,,,,,,10460,39633.0,
501053,Carrington College-Rancho Mirage,Rancho Mirage,CA,8,3,2,0,,0.0,,,,,,,,,,,10460,39633.0,
501062,Carrington College-Santa Maria,Santa Maria,CA,8,3,2,0,,0.0,,,,,,,,,,,10460,39633.0,
501071,Carrington College-Temecula,Temecula,CA,8,3,2,0,,0.0,,,,,,,,,,,10460,39633.0,
501080,Carrington College-Visalia,Visalia,CA,8,3,2,0,,0.0,,,,,,,,,,,10460,39633.0,
501105,Lyon College-School of Dental Medicine,Little Rock,AR,5,2,4,0,,0.0,,,,,,,,,,,10699,44232.0,
501141,Premiere Aesthetics Institute-Post Falls,Post Falls,ID,7,3,1,1,,0.0,,,,,,,,,,,3666,,
501150,IntelliTec College-Euphoria Institute of Beauty Arts and Sciences,Las Vegas,NV,8,3,1,1,,0.0,,,,,,,,,,,8894,42169.0,
501187,Tint School of Makeup & Cosmetology-Plano,Plano,TX,6,3,1,1,,0.0,,,,,,,,,,,4750,26381.0,
501196,College of Health Care Professions-Garland,Garland,TX,6,3,2,0,,0.0,,,,,,,,,,,9096,38922.0,
501211,Ohio Business College-Columbus,Columbus,OH,3,3,1,1,,0.0,,,,,,,,,,,10000,30389.0,
501293,Glendale Career College-Nevada Career Institute-MFSON,Las Vegas,NV,8,3,2,0,,0.0,,,,,,,,,,,9321,41472.0,
501309,UEI College-United Education Institute-Albuquerque,Albuquerque,NM,6,3,1,0,,0.0,,,,,,,,,,,9433,30848.0,
501318,UEI College-United Education Institute-Houston,Houston,TX,6,3,1,0,,0.0,,,,,,,,,,,9445,27688.0,
501327,Glendale Career College-North-West College-MFSON-Riverside,Riverside,CA,8,3,2,0,,0.0,,,,,,,,,,,9321,41472.0,
501336,Activa Training Center,Miami,FL,5,3,1,2,,0.0,,,,,,,,,,,,,
501345,Chicago College of Oriental Medicine,Chicago,IL,3,2,4,4,,0.0,,,,,,,,,,,,,
501354,Neihule Academy of Beauty,Los Angeles,CA,8,3,1,1,,0.0,,,,,,,,,,,,,
501363,Prince's Barber Academy,Zanesville,OH,3,3,1,1,,0.0,,,,,,,,,,,,,
501381,Style Mobb University School of Cosmetology,College Park,GA,5,3,1,0,,0.0,,,,,,,,,,,,,
501390,Yeshiva Gedola Amidei Dgirsa,Brooklyn,NY,2,2,2,3,,0.0,,,,,,,,,,,,,
501406,Care Hope College,Jupiter,FL,5,3,2,2,,0.0,,,,,,,,,,,,,
501451,UTH Florida University,Miami,FL,5,3,3,4,,0.0,,,,,,,,,,,,,
501460,University of North America,Fairfax,VA,5,3,1,4,,0.0,,,,,,,,,,,,,
501488,West Coast University-Los Angeles,North Hollywood,CA,8,3,3,3,,0.0,,,,,,,,,,,24145,102672.0,
501497,Orange Technical College-Avalon Campus,Orlando,FL,5,1,1,1,,0.0,,,,,,,,,,,PS,36650.0,
501521,Herzing University-Clarksville,Clarksville,TN,5,2,3,0,,0.0,,,,,,,,,,,11756,36909.0,
501530,Ogle School Hair Skin Nails-Atlanta,Atlanta,GA,5,3,1,0,,0.0,,,,,,,,,,,7916,31055.0,
501549,The Chicago School at Dallas,Plano,TX,6,2,4,4,,0.0,,,,,,,,,,,10250,56899.0,
501567,Elaine Sterling Institute-Dunwoody,Dunwoody,GA,5,3,1,0,,0.0,,,,,,,,,,,6333,,
501576,Las Vegas College-Houston Career Institute,Houston,TX,6,3,1,1,,0.0,,,,,,,,,,,7951,31398.0,
501600,Northwest Educational Center-Construction Technology,Houton,TX,6,3,1,1,,0.0,,,,,,,,,,,PS,25442.0,
501619,Lincoln College of Technology-Houston,Houston,TX,6,3,1,0,,0.0,,,,,,,,,,,9524,46396.0,
501628,Glitz School of Cosmetology-Casa Grande Campus,Casa Grande,AZ,6,3,1,1,,0.0,,,,,,,,,,,7307,,
501664,San Joaquin Valley College-San Leandro,San Leandro,CA,8,3,2,0,,0.0,,,,,,,,,,,9773,38317.0,
501673,San Joaquin Valley College-Sacramento,Sacramento,CA,8,3,2,0,,0.0,,,,,,,,,,,9773,38317.0,
501682,San Joaquin Valley College-Phoenix,Phoenix,AZ,6,3,2,0,,0.0,,,,,,,,,,,9773,38317.0,
501691,Concorde Career College-Portland,Portland,OR,8,3,1,2,,0.0,,,,,,,,,,,9500,31599.0,
501707,Riggins Urban Barber College-Palm Avenue,San Diego,CA,8,3,1,1,,0.0,,,,,,,,,,,,,
10236801,Troy University-Phenix City Campus,Phenix City,AL,5,1,0,0,,,,,,,10176.0,20352.0,,,,,15985,42062.0,
10236802,Troy University-Montgomery Campus,Montgomery,AL,5,1,0,0,,,,,,,10176.0,20352.0,,,,,15985,42062.0,
10236803,Troy University-Dothan Campus,Dothan,AL,5,1,0,0,,,,,,,10176.0,20352.0,,,,,15985,42062.0,
10236808,Troy University-Online,Troy,AL,5,1,0,0,,,,,,,10176.0,10176.0,,,,,15985,42062.0,
10236809,Troy University-Support Sites,Alpharetta,GA,5,1,0,0,,,,,,,10176.0,10176.0,,,,,15985,42062.0,
10415101,Arizona State University-West Valley,Glendale,AZ,6,1,0,0,,,,,,,12223.0,33139.0,,,,,13610,62668.0,
10415102,Arizona State University-Polytechnic,Mesa,AZ,6,1,0,0,,,,,,,12223.0,33139.0,,,,,13610,62668.0,
10415103,Arizona State University-Downtown Phoenix,Phoenix,AZ,6,1,0,0,,,,,,,12223.0,33139.0,,,,,13610,62668.0,
10415104,Arizona State University - Tucson,Tucson,AZ,6,1,0,0,,,,,,,,,,,,,13610,62668.0,
10415106,Arizona State University - The Gila Valley,Thatcher,AZ,6,1,0,0,,,,,,,,,,,,,13610,62668.0,
10415107,Arizona State University - Yuma,Yuma,AZ,6,1,0,0,,,,,,,,,,,,,13610,62668.0,
10415108,Arizona State University - Pinal,Coolidge,AZ,6,1,0,0,,,,,,,,,,,,,13610,62668.0,
10415109,Arizona State University - Cochise,Sierra Vista,AZ,6,1,0,0,,,,,,,,,,,,,13610,62668.0,
10415110,Arizona State University - Yavapai,Prescott Valley,AZ,6,1,0,0,,,,,,,,,,,,,13610,62668.0,
10415111,Arizona State University - Pima,Tucson,AZ,6,1,0,0,,,,,,,,,,,,,13610,62668.0,
10415112,Arizona State University - Washington D.C.,Washington,DC,2,1,0,0,,,,,,,,,,,,,13610,62668.0,
10415113,Arizona State University - Northeastern Arizona,Show Low,AZ,6,1,0,0,,,,,,,,,,,,,13610,62668.0,
10415114,Arizona State University - Mesa City Center,Mesa,AZ,6,1,0,0,,,,,,,,,,,,,13610,62668.0,
10415115,Arizona State University - ASU California Center - Broadway,Los Angeles,CA,8,1,0,0,,,,,,,11663.0,25185.0,,,,,13610,62668.0,
10415116,Arizona State University - ASU California Center - Grand,Los Angeles,CA,8,1,0,0,,,,,,,11663.0,25185.0,,,,,13610,62668.0,
10635101,Arkansas Technical School,North Little Rock,AR,5,3,0,0,,,,,,,,,,,,,9833,16209.0,
10722001,Career Academy of Hair Design-Siloam Springs,Siloam Springs,AR,5,3,0,0,,,,,,,,,,,,,5531,21567.0,
10722002,Career Academy of Hair Design-Rogers,Rogers,AR,5,3,0,0,,,,,,,,,,,,,5531,21567.0,
10722003,Career Academy of Hair Design-Fayetteville,Fayetteville,AR,5,3,0,0,,,,,,,,,,,,,5531,21567.0,
10722004,Career Academy of Hair Design - Fort Smith,Fort Smith,AR,5,3,0,0,,,,,,,,,,,,,5531,21567.0,
10772501,University of Arkansas Community College at Hope - Texarkana,Texarkana,AR,5,1,0,0,,,,,,,3885.0,5565.0,,,,,3500,34162.0,
11046801,Alliant International University-Fresno,Fresno,CA,8,3,0,0,,,,,,,,,,,,,12500,66666.0,
11046802,Alliant International University-Los Angeles,Alhambra,CA,8,3,0,0,,,,,,,,,,,,,12500,66666.0,
11046803,Alliant International University-San Francisco Bay Area,Emeryville,CA,8,3,0,0,,,,,,,,,,,,,12500,66666.0,
11046804,Alliant International University-Irvine,Irvine,CA,8,3,0,0,,,,,,,,,,,,,12500,66666.0,
11046805,Alliant International University-Sacramento,Sacramento,CA,8,3,0,0,,,,,,,,,,,,,12500,66666.0,
11046806,Alliant International University - Phoenix,Phoenix,AZ,6,3,0,0,,,,,,,14254.0,14254.0,,,,,12500,66666.0,
11163801,Casa Loma College - Nashville,Nashville,TN,5,2,0,0,,,,,,,,,,,,,20245,49854.0,
11163802,Casa Loma College -  Aurora,Aurora,CO,7,2,0,0,,,,,,,,,,,,,20245,49854.0,
11458501,San Jose Campus,San Jose,CA,8,3,0,0,,,,,,,,,,,,,PS,,
11643901,IDEA at ATEP,Tustin,CA,8,1,0,0,,,,,,,1156.0,11860.0,,,,,4500,49156.0,
11710401,Life Pacific University-Virginia,Christiansburg,VA,5,2,0,0,,,,,,,16138.0,16138.0,,,,,14000,43299.0,
11752001,Life Chiropractic College West - Bellevue University,Bellevue,NE,4,2,0,0,,,,,,,,,,,,,PS,,
11891201,MiraCosta College - San Elijo Campus,Cardiff,CA,8,1,0,0,,,,,,,1158.0,9750.0,,,,,9488,43845.0,
11917301,Mount Saint Mary's University - Doheny Campus,Los Angeles,CA,8,2,0,0,,,,,,,49564.0,49564.0,,,,,22167,72379.0,
12162801,RAND School of Public Policy - Virginia,Arlington,VA,5,2,0,0,,,,,,,,,,,,,,,
12240901,San Diego State University-Imperial Valley Campus,Calexico,CA,8,1,0,0,,,,,,,7498.0,20098.0,,,,,12847,64909.0,
12265801,San Joaquin Delta College,Stockton,CA,8,1,0,0,,,,,,,1180.0,9772.0,,,,,7000,43212.0,
12293101,Jesuit School of Theology of Santa Clara University,Berkeley,CA,8,2,0,0,,,,,,,,,,,,,16845,109183.0,
12429201,Thomas Aquinas College - New England,Northfield,MA,1,2,0,0,,,,,,,30200.0,30200.0,,,,,18000,55619.0,
12509101,Victor Valley Community College - Aviation Technology,Victorville,CA,8,1,0,0,,,,,,,1425.0,10125.0,,,,,7500,36119.0,
12601201,Wright Institute (The) -,Berkeley,CA,8,2,0,0,,,,,,,,,,,,,PS,,
12697901,Denver Seminary - Washington DC,Landover,MD,2,2,0,0,,,,,,,,,,,,,PS,,
12915401,Goodwin University - Bridgeport Campus,Bridgeport,CT,1,2,0,0,,,,,,,21188.0,21188.0,,,,,14221,43596.0,
13017403,Porter and Chester Institute of Waterbury,Waterbury,CT,1,3,0,0,,,,,,,15856.0,15856.0,,,,,9500,41588.0,
13017405,Porter and Chester Institute of Worcester,Worcester,MA,1,3,0,0,,,,,,,15856.0,15856.0,,,,,9500,41588.0,
13017408,Porter and Chester Institute - Brockton,Brockton,MA,1,3,0,0,,,,,,,15856.0,15856.0,,,,,9500,41588.0,
13017409,Porter and Chester Institute - Chicopee,Chicopee,MA,1,3,0,0,,,,,,,15856.0,15856.0,,,,,9500,41588.0,
13017410,Porter and Chester Institute - New London,New London,CT,1,3,0,0,,,,,,,15856.0,15856.0,,,,,9500,41588.0,
13090701,Delaware Technical Community College-Owens,Georgetown,DE,2,1,0,0,,,,,,,5445.0,12308.0,,,,,5500,41448.0,
13090702,Delaware Technical Community College-Stanton/Wilmington,Wilmington,DE,2,1,0,0,,,,,,,5445.0,12308.0,,,,,5500,41448.0,
13247101,Barry University Law School,Orlando,FL,5,2,0,0,,,,,,,,,,,,,15750,55966.0,
13508101,Keiser University-Melbourne,Melbourne,FL,5,2,0,0,,,,,,,25056.0,25056.0,,,,,13000,39696.0,
13508102,Keiser University-Tallahassee,Tallahassee,FL,5,2,0,0,,,,,,,25056.0,25056.0,,,,,13000,39696.0,
13508103,Keiser University-Daytona,Daytona Beach,FL,5,2,0,0,,,,,,,25056.0,25056.0,,,,,13000,39696.0,
13508104,Keiser University-Lakeland,Lakeland,FL,5,2,0,0,,,,,,,25056.0,25056.0,,,,,13000,39696.0,
13508105,Keiser University- Miami,Miami,FL,5,2,0,0,,,,,,,25056.0,25056.0,,,,,13000,39696.0,
13508106,Keiser University-Orlando,Orlando,FL,5,2,0,0,,,,,,,25056.0,25056.0,,,,,13000,39696.0,
13508107,Keiser University-Sarasota,Sarasota,FL,5,2,0,0,,,,,,,25056.0,25056.0,,,,,13000,39696.0,
13508108,Keiser University-Jacksonville,Jacksonville,FL,5,2,0,0,,,,,,,25056.0,25056.0,,,,,13000,39696.0,
13508109,Keiser University-Tampa,Tampa,FL,5,2,0,0,,,,,,,25056.0,25056.0,,,,,13000,39696.0,
13508110,Keiser University-Pembroke Pines,Pembroke Pines,FL,5,2,0,0,,,,,,,25056.0,25056.0,,,,,13000,39696.0,
13508111,Keiser University-Port St Lucie,Port St Lucie,FL,5,2,0,0,,,,,,,25056.0,25056.0,,,,,13000,39696.0,
13508112,Keiser University-West Palm Beach,West Palm Beach,FL,5,2,0,0,,,,,,,25056.0,25056.0,,,,,13000,39696.0,
13508113,Keiser University-Ft Myers,Ft Myers,FL,5,2,0,0,,,,,,,25056.0,25056.0,,,,,13000,39696.0,
13508114,Keiser University -  Clearwater,Clearwater,FL,5,2,0,0,,,,,,,25056.0,25056.0,,,,,13000,39696.0,
13508115,Keiser University - New Port Richey,New Port Richey,FL,5,2,0,0,,,,,,,25056.0,25056.0,,,,,13000,39696.0,
13508116,Keiser University - Residential (Flagship),West Palm Beach,FL,5,2,0,0,,,,,,,38788.0,38788.0,,,,,13000,39696.0,
13552201,Maynard A. Traviss Technical College - Central Florida Aerospace Academy,Lakeland,FL,5,1,0,0,,,,,,,,,,,,,PS,39813.0,
13552202,Traviss Technical College - ATCFO,Bartow,FL,5,1,0,0,,,,,,,,,,,,,PS,39813.0,
13682601,Miami Lakes Educational Center and Technical College -,Miami Lakes,FL,5,1,0,0,,,,,,,,,,,,,PS,37543.0,
13830901,Rasmussen University-Central Pasco,Odessa,FL,5,3,0,0,,,,,,,15314.0,15314.0,,,,,13000,39080.0,
13830902,Rasmussen University-Fort Myers,Fort Myers,FL,5,3,0,0,,,,,,,15314.0,15314.0,,,,,13000,39080.0,
13830903,Rasmussen University-Tampa/Brandon,Brandon,FL,5,3,0,0,,,,,,,15314.0,15314.0,,,,,13000,39080.0,
13830905,Rasmussen University-North Orlando,Altamonte Springs,FL,5,3,0,0,,,,,,,15314.0,15314.0,,,,,13000,39080.0,
13962101,East Georgia State College - Statesboro,Statesboro,GA,5,1,0,0,,,,,,,4278.0,11238.0,,,,,6374,37174.0,
13962102,East Georgia State College - Augusta,Augusta,GA,5,1,0,0,,,,,,,4094.0,11054.0,,,,,6374,37174.0,
14570701,Illinois Eastern Community Colleges-Olney Central College,Olney,IL,3,1,0,0,,,,,,,5260.0,12460.0,,,,,5500,37533.0,
14570702,Illinois Eastern Community Colleges-Frontier Community College,Fairfield,IL,3,1,0,0,,,,,,,5260.0,12460.0,,,,,5500,37533.0,
14570703,Illinois Eastern Community Colleges-Lincoln Trail College,Robinson,IL,3,1,0,0,,,,,,,5260.0,12460.0,,,,,5500,37533.0,
14570704,Illinois Eastern Community Colleges-Wabash Valley College,Mount Carmel,IL,3,1,0,0,,,,,,,5260.0,12460.0,,,,,5500,37533.0,
14736901,Moody Theological Seminary and Graduate School--Michigan,Plymouth,MI,3,2,0,0,,,,,,,,,,,,,12000,45399.0,
14736903,Moody Bible Institute - Spokane,Spokane,WA,8,2,0,0,,,,,,,14784.0,14784.0,,,,,12000,45399.0,
14953201,Triton College - Intl Union of Operating Engr Local 399 Trning Fac.,Chicago,IL,3,1,0,0,,,,,,,2000.0,2000.0,,,,,5500,41728.0,
15085301,PJ's College of Cosmetology- Brownsburg,Brownsburg,IN,3,3,0,0,,,,,,,,,,,,,7389,22402.0,
15085303,PJ's College of Cosmetology- Jeffersonville,Jeffersonville,IN,3,3,0,0,,,,,,,,,,,,,7389,22402.0,
15098701,Ivy Tech Community College-South Bend/Elkhart,South Bend,IN,3,1,0,0,,,,,,,5154.0,9935.0,,,,,5835,37186.0,
15098702,Ivy Tech Community College-Columbus,Columbus,IN,3,1,0,0,,,,,,,5154.0,9935.0,,,,,5835,37186.0,
15098703,Ivy Tech Community College-Muncie,Muncie,IN,3,1,0,0,,,,,,,5154.0,9935.0,,,,,5835,37186.0,
15098704,Ivy Tech Community College-Kokomo,Kokomo,IN,3,1,0,0,,,,,,,5154.0,9935.0,,,,,5835,37186.0,
15098705,Ivy Tech Community College-Lafayette,Lafayette,IN,3,1,0,0,,,,,,,5154.0,9935.0,,,,,5835,37186.0,
15098706,Ivy Tech Community College-Fort Wayne,Fort Wayne,IN,3,1,0,0,,,,,,,5154.0,9935.0,,,,,5835,37186.0,
15098707,Ivy Tech Community College-Sellersburg,Sellersburg,IN,3,1,0,0,,,,,,,5154.0,9935.0,,,,,5835,37186.0,
15098708,Ivy Tech Community College-Evansville,Evansville,IN,3,1,0,0,,,,,,,5154.0,9935.0,,,,,5835,37186.0,
15098709,Ivy Tech Community College-Terre Haute,Terre Haute,IN,3,1,0,0,,,,,,,5154.0,9935.0,,,,,5835,37186.0,
15098710,Ivy Tech Community College-Richmond,Richmond,IN,3,1,0,0,,,,,,,5154.0,9935.0,,,,,5835,37186.0,
15098711,Ivy Tech Community College-Lake County,East Chicago,IN,3,1,0,0,,,,,,,5154.0,9935.0,,,,,5835,37186.0,
15098712,Ivy Tech Community College-Madison,Madison,IN,3,1,0,0,,,,,,,5154.0,9935.0,,,,,5835,37186.0,
15098713,Ivy Tech Community College-Bloomington,Bloomington,IN,3,1,0,0,,,,,,,5154.0,9935.0,,,,,5835,37186.0,
15098714,Ivy Tech Community College-Indianapolis,Indianapolis,IN,3,1,0,0,,,,,,,5154.0,9935.0,,,,,5835,37186.0,
15098715,Ivy Tech Community College-Marion,Marion,IN,3,1,0,0,,,,,,,5154.0,9935.0,,,,,5835,37186.0,
15098716,Ivy Tech Community College-Valparaiso,Valparaiso,IN,3,1,0,0,,,,,,,5154.0,9935.0,,,,,5835,37186.0,
15098717,Ivy Tech Community College-Lawrenceburg,Lawrenceburg,IN,3,1,0,0,,,,,,,5154.0,9935.0,,,,,5835,37186.0,
15098718,Ivy Tech Community College-Hamilton County,Noblesville,IN,3,1,0,0,,,,,,,5154.0,9935.0,,,,,5835,37186.0,
15098719,Ivy Tech Community College-Anderson,Anderson,IN,3,1,0,0,,,,,,,5154.0,9935.0,,,,,5835,37186.0,
15111101,Indiana University Fort Wayne,Fort Wayne,IN,3,1,0,0,,,,,,,10762.0,34891.0,,,,,13337,55198.0,
15111102,Indiana University Columbus,Columbus,IN,3,1,0,0,,,,,,,10762.0,34891.0,,,,,13337,55198.0,
15208001,University of Notre Dame -,Chicago,IL,3,2,0,0,,,,,,,,,,,,,19000,99980.0,
15336601,Graceland University - Independence,Independence,MO,4,2,0,0,,,,,,,14940.0,14940.0,,,,,14209,47361.0,
15468801,Baker University School of Nursing,Topeka,KS,4,2,0,0,,,,,,,,,,,,,18530,63855.0,
15492501,Coffeyville Technical Campus,Coffeyville,KS,4,1,0,0,,,,,,,3600.0,4680.0,,,,,5500,35246.0,
15492502,Columbus Technical Campus,Columbus,KS,4,1,0,0,,,,,,,3600.0,4680.0,,,,,5500,35246.0,
15492503,Coffeyville Community College - EMS Building,Coffeyville,KS,4,1,0,0,,,,,,,,,,,,,5500,35246.0,
15535301,Old Town Barber College - KC,Kansas City,MO,4,3,0,0,,,,,,,,,,,,,9667,21295.0,
15631001,PJ's College of Cosmetology- Greenfield,Greenfield,IN,3,3,0,0,,,,,,,,,,,,,7283,20392.0,
15631002,PJ's College of Cosmetology- Muncie,Muncie,IN,3,3,0,0,,,,,,,,,,,,,7283,20392.0,
15631003,PJ's College of Cosmetology- Indianapolis,Indianapolis,IN,3,3,0,0,,,,,,,,,,,,,7283,20392.0,
15631004,PJ's College of Cosmetology- Plainfield,Plainfield,IN,3,3,0,0,,,,,,,,,,,,,7283,20392.0,
15631005,PJ's College of Cosmetology- Louisville,Louisville,KY,5,3,0,0,,,,,,,,,,,,,7283,20392.0,
16061201,Southeastern Louisiana University - EBR Parish School System Prof Dev,Baton Rouge,LA,5,1,0,0,,,,,,,,,,,,,11077,46482.0,
16061202,Southeastern Louisiana University - St Amant High School,St Amant,LA,5,1,0,0,,,,,,,,,,,,,11077,46482.0,
16061203,Southeastern Louisiana University - Destrahan High School,Destrehan,LA,5,1,0,0,,,,,,,,,,,,,11077,46482.0,
16061204,Southeastern Louisiana University - Albert Cammon Middle School,St. Rose,LA,5,1,0,0,,,,,,,,,,,,,11077,46482.0,
16099501,Beal University,Wilton,ME,1,3,0,0,,,,,,,,,,,,,11261,35639.0,
16125301,University of Maine - Machias,Machias,ME,1,1,0,0,,,,,,,10050.0,18540.0,,,,,16750,48653.0,
16157202,Unity Environmental University - Unity,Unity,ME,1,2,0,0,,,,,,,17476.0,17476.0,,,,,4752,37852.0,
16884704,Baker College of Cadillac,Cadillac,MI,3,2,0,0,,,,,,,13000.0,13000.0,,,,,16753,35833.0,
16884706,Baker College of Jackson,Jackson,MI,3,2,0,0,,,,,,,13000.0,13000.0,,,,,16753,35833.0,
16884707,Baker College of Muskegon,Muskegon,MI,3,2,0,0,,,,,,,13000.0,13000.0,,,,,16753,35833.0,
16884710,Baker College - Royal Oak Campus,Royal Oak,MI,3,2,0,0,,,,,,,13000.0,13000.0,,,,,16753,35833.0,
16908001,Calvin University - Handlon Campus,Ionia,MI,3,2,0,0,,,,,,,,,,,,,19500,58375.0,
16947903,Davenport University-Warren Location,Warren,MI,3,2,0,0,,,,,,,24466.0,24466.0,,,,,17353,45099.0,
16947904,Davenport University-Kalamazoo Location,Kalamazoo,MI,3,2,0,0,,,,,,,,,,,,,17353,45099.0,
16947905,Davenport University-Lansing Location,Lansing,MI,3,2,0,0,,,,,,,24466.0,24466.0,,,,,17353,45099.0,
16947907,Davenport University-Midland Location,Midland,MI,3,2,0,0,,,,,,,24466.0,24466.0,,,,,17353,45099.0,
16947912,Davenport University-Traverse City Location,Traverse City,MI,3,2,0,0,,,,,,,,,,,,,17353,45099.0,
16947922,Davenport University - Wayne CCCD,Belleville,MI,3,2,0,0,,,,,,,,,,,,,17353,45099.0,
16947925,Davenport University - Detroit,Detroit,MI,3,2,0,0,,,,,,,,,,,,,17353,45099.0,
17296301,Anoka-Ramsey Community College-Cambridge Campus,Cambridge,MN,4,1,0,0,,,,,,,5682.0,5682.0,,,,,8750,48342.0,
17320301,Central Lakes College-Staples Campus,Staples,MN,4,1,0,0,,,,,,,6249.0,6249.0,,,,,8439,42162.0,
17355901,M State - Detroit Lakes Campus,Detroit Lakes,MN,4,1,0,0,,,,,,,5825.0,5825.0,,,,,9360,45591.0,
17355902,M State - Moorhead Campus,Moorhead,MN,4,1,0,0,,,,,,,6026.0,6026.0,,,,,9360,45591.0,
17355903,M State - Wadena Campus,Wadena,MN,4,1,0,0,,,,,,,5855.0,5855.0,,,,,9360,45591.0,
17373501,Minnesota North College - Itasca,Grand Rapids,MN,4,1,0,0,,,,,,,6022.0,6022.0,,,,,8694,45570.0,
17373502,Minnesota North College - Mesabi Range Virginia,Virginia,MN,4,1,0,0,,,,,,,6022.0,6022.0,,,,,8694,45570.0,
17373503,Minnesota North College - Mesabi Range Eveleth,Eveleth,MN,4,1,0,0,,,,,,,6022.0,6022.0,,,,,8694,45570.0,
17373504,Minnesota North College - Rainy River,International Falls,MN,4,1,0,0,,,,,,,6022.0,6022.0,,,,,8694,45570.0,
17373505,Minnesota North College - Vermilion,Ely,MN,4,1,0,0,,,,,,,6022.0,6022.0,,,,,8694,45570.0,
17391101,South Central College-Faribault,Faribault,MN,4,1,0,0,,,,,,,6146.0,6146.0,,,,,8250,45068.0,
17395701,Mayo Clinic College of Medicine and Science - Florida,Jacksonville,FL,5,2,0,0,,,,,,,3257.0,3257.0,,,,,9066,79652.0,
17395702,Mayo Clinic College of Medicine and Science - Arizona,Scottsdale,AZ,6,2,0,0,,,,,,,3257.0,3257.0,,,,,9066,79652.0,
17395703,Mayo Clinic College of Medicine and Science - Arizona,Phoenix,AZ,6,2,0,0,,,,,,,,,,,,,9066,79652.0,
17447301,Northland Community and Technical College - East Grand Forks,East Grand Forks,MN,4,1,0,0,,,,,,,6289.0,6289.0,,,,,9500,44425.0,
17447302,Northland Community and Technical College - Aerospace,Thief River Falls,MN,4,1,0,0,,,,,,,6289.0,6289.0,,,,,9500,44425.0,
17501401,Rasmussen University-Bloomington,Bloomington,MN,4,3,0,0,,,,,,,11490.0,11490.0,,,,,13000,39080.0,
17501402,Rasmussen University-Eagan,Eagan,MN,4,3,0,0,,,,,,,11490.0,11490.0,,,,,13000,39080.0,
17501403,Rasmussen University-Mankato,Mankato,MN,4,3,0,0,,,,,,,11490.0,11490.0,,,,,13000,39080.0,
17501406,Rasmussen University-Hennepin/Anoka,Brooklyn Park,MN,4,3,0,0,,,,,,,11490.0,11490.0,,,,,13000,39080.0,
17526301,Minnesota State CollegeSoutheast-Red Wing Campus,Red Wing,MN,4,1,0,0,,,,,,,6432.0,6432.0,,,,,9500,43613.0,
17557301,Copiah-Lincoln Community College Simpson County Center,Mendenhall,MS,5,1,0,0,,,,,,,4200.0,5200.0,,,,,5500,31241.0,
17557302,Copiah-Lincoln Community College-Natchez Campus,Natchez,MS,5,1,0,0,,,,,,,4200.0,5200.0,,,,,5500,31241.0,
17601701,University of Mississippi Medical Center,Jackson,MS,5,1,0,0,,,,,,,,,,,,,15250,50994.0,
17623901,Pearl River Community College-Forrest County Campus,Hattiesburg,MS,5,1,0,0,,,,,,,3700.0,6100.0,,,,,6250,33019.0,
17623902,PRCC Hancock Aviation Aerospace Workforce Academy,Kiln,MS,5,1,0,0,,,,,,,3700.0,6100.0,,,,,6250,33019.0,
17662801,Avila University -  Arizona,Goodyear,AZ,6,2,0,0,,,,,,,,,,,,,19230,52773.0,
17706501,Columbia College - Redstone Arsenal,Redstone Arsenal,AL,5,2,0,0,,,,,,,8256.0,8256.0,,,,,14750,45378.0,
17706504,Columbia College - NAS Jacksonville,Jacksonville,FL,5,2,0,0,,,,,,,8256.0,8256.0,,,,,14750,45378.0,
17706508,Columbia College - Fort Leonard Wood,Fort Leonard Wood,MO,4,2,0,0,,,,,,,8256.0,8256.0,,,,,14750,45378.0,
17706510,Columbia College - Lake Ozark,Osage Beach,MO,4,2,0,0,,,,,,,8256.0,8256.0,,,,,14750,45378.0,
17706512,Columbia College - Fort Worth,Fort Worth,TX,6,2,0,0,,,,,,,8256.0,8256.0,,,,,14750,45378.0,
17706515,Columbia College - Naval Station Everett/Marysville,Marysville,WA,8,2,0,0,,,,,,,8256.0,8256.0,,,,,14750,45378.0,
17706523,Columbia College - Fort Stewart,Ft. Stewart,GA,5,2,0,0,,,,,,,8256.0,8256.0,,,,,14750,45378.0,
17706524,Columbia College - Hunter Army Airfield,Hunter Army Airfield,GA,5,2,0,0,,,,,,,8256.0,8256.0,,,,,14750,45378.0,
17706525,Columbia College - Elgin,Elgin,IL,3,2,0,0,,,,,,,8256.0,8256.0,,,,,14750,45378.0,
17706527,Columbia College - Whidbey Island,Oak Harbor,WA,8,2,0,0,,,,,,,8256.0,8256.0,,,,,14750,45378.0,
17706530,Columbia College - Fort Sill,Fort Sill,OK,6,2,0,0,,,,,,,8256.0,8256.0,,,,,14750,45378.0,
17706532,Columbia College - San Diego,San Diego,CA,8,2,0,0,,,,,,,8256.0,8256.0,,,,,14750,45378.0,
17706546,Columbia College - Denver,Aurora,CO,7,2,0,0,,,,,,,8256.0,8256.0,,,,,14750,45378.0,
17706547,Columbia College - Whiteman AFB,Whiteman AFB,MO,4,2,0,0,,,,,,,8256.0,8256.0,,,,,14750,45378.0,
17981201,Kansas City University-Joplin,Joplin,MO,4,2,0,0,,,,,,,,,,,,,PS,,
18017901,City College Montana State University Billings,Billings,MT,7,1,0,0,,,,,,,4897.0,10823.0,,,,,10086,44296.0,
18409201,American Institute,Clifton,NJ,2,3,0,0,,,,,,,,,,,,,9304,28710.0,
18557201,Monmouth University -  Monmouth Park Corporate Center,West Long Branch,NJ,2,2,0,0,,,,,,,,,,,,,23250,67991.0,
18908801,Bard College - Holyoke Microcollege,Holyoke,MA,1,2,0,0,,,,,,,,,,,,,19000,46543.0,
18908802,Bard College - Coxsackie Correctional Facility,Coxsackie,NY,2,2,0,0,,,,,,,,,,,,,19000,46543.0,
18908803,Bard College - Eastern NY Correctional Facility,Napanoch,NY,2,2,0,0,,,,,,,,,,,,,19000,46543.0,
18908804,Bard College - Fishkill Correctional Facility,Beacon,NY,2,2,0,0,,,,,,,,,,,,,19000,46543.0,
18908805,Bard College - Green Haven Correctional Facility,Stormville,NY,2,2,0,0,,,,,,,,,,,,,19000,46543.0,
18908806,Bard College - Taconic Correctional Facility,Bedford Hill,NY,2,2,0,0,,,,,,,,,,,,,19000,46543.0,
18908807,Bard College - Woodbourne Correctional Facility,Woodbourne,NY,2,2,0,0,,,,,,,,,,,,,19000,46543.0,
18908808,Bard College - BHSEC Newark,Newark,NJ,2,2,0,0,,,,,,,,,,,,,19000,46543.0,
18908809,Bard College - Brooklyn Public Library,Brooklyn,NY,2,2,0,0,,,,,,,,,,,,,19000,46543.0,
18908811,Bard College - New York Public Library Countee Cullen Branch,New York,NY,2,2,0,0,,,,,,,,,,,,,19000,46543.0,
18908812,Bard College - Bard Globalization and International Affairs Program,New York,NY,2,2,0,0,,,,,,,,,,,,,19000,46543.0,
18908814,Bard College - Albion Correctional Facility,Albion,NY,2,2,0,0,,,,,,,,,,,,,19000,46543.0,
18956501,Bryant & Stratton College-Syracuse,Syracuse,NY,2,2,0,0,,,,,,,19699.0,19699.0,,,,,9500,32568.0,
18958301,Bryant & Stratton College-Amherst,Getzville,NY,2,2,0,0,,,,,,,16562.0,16562.0,,,,,9500,32568.0,
18958302,Bryant & Stratton College-Southtowns,Orchard Park,NY,2,2,0,0,,,,,,,18860.0,18860.0,,,,,9500,32568.0,
18959201,Bryant & Stratton College-Henrietta,Rochester,NY,2,2,0,0,,,,,,,20355.0,20355.0,,,,,9500,32568.0,
19004401,Clarkson University Capital Region Campus,Latham,NY,2,2,0,0,,,,,,,,,,,,,21714,89696.0,
19050301,Culinary Institute of America at Greystone,St. Helena,CA,8,2,0,0,,,,,,,39850.0,39850.0,,,,,12000,47475.0,
19050302,Culinary Institute of America San Antonio,San Antonio,TX,6,2,0,0,,,,,,,39050.0,39050.0,,,,,12000,47475.0,
19054901,CUNY Brooklyn College - Feirstein Graduate School of Cinema,Brooklyn,NY,2,1,0,0,,,,,,,,,,,,,9218,60752.0,
19385801,NYSMedical&Dental Assistants - American Institute of Clinical Massage,Post Falls,ID,7,3,0,0,,,,,,,,,,,,,6887,38899.0,
19457801,Pratt Manhattan-A Division of Pratt Institute,New York,NY,2,2,0,0,,,,,,,61845.0,61845.0,,,,,20500,54295.0,
19476301,Rabbinical Seminary of America-Ma'yan HaTorah,Flushing,NY,2,2,0,0,,,,,,,10000.0,10000.0,,,,,PS,,
19857001,Gaston College,Dallas,NC,5,1,0,0,,,,,,,3186.0,9330.0,,,,,PS,35386.0,
19975901,Southeastern Baptist Theological Seminary-Nash County Extension Center,Nashville,NC,5,2,0,0,,,,,,,14016.0,14016.0,,,,,PS,,
19975902,Southeastern Baptist Theological Seminary-Wake County Extension Center,Raleigh,NC,5,2,0,0,,,,,,,14016.0,14016.0,,,,,PS,,
19975903,Southeastern Baptist Theological Seminary - Lowell Correctional Institution,Ocala,FL,5,2,0,0,,,,,,,,,,,,,PS,,
19998001,Winston - Salem Barber School - Satellite,Greensboro,NC,5,3,0,0,,,,,,,,,,,,,PS,16389.0,
20146901,Bryant & Stratton College-Akron,Akron,OH,3,2,0,0,,,,,,,21173.0,21173.0,,,,,9500,32568.0,
20146902,Bryant & Stratton College-Solon,Solon,OH,3,2,0,0,,,,,,,20146.0,20146.0,,,,,9500,32568.0,
20303001,Adult & Community Education Columbus City Schools - Fort Hayes Career,Columbus,OH,3,1,0,0,,,,,,,,,,,,,14250,51551.0,
20306701,Hebrew Union College-Jewish Institute of Religion-Cincinnati,Cincinnati,OH,3,2,0,0,,,,,,,,,,,,,PS,,
20306702,Hebrew Union College-Jewish Institute of Religion-Los Angeles,Los Angeles,CA,8,2,0,0,,,,,,,,,,,,,PS,,
20354401,Kettering College - Ollie Davis Medical Arts and Education Center,Beavercreek,OH,3,2,0,0,,,,,,,,,,,,,19456,67492.0,
20417601,Mount Carmel College of Nursing - Fairfield,Lancaster,OH,3,2,0,0,,,,,,,22080.0,22080.0,,,,,21000,75103.0,
20940901,Bushnell University - Roseburg Campus,Roseburg,OR,8,2,0,0,,,,,,,,,,,,,15633,53623.0,
21036801,Western Seminary-San Jose,San Jose,CA,8,2,0,0,,,,,,,,,,,,,PS,,
21078401,The Beauty Institute,Philadelphia,PA,2,3,0,0,,,,,,,,,,,,,8028,24785.0,
21130701,Bucks County Community College-Upper Bucks Campus,Perkasie,PA,2,1,0,0,,,,,,,5683.0,13963.0,,,,,8250,47324.0,
21130702,Bucks County Community College-Gene and Marlene Epstein Campus at Lower Bucks,Bristol,PA,2,1,0,0,,,,,,,5683.0,13963.0,,,,,8250,47324.0,
21287801,Harrisburg Area Community College-Lancaster,Lancaster,PA,2,1,0,0,,,,,,,6975.0,12472.0,,,,,9500,42007.0,
21287802,Harrisburg Area Community College-Gettysburg,Gettysburg,PA,2,1,0,0,,,,,,,6975.0,12472.0,,,,,9500,42007.0,
21287803,Harrisburg Area Community College-Lebanon,Annville,PA,2,1,0,0,,,,,,,6975.0,12472.0,,,,,9500,42007.0,
21287804,Harrisburg Area Community College-York,York,PA,2,1,0,0,,,,,,,6975.0,12472.0,,,,,9500,42007.0,
21316301,UPMC Jameson School of Nursing - UPMC Hamot,Erie,PA,2,2,0,0,,,,,,,20645.0,20645.0,,,,,9500,70472.0,
21429001,New Castle School of Trades,Pulaski,PA,2,3,0,0,,,,,,,,,,,,,8315,44814.0,
21429002,New Castle School of Trades - East Liverpool Campus,East Liverpool,OH,3,3,0,0,,,,,,,,,,,,,8315,44814.0,
21437901,Northampton County Area Community College-Monroe,Tannersville,PA,2,1,0,0,,,,,,,5550.0,15270.0,,,,,9500,41566.0,
21597401,UPMC Shadyside - at UPMC Harrisburg,Harrisburg,PA,2,2,0,0,,,,,,,20645.0,20645.0,,,,,12000,68801.0,
21608301,South Hills School of Business and Technology-Altoona,Altoona,PA,2,3,0,0,,,,,,,19905.0,19905.0,,,,,12000,35539.0,
22039402,Tennessee College of Applied Technology-Jacksboro,LaFollette,TN,5,1,0,0,,,,,,,,,,,,,PS,36449.0,
22055202,South College-Asheville,Asheville,NC,5,3,0,0,,,,,,,18535.0,18535.0,,,,,9500,36642.0,
22055203,South College-Nashville,Nashville,TN,5,3,0,0,,,,,,,18535.0,18535.0,,,,,9500,36642.0,
22055204,South College-Atlanta,Atlanta,GA,5,3,0,0,,,,,,,18535.0,18535.0,,,,,9500,36642.0,
22055205,South College - Indianapolis,Inidianapolis,IN,3,3,0,0,,,,,,,18535.0,18535.0,,,,,9500,36642.0,
22055206,South College - Orlando,Orlando,FL,5,3,0,0,,,,,,,18535.0,18535.0,,,,,9500,36642.0,
22055207,South College -  Pittsburgh,Cranberry Township,PA,2,3,0,0,,,,,,,,,,,,,9500,36642.0,
22797901,San Jacinto College-North Campus,Houston,TX,6,1,0,0,,,,,,,2490.0,6690.0,,,,,5750,43062.0,
22797902,San Jacinto College-South Campus,Houston,TX,6,1,0,0,,,,,,,2490.0,6690.0,,,,,5750,43062.0,
22797903,San Jacinto Community College District - Generation Park Campus,Houston,TX,6,1,0,0,,,,,,,2490.0,6690.0,,,,,5750,43062.0,
22872301,Texas A & M University Health Science Center,Bryan,TX,6,1,0,0,,,,,,,11597.0,33705.0,,,,,15000,72097.0,
23059701,Snow College-Richfield Campus,Richfield,UT,7,1,0,0,,,,,,,4338.0,14288.0,,,,,4500,41022.0,
23059702,Snow College -  Central Utah Correctional Facility,Gunnison,UT,7,1,0,0,,,,,,,,,,,,,4500,41022.0,
23155401,Bluefield College - Edward Via College of Osteopathic Medicine,Blacksburg,VA,5,2,0,0,,,,,,,,,,,,,13000,48896.0,
23155402,Bluefield University - Edward Via College - Auburn,Auburn,AL,5,2,0,0,,,,,,,,,,,,,13000,48896.0,
23178501,Bryant & Stratton College-Richmond,North Chesterfield,VA,5,2,0,0,,,,,,,18689.0,18689.0,,,,,9500,32568.0,
23178502,Bryant & Stratton College-Hampton,Hampton,VA,5,2,0,0,,,,,,,18189.0,18189.0,,,,,9500,32568.0,
23368401,Strayer University-Alexandria Campus,Alexandria,VA,5,3,0,0,,,,,,,13920.0,13920.0,,,,,14000,40092.0,
23368410,Strayer University-Newport News Campus,Newport News,VA,5,3,0,0,,,,,,,13920.0,13920.0,,,,,14000,40092.0,
23368411,Strayer University-Virginia Beach Campus,Virginia Beach,VA,5,3,0,0,,,,,,,13920.0,13920.0,,,,,14000,40092.0,
23384201,Union Presbyterian Seminary-Charlotte,Charlotte,NC,5,2,0,0,,,,,,,,,,,,,PS,,
23661002,Shoreline Community College - Dental Hygiene,Seattle,WA,8,1,0,0,,,,,,,15201.0,16767.0,,,,,7123,52009.0,
23693901,Washington State University-Vancouver,Vancouver,WA,8,1,0,0,,,,,,,11937.0,28496.0,,,,,14853,68905.0,
23693902,Washington State University-Spokane,Spokane,WA,8,1,0,0,,,,,,,,,,,,,14853,68905.0,
23693903,Washington State University-Tri Cities,Richland,WA,8,1,0,0,,,,,,,12261.0,28820.0,,,,,14853,68905.0,
23693904,Washington State University - Everett Campus,Everett,WA,8,1,0,0,,,,,,,,,,,,,14853,68905.0,
23693905,Washington State University - Global Campus,Pullman,WA,8,1,0,0,,,,,,,11678.0,13021.0,,,,,14853,68905.0,
23743701,Ameritas College -  South Bay Correctional Facility,South Bay,FL,5,2,0,0,,,,,,,,,,,,,17321,21783.0,
24297201,NUC University - Arecibo,Arecibo,PR,9,3,0,0,,,,,,,9400.0,11120.0,,,,,9500,24785.0,
24297202,NUC University - Rio Grande,Rio Grande,PR,9,3,0,0,,,,,,,9400.0,11120.0,,,,,9500,24785.0,
24297203,NUC University - Ponce,Ponce,PR,9,3,0,0,,,,,,,9400.0,11120.0,,,,,9500,24785.0,
24297204,NUC University - Caguas,Caguas,PR,9,3,0,0,,,,,,,9400.0,12305.0,,,,,9500,24785.0,
24297205,NUC University - Mayaguez,Mayaguez,PR,9,3,0,0,,,,,,,9400.0,11120.0,,,,,9500,24785.0,
24297206,NUC University - South Florida,Pembroke Pines,FL,5,3,0,0,,,,,,,13593.0,13593.0,,,,,9500,24785.0,
24297207,NUC University - Florida Technical College - Lakeland,Lakeland,FL,5,3,0,0,,,,,,,18396.0,18396.0,,,,,9500,24785.0,
24297208,NUC University - Florida Technical College - Deland,Deland,FL,5,3,0,0,,,,,,,18396.0,18396.0,,,,,9500,24785.0,
24297209,NUC University - Florida Technical College - Kissimmee,Kissimmee,FL,5,3,0,0,,,,,,,18396.0,18396.0,,,,,9500,24785.0,
24297210,NUC University - Florida Technical College - Pembroke Pines,Pembroke Pines,FL,5,3,0,0,,,,,,,18396.0,18396.0,,,,,9500,24785.0,
24297211,NUC University - Florida Technical College - Cutler Bay,Cutler Bay,FL,5,3,0,0,,,,,,,18396.0,18396.0,,,,,9500,24785.0,
24297212,NUC University - IBC Technical Division - Ponce,Ponce,PR,9,3,0,0,,,,,,,9400.0,11120.0,,,,,9500,24785.0,
24297213,NUC University - IBC Technical Division - Mayaguez,Mayaguez,PR,9,3,0,0,,,,,,,9400.0,11120.0,,,,,9500,24785.0,
24297214,NUC University - IBC Technical Division - Guayama,Guayama,PR,9,3,0,0,,,,,,,9400.0,11120.0,,,,,9500,24785.0,
24297215,NUC University - IBC Technical Division - Fajardo,Fajardo,PR,9,3,0,0,,,,,,,9400.0,11120.0,,,,,9500,24785.0,
24297216,NUC University - IBC Technical Division - Manati,Manati,PR,9,3,0,0,,,,,,,9400.0,11120.0,,,,,9500,24785.0,
24297217,NUC University - IBC Technical Division - Los Colobos,Carolina,PR,9,3,0,0,,,,,,,9400.0,11120.0,,,,,9500,24785.0,
24297218,NUC University - IBC Technical Division - Moca,Moca,PR,9,3,0,0,,,,,,,9400.0,11120.0,,,,,9500,24785.0,
24297219,NUC University - IBC Technical Division - Aguadilla,Aguadilla,PR,9,3,0,0,,,,,,,9400.0,11120.0,,,,,9500,24785.0,
24297220,NUC University - IBC Technical Division - Caguas,Caguas,PR,9,3,0,0,,,,,,,9400.0,11120.0,,,,,9500,24785.0,
24297221,NUC University - IBC Technical Division - Arecibo,Arecibo,PR,9,3,0,0,,,,,,,9400.0,11120.0,,,,,9500,24785.0,
24297222,NUC University - IBC Technical Division - Escorial,San Juan,PR,9,3,0,0,,,,,,,9400.0,11120.0,,,,,9500,24785.0,
24297223,NUC University - IBC Technical Division - Bayamon,Bayamon,PR,9,3,0,0,,,,,,,9400.0,11120.0,,,,,9500,24785.0,
24297224,NUC University - IBC Technical Division - Yauco,Yauco,PR,9,3,0,0,,,,,,,9400.0,11120.0,,,,,9500,24785.0,
24297225,NUC University - Florida Technical College - Orlando,Orlando,FL,5,3,0,0,,,,,,,18396.0,18396.0,,,,,9500,24785.0,
24297226,NUC University - Florida Technical College - Tampa,Tampa,FL,5,3,0,0,,,,,,,18396.0,18396.0,,,,,9500,24785.0,
24297227,NUC University - CCU - Caguas,Caguas,PR,9,3,0,0,,,,,,,,,,,,,9500,24785.0,
24297228,NUC University - CCU - Yauco Campus,Yauco,PR,9,3,0,0,,,,,,,,,,,,,9500,24785.0,
24297230,NUC University - CCU - Carolina,Carolina,PR,9,3,0,0,,,,,,,,,,,,,9500,24785.0,
24297231,NUC University - CCU - Bayamon,Bayamon,PR,9,3,0,0,,,,,,,,,,,,,9500,24785.0,
24366501,University of the Virgin Islands-Albert A. Sheen,St. Croix,VI,9,1,0,0,,,,,,,5957.0,16557.0,,,,,9500,38681.0,
24378001,Purdue University - Purdue Polytechnic Anderson,Anderson,IN,3,1,0,0,,,,,,,6518.0,15579.0,,,,,15000,72424.0,
24378002,Purdue University - Purdue Polytechnic Indianapolis,Indianapolis,IN,3,1,0,0,,,,,,,7658.0,7658.0,,,,,15000,72424.0,
24378003,Purdue University - Purdue Polytechnic South Bend,South Bend,IN,3,1,0,0,,,,,,,6518.0,15579.0,,,,,15000,72424.0,
24378004,Purdue University - Purdue Polytechnic New Albany,New Albany,IN,3,1,0,0,,,,,,,6518.0,15579.0,,,,,15000,72424.0,
24378006,Purdue University - Purdue Polytechnic Columbus,Columbus,IN,3,1,0,0,,,,,,,6518.0,15579.0,,,,,15000,72424.0,
24378007,Purdue University - Purdue Polytechnic Kokomo,Kokomo,IN,3,1,0,0,,,,,,,6518.0,15579.0,,,,,15000,72424.0,
24378008,Purdue University - Purdue Polytechnic Richmond,Richmond,IN,3,1,0,0,,,,,,,6518.0,15579.0,,,,,15000,72424.0,
24378009,Purdue University - Purdue Polytechnic Lafayette,Lafayette,IN,3,1,0,0,,,,,,,6518.0,15579.0,,,,,15000,72424.0,
24378010,Purdue University - Purdue Polytechnic Vincennes,Vincennes,IN,3,1,0,0,,,,,,,7658.0,7658.0,,,,,15000,72424.0,
24378011,Purdue University - Westgate Academy,Odon,IN,3,1,0,0,,,,,,,11000.0,11000.0,,,,,15000,72424.0,
24378012,Purdue University -  Indianapolis,Indianapolis,IN,3,1,0,0,,,,,,,9992.0,28794.0,,,,,15000,72424.0,
24893401,ECPI University-Newport News,Newport News,VA,5,3,0,0,,,,,,,18484.0,18484.0,,,,,13915,42837.0,
24893402,ECPI University-Greensboro,Greensboro,NC,5,3,0,0,,,,,,,18484.0,18484.0,,,,,13915,42837.0,
24893403,ECPI University-Charlotte,Charlotte,NC,5,3,0,0,,,,,,,18484.0,18484.0,,,,,13915,42837.0,
24893404,ECPI University-Greenville,Greenville,SC,5,3,0,0,,,,,,,18484.0,18484.0,,,,,13915,42837.0,
24893405,ECPI University-Manassas,Manassas,VA,5,3,0,0,,,,,,,18484.0,18484.0,,,,,13915,42837.0,
24893406,ECPI University-Charleston,North Charleston,SC,5,3,0,0,,,,,,,18484.0,18484.0,,,,,13915,42837.0,
24893407,ECPI University-Raleigh,Raleigh,NC,5,3,0,0,,,,,,,18484.0,18484.0,,,,,13915,42837.0,
24893408,ECPI University-Columbia,Columbia,SC,5,3,0,0,,,,,,,18484.0,18484.0,,,,,13915,42837.0,
24893410,ECPI University-Culinary Institute of Virginia,Norfolk,VA,5,3,0,0,,,,,,,18484.0,18484.0,,,,,13915,42837.0,
24893411,ECPI University-Virginia Beach Health Sciences,Virginia Beach,VA,5,3,0,0,,,,,,,18484.0,18484.0,,,,,13915,42837.0,
24893412,ECPI University-Richmond South,Richmond,VA,5,3,0,0,,,,,,,18484.0,18484.0,,,,,13915,42837.0,
24893413,ECPI University-Innsbrook,Glen Allen,VA,5,3,0,0,,,,,,,18484.0,18484.0,,,,,13915,42837.0,
24893414,ECPI University-Richmond West,Richmond,VA,5,3,0,0,,,,,,,18484.0,18484.0,,,,,13915,42837.0,
24893415,ECPI University - Roanoke,Roanoke,VA,5,3,0,0,,,,,,,18484.0,18484.0,,,,,13915,42837.0,
24893416,ECPI University - Orlando,Lake Mary,FL,5,3,0,0,,,,,,,22885.0,22885.0,,,,,13915,42837.0,
24893418,ECPI University - San Antonio,San Antonio,TX,6,3,0,0,,,,,,,18484.0,18484.0,,,,,13915,42837.0,
26092901,Paul Mitchell The School Boise -Paul Mitchell The School Coeur d'Alene,Coeur d'Alene,ID,7,3,0,0,,,,,,,,,,,,,9500,25719.0,
36662301,Northwest Technology Center-Fairview,Fairview,OK,6,1,0,0,,,,,,,,,,,,,PS,32501.0,
37321601,Pivot Point Academy -  Wahl Barber Academy,Chicago,IL,3,3,0,0,,,,,,,,,,,,,9833,30453.0,
37369601,Rob Roy Academy - Woonsocket,Woonsocket,RI,1,3,0,0,,,,,,,,,,,,,5500,30033.0,
37669501,College of the Marshall Islands - Kwajalein Campus,Kwajalein Atoll,MH,9,1,0,0,,,,,,,7458.0,8098.0,,,,,PS,,
37727201,Nuvani Institute-Uvalde,Uvalde,TX,6,3,0,0,,,,,,,,,,,,,3862,19484.0,
37728101,Nuvani Institute-Del Rio,Del Rio,TX,6,3,0,0,,,,,,,,,,,,,4242,22354.0,
37728103,Nuvani Institute-South Campus,Austin,TX,6,3,0,0,,,,,,,,,,,,,4242,22354.0,
38430601,Acupuncture and Integrative Medicine College Berkeley - Austin,Austin,TX,6,2,0,0,,,,,,,,,,,,,PS,,
38561901,Everglades University-Orlando,Maitland,FL,5,2,0,0,,,,,,,21680.0,21680.0,,,,,18950,47597.0,
38561902,Everglades University-Sarasota,Sarasota,FL,5,2,0,0,,,,,,,21680.0,21680.0,,,,,18950,47597.0,
38561903,Everglades University - Tampa,Tampa,FL,5,2,0,0,,,,,,,21680.0,21680.0,,,,,18950,47597.0,
38561904,Everglades University - Miami,Miami,FL,5,2,0,0,,,,,,,21680.0,21680.0,,,,,18950,47597.0,
40884401,Florida National University-South Campus,Miami,FL,5,3,0,0,,,,,,,17368.0,17368.0,,,,,16492,33928.0,
40884402,Florida National University Training Center,Hialeah,FL,5,3,0,0,,,,,,,17368.0,17368.0,,,,,16492,33928.0,
41829601,Indian Capital Technology Center-Sallisaw,Sallisaw,OK,6,1,0,0,,,,,,,,,,,,,PS,33208.0,
41829602,Indian Capital Technology Center-Stilwell,Stilwell,OK,6,1,0,0,,,,,,,,,,,,,PS,33208.0,
41829603,Indian Capital Technology Center-Tahlequah,Tahlequah,OK,6,1,0,0,,,,,,,,,,,,,PS,33208.0,
41829604,Indian Capital Technology Center School  District Number 4 - Coweta,Coweta,OK,6,1,0,0,,,,,,,,,,,,,PS,33208.0,
41918301,Central California School of Continuing Education -,Coalinga,CA,8,3,0,0,,,,,,,9895.0,9895.0,,,,,5150,41223.0,
42312001,Compu-Med Vocational Careers Corp,Miami,FL,5,3,0,0,,,,,,,,,,,,,PS,22226.0,
42312002,Compu-Med Vocational Careers - Dallas,Dallas,TX,6,3,0,0,,,,,,,,,,,,,PS,22226.0,
42799101,Osceola Technical College - St. Cloud Campus,St. Cloud,FL,5,1,0,0,,,,,,,,,,,,,PS,38484.0,
42799102,Osceola Technical College - Poinciana Campus,Kissimmee,FL,5,1,0,0,,,,,,,,,,,,,PS,38484.0,
42817001,Southeastern College-Miami Lakes,Miami Lakes,FL,5,3,0,0,,,,,,,24480.0,24480.0,,,,,12039,41200.0,
43482101,Blue Cliff College,Metairie,LA,5,3,0,0,,,,,,,,,,,,,8265,22177.0,
44098901,Career Schools of Texas - Branch Campus #1,Dallas,TX,6,3,0,0,,,,,,,,,,,,,9500,21262.0,
44098902,Career Schools of Texas - Branch Campus #2,Dallas,TX,6,3,0,0,,,,,,,,,,,,,9500,21262.0,
44098904,Career Schools of Texas - Branch Campus #5,Houston,TX,6,3,0,0,,,,,,,,,,,,,9500,21262.0,
44376602,Strayer University-Shelby Oaks Campus,Memphis,TN,5,3,0,0,,,,,,,13920.0,13920.0,,,,,14000,40092.0,
44378403,Strayer University-Center City Campus,Philadelphia,PA,2,3,0,0,,,,,,,13920.0,13920.0,,,,,14000,40092.0,
44473201,Leston College -,Isabela,PR,9,3,0,0,,,,,,,,,,,,,PS,16002.0,
44628801,Paul Mitchell The School Great Lakes - Sarasota,Sarasota,FL,5,3,0,0,,,,,,,,,,,,,8389,16715.0,
44652501,SAE Institute of Technology-New York,New York,NY,2,3,0,0,,,,,,,24072.0,24072.0,,,,,9245,39544.0,
44652502,SAE Institute of Technology-Atlanta,Atlanta,GA,5,3,0,0,,,,,,,18474.0,18474.0,,,,,9245,39544.0,
44652503,SAE Institute of Technology-Miami,North Miami Beach,FL,5,3,0,0,,,,,,,23888.0,23888.0,,,,,9245,39544.0,
44652504,SAE Institute of Technology-Chicago,Chicago,IL,3,3,0,0,,,,,,,17994.0,17994.0,,,,,9245,39544.0,
44784701,Aviator College of Aeronautical Science & Technology -  Kissimmee,Kissimmee,FL,5,3,0,0,,,,,,,16978.0,16978.0,,,,,12000,67739.0,
44867301,Rasmussen University-Aurora,Aurora,IL,3,3,0,0,,,,,,,14078.0,14078.0,,,,,13000,39080.0,
44867302,Rasmussen University-Romeoville/Joliet,Romeoville,IL,3,3,0,0,,,,,,,14078.0,14078.0,,,,,13000,39080.0,
44867303,Rasmussen University-Mokena/Tinley Park,Mokena,IL,3,3,0,0,,,,,,,14078.0,14078.0,,,,,13000,39080.0,
44946301,Academy Di Capelli -,East Hartford,CT,1,3,0,0,,,,,,,,,,,,,6333,,
44948101,Dragon Rises College of Oriental Medicine - Bradenton,Bradenton,FL,5,2,0,0,,,,,,,,,,,,,PS,,
44970001,Dayton School of Medical Massage-Lima,Lima,OH,3,3,0,0,,,,,,,18122.0,18122.0,,,,,9500,31071.0,
44970002,Cincinnati School of Medical Massage,Cincinnati,OH,3,3,0,0,,,,,,,18122.0,18122.0,,,,,9500,31071.0,
44970003,Cleveland Institute of Medical Massage,Middleburg Heights,OH,3,3,0,0,,,,,,,18122.0,18122.0,,,,,9500,31071.0,
44970004,Columbus School of Medical Massage,Dublin,OH,3,3,0,0,,,,,,,18122.0,18122.0,,,,,9500,31071.0,
45057102,Rasmussen University-Wausau,Wausau,WI,3,3,0,0,,,,,,,,,,,,,13000,39080.0,
45098801,Coastline Beauty College - Hemet,Hemet,CA,8,3,0,0,,,,,,,,,,,,,PS,11585.0,
45128201,Elevate Salon Institute,Utica,MI,3,3,0,0,,,,,,,,,,,,,6333,16853.0,
45133401,Academy of Hair Design - Austin,Austin,TX,6,3,0,0,,,,,,,,,,,,,7917,25129.0,
45175002,Bryant & Stratton College-Racine,Mount Pleasant,WI,3,2,0,0,,,,,,,,,,,,,9500,32568.0,
45486501,Cambridge College of Healthcare & Technology,Atlanta,GA,5,3,0,0,,,,,,,18168.0,18168.0,,,,,11125,47792.0,
45486502,Cambridge College of Healthcare & Technology - Miami Gardens,Miami Gardens,FL,5,3,0,0,,,,,,,18168.0,18168.0,,,,,11125,47792.0,
45491701,Celebrity School of Beauty - Hialeah,Hialeah,FL,5,3,0,0,,,,,,,,,,,,,6232,15626.0,
45519601,Jersey College - Tampa,Tampa,FL,5,3,0,0,,,,,,,,,,,,,16010,66087.0,
45519602,Jersey College - Ewing,Ewing,NJ,2,3,0,0,,,,,,,,,,,,,16010,66087.0,
45519603,Jersey College - Jacksonville,Jacksonville,FL,5,3,0,0,,,,,,,,,,,,,16010,66087.0,
45519604,Jersey College - Fort Lauderdale,Sunrise,FL,5,3,0,0,,,,,,,,,,,,,16010,66087.0,
45519605,Jersey College - Largo,Largo,FL,5,3,0,0,,,,,,,,,,,,,16010,66087.0,
45519606,Jersey College - Port Charlotte,Port Charlotte,FL,5,3,0,0,,,,,,,,,,,,,16010,66087.0,
45519607,Jersey College - Fort Wayne,Fort Wayne,IN,3,3,0,0,,,,,,,,,,,,,16010,66087.0,
45519608,Jersey College - Brooksville,Brooksville,FL,5,3,0,0,,,,,,,,,,,,,16010,66087.0,
45519609,Jersey College - Naples,Naples,FL,5,3,0,0,,,,,,,,,,,,,16010,66087.0,
45519610,Jersey College - Cleveland,Cleveland,TN,5,3,0,0,,,,,,,,,,,,,16010,66087.0,
45519611,Jersey College - Melbourne,Melbourne,FL,5,3,0,0,,,,,,,,,,,,,16010,66087.0,
45519612,Jersey College - Scranton,Scranton,PA,2,3,0,0,,,,,,,,,,,,,16010,66087.0,
45519613,Jersey College - Tucson,Tucson,AZ,6,3,0,0,,,,,,,,,,,,,16010,66087.0,
45519614,Jersey College - Knoxville,Knoxville,TN,5,3,0,0,,,,,,,,,,,,,16010,66087.0,
45519615,Jersey College - Jenkintown,Jenkintown,PA,2,3,0,0,,,,,,,,,,,,,16010,66087.0,
45519616,Jersey College - Mesa,Mesa,AZ,6,3,0,0,,,,,,,,,,,,,16010,66087.0,
45519617,Jersey College - Dothan,Dothan,AL,5,3,0,0,,,,,,,,,,,,,16010,66087.0,
45519618,Jersey College - York,York,PA,2,3,0,0,,,,,,,,,,,,,16010,66087.0,
45538101,Utah County Campus,Orem,UT,7,3,0,0,,,,,,,,,,,,,7667,27153.0,
45763301,L'esprit Academy - Southfield,Southfield,MI,3,3,0,0,,,,,,,,,,,,,6333,22440.0,
45891902,Strayer University-Morrow Campus,Morrow,GA,5,3,0,0,,,,,,,13920.0,13920.0,,,,,14000,40092.0,
45891905,Strayer University-Lithonia Campus,Lithonia,GA,5,3,0,0,,,,,,,13920.0,13920.0,,,,,14000,40092.0,
45891907,Strayer University-Augusta Campus,Augusta,GA,5,3,0,0,,,,,,,13920.0,13920.0,,,,,14000,40092.0,
45897303,Strayer University-Northwest Houston,Houston,TX,6,3,0,0,,,,,,,13920.0,13920.0,,,,,14000,40092.0,
45897306,Strayer University-North Dallas,Farmers Branch,TX,6,3,0,0,,,,,,,13920.0,13920.0,,,,,14000,40092.0,
45920401,Unitek College - San Jose,San Jose,CA,8,3,0,0,,,,,,,,,,,,,9769,79550.0,
45920402,Unitek College - Sacramento,Sacramento,CA,8,3,0,0,,,,,,,,,,,,,9769,79550.0,
45920403,Unitek College - Concord,Concord,CA,8,3,0,0,,,,,,,,,,,,,9769,79550.0,
45920404,Unitek College - Bakersfield,Bakersfield,CA,8,3,0,0,,,,,,,,,,,,,9769,79550.0,
45920405,Unitek College - Reno,Reno,NV,8,3,0,0,,,,,,,,,,,,,9769,79550.0,
46171301,Pure Aesthetics Natural Skincare School -  Arizona Holistic Institute,Tucson,AZ,6,3,0,0,,,,,,,,,,,,,6333,,
46182901,Cinta Aveda Institute - San Jose,San Jose,CA,8,3,0,0,,,,,,,,,,,,,5500,34937.0,
47503301,Relay Graduate School of Education - Newark,Newark,NJ,2,2,0,0,,,,,,,,,,,,,PS,,
47503302,Relay Graduate School of Education - New Orleans,New Orleans,LA,5,2,0,0,,,,,,,,,,,,,PS,,
47503303,Relay Graduate School of Education - Delaware,Wilmington,DE,2,2,0,0,,,,,,,,,,,,,PS,,
47503304,Relay Graduate School of Education - Memphis,Memphis,TN,5,2,0,0,,,,,,,,,,,,,PS,,
47503305,Relay Graduate School of Education - Houston,Houston,TX,6,2,0,0,,,,,,,,,,,,,PS,,
47503306,Relay Graduate School of Education - Chicago,Chicago,IL,3,2,0,0,,,,,,,,,,,,,PS,,
47503307,Relay Graduate School of Education - Baton Rouge,Baton Rouge,LA,5,2,0,0,,,,,,,,,,,,,PS,,
47503308,Relay Graduate School of Education - Philadelphia & Camden,Philadelphia,PA,2,2,0,0,,,,,,,,,,,,,PS,,
47503309,Relay Graduate School of Education - Denver,Denver,CO,7,2,0,0,,,,,,,,,,,,,PS,,
47503310,Relay Graduate School of Education - Nashville,Nashville,TN,5,2,0,0,,,,,,,,,,,,,PS,,
47503311,Relay Graduate School of Education - San Antonio,San Antonio,TX,6,2,0,0,,,,,,,,,,,,,PS,,
47503312,Relay Graduate School of Education - Dallas-Fort Worth,Dallas,TX,6,2,0,0,,,,,,,,,,,,,PS,,
47503313,Relay Graduate School of Education - Washington D.C,Washington,DC,2,2,0,0,,,,,,,,,,,,,PS,,
47503314,Relay Graduate School of Education - Atlanta,Atlanta,GA,5,2,0,0,,,,,,,,,,,,,PS,,
47503315,Relay Graduate School of Education - California,San Jose,CA,8,2,0,0,,,,,,,,,,,,,PS,,
47503316,Relay Graduate School of Education - Indiana,Indianapolis,IN,3,2,0,0,,,,,,,,,,,,,PS,,
47503317,Relay Graduate School of Education - Connecticut,New Haven,CT,1,2,0,0,,,,,,,,,,,,,PS,,
47570501,Annenberg School of Nursing -  Los Angeles,Los Angeles,CA,8,2,0,0,,,,,,,,,,,,,14385,,
47662901,Salon Institute - Columbus Campus,Lewis Center,OH,3,3,0,0,,,,,,,,,,,,,9833,,
48065701,Rasmussen University - Overland Park,Overland Park,KS,4,3,0,0,,,,,,,17160.0,17160.0,,,,,13000,39080.0,
48079001,Rocky Vista University - Utah,Ivins,UT,7,3,0,0,,,,,,,,,,,,,,,
48092101,Designer Barber & Stylist School -,Fort Smith,AR,5,3,0,0,,,,,,,,,,,,,10203,,
48100301,MT Training Center - Humble,Humble,TX,6,3,0,0,,,,,,,,,,,,,6755,,
48133101,Sharp Edgez Barber Institute - Buffalo,Buffalo,NY,2,3,0,0,,,,,,,,,,,,,5426,,
48152601,Chrysm Institute of Esthetics (The) - Hampton,Hampton,VA,5,3,0,0,,,,,,,,,,,,,6333,,
48224601,Lynnes Welding Training - Ramsey,Ramsey,MN,4,3,0,0,,,,,,,,,,,,,3385,,
48224602,Lynnes Welding Training-Bismarck,Bismarck,ND,4,3,0,0,,,,,,,,,,,,,3385,,
48325801,Networks Barber College,Chicago,IL,3,3,0,0,,,,,,,,,,,,,15900,,
48379901,East-West Healing Arts Institute - Milwaukee,Shorewood,WI,3,3,0,0,,,,,,,,,,,,,8444,,
48387801,Bay Area Medical Academy - San Jose Satellite Location,San Jose,CA,8,3,0,0,,,,,,,,,,,,,8291,,
48400201,High Desert Medical College - Bakerfield,Bakersfield,CA,8,3,0,0,,,,,,,,,,,,,9500,,
48400202,High Desert Medical College - Temecula,Temecula,CA,8,3,0,0,,,,,,,,,,,,,9500,,
48486201,University of West Los Angeles - Chatsworth,Woodland Hills,CA,8,3,0,0,,,,,,,,,,,,,,,
48511103,Georgia Military College - Valdosta,Valdosta,GA,5,1,0,0,,,,,,,8112.0,8112.0,,,,,5500,39257.0,
48511104,Georgia Military College - Augusta,Martinez,GA,5,1,0,0,,,,,,,8112.0,8112.0,,,,,5500,39257.0,
48511105,Georgia Military College - Fairburn,Fairburn,GA,5,1,0,0,,,,,,,8112.0,8112.0,,,,,5500,39257.0,
48511106,Georgia Military College - Robins,Warner Robins,GA,5,1,0,0,,,,,,,8112.0,8112.0,,,,,5500,39257.0,
48511107,Georgia Military College - Columbus,Columbus,GA,5,1,0,0,,,,,,,8112.0,8112.0,,,,,5500,39257.0,
48511109,Georgia Military College - Madison,Madison,GA,5,1,0,0,,,,,,,8112.0,8112.0,,,,,5500,39257.0,
48511112,Georgia Military College - Dublin,Dublin,GA,5,1,0,0,,,,,,,8112.0,8112.0,,,,,5500,39257.0,
48511113,Georgia Military College - Rockdale,Conyers,GA,5,1,0,0,,,,,,,8112.0,8112.0,,,,,5500,39257.0,
48616901,American College of Barbering - Florence,Florence,KY,5,3,0,0,,,,,,,,,,,,,9399,,
48839601,Phipps Academy of Barbering - Bradley,Bradley,IL,3,3,0,0,,,,,,,,,,,,,6556,,
48891601,Alabama School of Nail Technology & Cosmetology - Saraland,Saraland,AL,5,3,0,0,,,,,,,,,,,,,16500,,
49005401,HCI College - Fort Lauderdale Campus,Fort Lauderdale,FL,5,3,0,0,,,,,,,20838.0,20838.0,,,,,18312,,
49010601,Virginia University of Integrative Medicine - New Jersey,Ridgefield,NJ,2,2,0,0,,,,,,,,,,,,,,,
49010602,Virginia University of Integrative Medicine - Georgia,Duluth,GA,5,2,0,0,,,,,,,,,,,,,,,
49146401,ABC Adult School - Cabrillo Lane,Cerritos,CA,8,1,0,0,,,,,,,,,,,,,PS,,
49158901,Mystros Barber Academy - Missouri City,Missouri City,TX,6,2,0,0,,,,,,,,,,,,,7959,,
49175601,Urban Barber College - San Jose,San Jose,CA,8,3,0,0,,,,,,,,,,,,,9855,,
49175602,Urban Barber College -  Modesto,Modesto,CA,8,3,0,0,,,,,,,,,,,,,9855,,
49178301,Wilton Simpson Technical College,Brooksville,FL,5,1,0,0,,,,,,,,,,,,,PS,,
49362801,Pro Beauty Academy (The) -  Kenilworth,Kenilworth,NJ,2,3,0,0,,,,,,,,,,,,,4750,,
49382201,College Unbound - Newport/Aquidneck Island,Newport,RI,1,2,0,0,,,,,,,11016.0,11016.0,,,,,7690,,
49425001,Valley College - Fairlawn - School of Nursing,Fairlawn,OH,3,2,0,0,,,,,,,,,,,,,9418,24900.0,
49501301,Western Maricopa Education Center - Southwest Campus,Buckeye,AZ,6,1,0,0,,,,,,,,,,,,,PS,,
49501302,Western Maricopa Education Center - Northeast Campus,Phoenix,AZ,6,1,0,0,,,,,,,,,,,,,PS,,
49501303,Western Maricopa Education Center - Northwest Campus,Surprise,AZ,6,1,0,0,,,,,,,,,,,,,PS,,
49664501,Burlington County Institute of Technology - Adult Education -,Medford,NJ,2,1,0,0,,,,,,,,,,,,,,,
